<?xml version="1.0" encoding="UTF-8"?>
<kml xmlns="http://www.opengis.net/kml/2.2">
  <Document>
    <name>Diskominfo Network Asets</name>
    <description><![CDATA[Aset Infrastruktur dan Obyek Jaringan <br>Dinas Komunikasi dan Informatika Kabupaten Sukoharjo]]></description>
    <Style id="icon-1899-0288D1-normal">
      <IconStyle>
        <color>ffd18802</color>
        <scale>1</scale>
        <Icon>
          <href>https://www.gstatic.com/mapspro/images/stock/503-wht-blank_maps.png</href>
        </Icon>
        <hotSpot x="32" xunits="pixels" y="64" yunits="insetPixels"/>
      </IconStyle>
      <LabelStyle>
        <scale>0</scale>
      </LabelStyle>
    </Style>
    <Style id="icon-1899-0288D1-highlight">
      <IconStyle>
        <color>ffd18802</color>
        <scale>1</scale>
        <Icon>
          <href>https://www.gstatic.com/mapspro/images/stock/503-wht-blank_maps.png</href>
        </Icon>
        <hotSpot x="32" xunits="pixels" y="64" yunits="insetPixels"/>
      </IconStyle>
      <LabelStyle>
        <scale>1</scale>
      </LabelStyle>
    </Style>
    <StyleMap id="icon-1899-0288D1">
      <Pair>
        <key>normal</key>
        <styleUrl>#icon-1899-0288D1-normal</styleUrl>
      </Pair>
      <Pair>
        <key>highlight</key>
        <styleUrl>#icon-1899-0288D1-highlight</styleUrl>
      </Pair>
    </StyleMap>
    <Style id="icon-1899-DB4436-normal">
      <IconStyle>
        <color>ff3644db</color>
        <scale>1</scale>
        <Icon>
          <href>https://www.gstatic.com/mapspro/images/stock/503-wht-blank_maps.png</href>
        </Icon>
        <hotSpot x="32" xunits="pixels" y="64" yunits="insetPixels"/>
      </IconStyle>
      <LabelStyle>
        <scale>0</scale>
      </LabelStyle>
    </Style>
    <Style id="icon-1899-DB4436-highlight">
      <IconStyle>
        <color>ff3644db</color>
        <scale>1</scale>
        <Icon>
          <href>https://www.gstatic.com/mapspro/images/stock/503-wht-blank_maps.png</href>
        </Icon>
        <hotSpot x="32" xunits="pixels" y="64" yunits="insetPixels"/>
      </IconStyle>
      <LabelStyle>
        <scale>1</scale>
      </LabelStyle>
    </Style>
    <StyleMap id="icon-1899-DB4436">
      <Pair>
        <key>normal</key>
        <styleUrl>#icon-1899-DB4436-normal</styleUrl>
      </Pair>
      <Pair>
        <key>highlight</key>
        <styleUrl>#icon-1899-DB4436-highlight</styleUrl>
      </Pair>
    </StyleMap>
    <Style id="line-004DA8-4000-normal">
      <LineStyle>
        <color>ffa84d00</color>
        <width>4</width>
      </LineStyle>
    </Style>
    <Style id="line-004DA8-4000-highlight">
      <LineStyle>
        <color>ffa84d00</color>
        <width>6</width>
      </LineStyle>
    </Style>
    <StyleMap id="line-004DA8-4000">
      <Pair>
        <key>normal</key>
        <styleUrl>#line-004DA8-4000-normal</styleUrl>
      </Pair>
      <Pair>
        <key>highlight</key>
        <styleUrl>#line-004DA8-4000-highlight</styleUrl>
      </Pair>
    </StyleMap>
    <Style id="line-4CE600-2000-normal">
      <LineStyle>
        <color>ff00e64c</color>
        <width>2</width>
      </LineStyle>
    </Style>
    <Style id="line-4CE600-2000-highlight">
      <LineStyle>
        <color>ff00e64c</color>
        <width>3</width>
      </LineStyle>
    </Style>
    <StyleMap id="line-4CE600-2000">
      <Pair>
        <key>normal</key>
        <styleUrl>#line-4CE600-2000-normal</styleUrl>
      </Pair>
      <Pair>
        <key>highlight</key>
        <styleUrl>#line-4CE600-2000-highlight</styleUrl>
      </Pair>
    </StyleMap>
    <Style id="line-73DFFF-2000-normal">
      <LineStyle>
        <color>ffffdf73</color>
        <width>2</width>
      </LineStyle>
    </Style>
    <Style id="line-73DFFF-2000-highlight">
      <LineStyle>
        <color>ffffdf73</color>
        <width>3</width>
      </LineStyle>
    </Style>
    <StyleMap id="line-73DFFF-2000">
      <Pair>
        <key>normal</key>
        <styleUrl>#line-73DFFF-2000-normal</styleUrl>
      </Pair>
      <Pair>
        <key>highlight</key>
        <styleUrl>#line-73DFFF-2000-highlight</styleUrl>
      </Pair>
    </StyleMap>
    <Style id="line-A900E6-4000-normal">
      <LineStyle>
        <color>ffe600a9</color>
        <width>4</width>
      </LineStyle>
    </Style>
    <Style id="line-A900E6-4000-highlight">
      <LineStyle>
        <color>ffe600a9</color>
        <width>6</width>
      </LineStyle>
    </Style>
    <StyleMap id="line-A900E6-4000">
      <Pair>
        <key>normal</key>
        <styleUrl>#line-A900E6-4000-normal</styleUrl>
      </Pair>
      <Pair>
        <key>highlight</key>
        <styleUrl>#line-A900E6-4000-highlight</styleUrl>
      </Pair>
    </StyleMap>
    <Style id="line-A900E6-6000-normal">
      <LineStyle>
        <color>ffe600a9</color>
        <width>6</width>
      </LineStyle>
    </Style>
    <Style id="line-A900E6-6000-highlight">
      <LineStyle>
        <color>ffe600a9</color>
        <width>9</width>
      </LineStyle>
    </Style>
    <StyleMap id="line-A900E6-6000">
      <Pair>
        <key>normal</key>
        <styleUrl>#line-A900E6-6000-normal</styleUrl>
      </Pair>
      <Pair>
        <key>highlight</key>
        <styleUrl>#line-A900E6-6000-highlight</styleUrl>
      </Pair>
    </StyleMap>
    <Style id="line-FF5500-7000-normal">
      <LineStyle>
        <color>ff0055ff</color>
        <width>7</width>
      </LineStyle>
    </Style>
    <Style id="line-FF5500-7000-highlight">
      <LineStyle>
        <color>ff0055ff</color>
        <width>10.5</width>
      </LineStyle>
    </Style>
    <StyleMap id="line-FF5500-7000">
      <Pair>
        <key>normal</key>
        <styleUrl>#line-FF5500-7000-normal</styleUrl>
      </Pair>
      <Pair>
        <key>highlight</key>
        <styleUrl>#line-FF5500-7000-highlight</styleUrl>
      </Pair>
    </StyleMap>
    <Folder>
      <name>JALUR - Layer Legenda</name>
      <Placemark>
        <name>Upper Left</name>
      </Placemark>
      <Placemark>
        <name>Upper Center</name>
      </Placemark>
      <Placemark>
        <name>Upper Right</name>
      </Placemark>
      <Placemark>
        <name>Center Left</name>
      </Placemark>
      <Placemark>
        <name>Center</name>
      </Placemark>
      <Placemark>
        <name>Center Right</name>
      </Placemark>
      <Placemark>
        <name>Lower Left</name>
      </Placemark>
      <Placemark>
        <name>Lower Center</name>
      </Placemark>
      <Placemark>
        <name>Lower Right</name>
      </Placemark>
    </Folder>
    <Folder>
      <name>Lokasi_Tersambung_Tahap_1</name>
      <Placemark>
        <name>GEDUNG WIJAYA</name>
        <description><![CDATA[GEDUNG WIJAYA <br> <br> FID 0 <br> OID_ 0 <br> Name GEDUNG WIJAYA <br> FolderPath PEMKAB SUKOHARJO FIX <br> Fungsi OLT]]></description>
        <styleUrl>#icon-1899-0288D1</styleUrl>
        <Point>
          <coordinates>
            110.836155,-7.665356,0
          </coordinates>
        </Point>
      </Placemark>
      <Placemark>
        <name>CLOSURE DELTA MERLIN</name>
        <description><![CDATA[CLOSURE DELTA MERLIN    <br>       <br>   FID   1    <br>   OID_   0    <br>   Name   CLOSURE DELTA MERLIN    <br>   FolderPath   PEMKAB SUKOHARJO FIX/GEDUNG WIJAYA TO CLOSURE DELTA MERLIN    <br>   Fungsi   Closure]]></description>
        <styleUrl>#icon-1899-0288D1</styleUrl>
        <Point>
          <coordinates>
            110.828131,-7.636323,0
          </coordinates>
        </Point>
      </Placemark>
      <Placemark>
        <name>CLOSURE TELUKAN</name>
        <description><![CDATA[CLOSURE TELUKAN    <br>       <br>   FID   2    <br>   OID_   0    <br>   Name   CLOSURE TELUKAN    <br>   FolderPath   PEMKAB SUKOHARJO FIX/CLOSURE DELTA MERLIN TO CLOSURE TELUKAN    <br>   Fungsi   Closure]]></description>
        <styleUrl>#icon-1899-0288D1</styleUrl>
        <Point>
          <coordinates>
            110.821799,-7.621952,0
          </coordinates>
        </Point>
      </Placemark>
      <Placemark>
        <name>ODP KANTOR DESA TELUKAN</name>
        <description><![CDATA[ODP KANTOR DESA TELUKAN    <br>       <br>   FID   3    <br>   OID_   0    <br>   Name   ODP KANTOR DESA TELUKAN    <br>   FolderPath   PEMKAB SUKOHARJO FIX/CLOSURE TELUKAN TO ODP KEL TELUKAN    <br>   Fungsi   ODP]]></description>
        <styleUrl>#icon-1899-0288D1</styleUrl>
        <Point>
          <coordinates>
            110.821081,-7.620188,0
          </coordinates>
        </Point>
      </Placemark>
      <Placemark>
        <name>ODP PUSKESMAS GROGOL</name>
        <description><![CDATA[ODP PUSKESMAS GROGOL    <br>       <br>   FID   4    <br>   OID_   0    <br>   Name   ODP PUSKESMAS GROGOL    <br>   FolderPath   PEMKAB SUKOHARJO FIX/CLOSURE BACEM TO PUSKESMAS GROGOL    <br>   Fungsi   ODP]]></description>
        <styleUrl>#icon-1899-0288D1</styleUrl>
        <Point>
          <coordinates>
            110.819385,-7.600329,0
          </coordinates>
        </Point>
      </Placemark>
      <Placemark>
        <name>CLOSURE TEGALMADE</name>
        <description><![CDATA[CLOSURE TEGALMADE    <br>       <br>   FID   5    <br>   OID_   0    <br>   Name   CLOSURE TEGALMADE    <br>   FolderPath   PEMKAB SUKOHARJO FIX/CLOSURE TELUKAN TO CLOSURE TEGALMADE    <br>   Fungsi   Closure]]></description>
        <styleUrl>#icon-1899-0288D1</styleUrl>
        <Point>
          <coordinates>
            110.851539,-7.627442,0
          </coordinates>
        </Point>
      </Placemark>
      <Placemark>
        <name>CLOSURE BEKONANG</name>
        <description><![CDATA[CLOSURE BEKONANG    <br>       <br>   FID   6    <br>   OID_   0    <br>   Name   CLOSURE BEKONANG    <br>   FolderPath   PEMKAB SUKOHARJO FIX/CLOSURE TELUKAN TO CLOSURE TEGALMADE    <br>   Fungsi   Closure]]></description>
        <styleUrl>#icon-1899-0288D1</styleUrl>
        <Point>
          <coordinates>
            110.871552,-7.613948,0
          </coordinates>
        </Point>
      </Placemark>
      <Placemark>
        <name>ODP SIMPANG MOJOLABAN</name>
        <description><![CDATA[ODP SIMPANG MOJOLABAN    <br>       <br>   FID   7    <br>   OID_   0    <br>   Name   ODP SIMPANG MOJOLABAN    <br>   FolderPath   PEMKAB SUKOHARJO FIX/CLOSURE TEGALMADE TO ODP SIMPANG MOJOLABAN    <br>   Fungsi   ODP]]></description>
        <styleUrl>#icon-1899-0288D1</styleUrl>
        <Point>
          <coordinates>
            110.873381,-7.609545,0
          </coordinates>
        </Point>
      </Placemark>
      <Placemark>
        <name>ODP PASAR POLOKARTO</name>
        <description><![CDATA[ODP PASAR POLOKARTO    <br>       <br>   FID   8    <br>   OID_   0    <br>   Name   ODP PASAR POLOKARTO    <br>   FolderPath   PEMKAB SUKOHARJO FIX/ODP SIMPANG TUGU MOJOLABAN TO ODP PASAR POLOKARTO    <br>   Fungsi   ODP]]></description>
        <styleUrl>#icon-1899-0288D1</styleUrl>
        <Point>
          <coordinates>
            110.893965,-7.625691,0
          </coordinates>
        </Point>
      </Placemark>
      <Placemark>
        <name>CLOSURE POLOKARTO</name>
        <description><![CDATA[CLOSURE POLOKARTO    <br>       <br>   FID   9    <br>   OID_   0    <br>   Name   CLOSURE POLOKARTO    <br>   FolderPath   PEMKAB SUKOHARJO FIX/ODP SIMPANG TUGU MOJOLABAN TO ODP PASAR POLOKARTO    <br>   Fungsi   Closure]]></description>
        <styleUrl>#icon-1899-0288D1</styleUrl>
        <Point>
          <coordinates>
            110.893395,-7.622834,0
          </coordinates>
        </Point>
      </Placemark>
      <Placemark>
        <name>ODP SIMPANG PANDAWA</name>
        <description><![CDATA[ODP SIMPANG PANDAWA    <br>       <br>   FID   10    <br>   OID_   0    <br>   Name   ODP SIMPANG PANDAWA    <br>   FolderPath   PEMKAB SUKOHARJO FIX/CLOSURE BACEM TO ODP SIMPANG PANDAWA    <br>   Fungsi   ODP]]></description>
        <styleUrl>#icon-1899-0288D1</styleUrl>
        <Point>
          <coordinates>
            110.811065,-7.608299,0
          </coordinates>
        </Point>
      </Placemark>
      <Placemark>
        <name>CLOSURE BACEM</name>
        <description><![CDATA[CLOSURE BACEM    <br>       <br>   FID   11    <br>   OID_   0    <br>   Name   CLOSURE BACEM    <br>   FolderPath   PEMKAB SUKOHARJO FIX/CLOSURE BACEM TO ODP SIMPANG PANDAWA    <br>   Fungsi   Closure]]></description>
        <styleUrl>#icon-1899-0288D1</styleUrl>
        <Point>
          <coordinates>
            110.818928,-7.611969,0
          </coordinates>
        </Point>
      </Placemark>
      <Placemark>
        <name>ODP SIMPANG KADILANGU</name>
        <description><![CDATA[ODP SIMPANG KADILANGU    <br>       <br>   FID   12    <br>   OID_   0    <br>   Name   ODP SIMPANG KADILANGU    <br>   FolderPath   PEMKAB SUKOHARJO FIX/ODP SIMPANG PANDAWA TO ODP SIMPANG KADILANGU    <br>   Fungsi   ODP]]></description>
        <styleUrl>#icon-1899-0288D1</styleUrl>
        <Point>
          <coordinates>
            110.789554,-7.606186,0
          </coordinates>
        </Point>
      </Placemark>
      <Placemark>
        <name>CLOSURE TUGU LILIN GAWOK</name>
        <description><![CDATA[CLOSURE TUGU LILIN GAWOK    <br>       <br>   FID   13    <br>   OID_   0    <br>   Name   CLOSURE TUGU LILIN GAWOK    <br>   FolderPath   PEMKAB SUKOHARJO FIX/ODP KADILANGU TO CLOSURE TUGU LILIN GAWOK    <br>   Fungsi   Closure]]></description>
        <styleUrl>#icon-1899-0288D1</styleUrl>
        <Point>
          <coordinates>
            110.757485,-7.599723,0
          </coordinates>
        </Point>
      </Placemark>
      <Placemark>
        <name>ODP KEC GATAK</name>
        <description><![CDATA[ODP KEC GATAK    <br>       <br>   FID   14    <br>   OID_   0    <br>   Name   ODP KEC GATAK    <br>   FolderPath   PEMKAB SUKOHARJO FIX/CLOSURE TUGU LILIN GAWOK TO ODP KEC GATAK    <br>   Fungsi   ODP]]></description>
        <styleUrl>#icon-1899-0288D1</styleUrl>
        <Point>
          <coordinates>
            110.745017,-7.591039,0
          </coordinates>
        </Point>
      </Placemark>
      <Placemark>
        <name>CROSS</name>
        <description><![CDATA[CROSS    <br>       <br>   FID   15    <br>   OID_   0    <br>   Name   CROSS    <br>   FolderPath   PEMKAB SUKOHARJO FIX/KEC GATAK TO CLOSURE KP ROTAN    <br>   Fungsi   Cross]]></description>
        <styleUrl>#icon-1899-0288D1</styleUrl>
        <Point>
          <coordinates>
            110.751289,-7.584449,0
          </coordinates>
        </Point>
      </Placemark>
      <Placemark>
        <name>CROSS</name>
        <description><![CDATA[CROSS    <br>       <br>   FID   16    <br>   OID_   0    <br>   Name   CROSS    <br>   FolderPath   PEMKAB SUKOHARJO FIX/KEC GATAK TO CLOSURE KP ROTAN    <br>   Fungsi   Cross]]></description>
        <styleUrl>#icon-1899-0288D1</styleUrl>
        <Point>
          <coordinates>
            110.751554,-7.584731,0
          </coordinates>
        </Point>
      </Placemark>
      <Placemark>
        <name>CLOSURE KP ROTAN</name>
        <description><![CDATA[CLOSURE KP ROTAN    <br>       <br>   FID   17    <br>   OID_   0    <br>   Name   CLOSURE KP ROTAN    <br>   FolderPath   PEMKAB SUKOHARJO FIX/KEC GATAK TO CLOSURE KP ROTAN    <br>   Fungsi   Closure]]></description>
        <styleUrl>#icon-1899-0288D1</styleUrl>
        <Point>
          <coordinates>
            110.740342,-7.581815,0
          </coordinates>
        </Point>
      </Placemark>
      <Placemark>
        <name>CLOSURE ALKAUTSAR</name>
        <description><![CDATA[CLOSURE ALKAUTSAR    <br>       <br>   FID   18    <br>   OID_   0    <br>   Name   CLOSURE ALKAUTSAR    <br>   FolderPath   PEMKAB SUKOHARJO FIX/CLOSURE KP ROTAN TO CLOSURE AL KAUTSAR    <br>   Fungsi   Closure]]></description>
        <styleUrl>#icon-1899-0288D1</styleUrl>
        <Point>
          <coordinates>
            110.741543,-7.555096,0
          </coordinates>
        </Point>
      </Placemark>
      <Placemark>
        <name>ODP SIMPANG KARTOSURO</name>
        <description><![CDATA[ODP SIMPANG KARTOSURO    <br>       <br>   FID   19    <br>   OID_   0    <br>   Name   ODP SIMPANG KARTOSURO    <br>   FolderPath   PEMKAB SUKOHARJO FIX/CLOSURE AL KAUTSAR TO ODP SIMPANG KARTOSURO    <br>   Fungsi   ODP]]></description>
        <styleUrl>#icon-1899-0288D1</styleUrl>
        <Point>
          <coordinates>
            110.742162,-7.552468,0
          </coordinates>
        </Point>
      </Placemark>
      <Placemark>
        <name>ODP KEC KARTOSURO</name>
        <description><![CDATA[ODP KEC KARTOSURO    <br>       <br>   FID   20    <br>   OID_   0    <br>   Name   ODP KEC KARTOSURO    <br>   FolderPath   PEMKAB SUKOHARJO FIX/ODP SIMPANG KARTOSURO TO ODP KEC KARTOSURO    <br>   Fungsi   ODP]]></description>
        <styleUrl>#icon-1899-0288D1</styleUrl>
        <Point>
          <coordinates>
            110.743815,-7.547136,0
          </coordinates>
        </Point>
      </Placemark>
      <Placemark>
        <name>ODP SIMPANG 4 UNIVET</name>
        <description><![CDATA[ODP SIMPANG 4 UNIVET    <br>       <br>   FID   21    <br>   OID_   0    <br>   Name   ODP SIMPANG 4 UNIVET    <br>   FolderPath   PEMKAB SUKOHARJO FIX/GEDUNG WIJAYA TO CLOSURE JETIS    <br>   Fungsi   ODP]]></description>
        <styleUrl>#icon-1899-0288D1</styleUrl>
        <Point>
          <coordinates>
            110.836865,-7.66617,0
          </coordinates>
        </Point>
      </Placemark>
      <Placemark>
        <name>CLOSURE SIMPANG JETIS</name>
        <description><![CDATA[CLOSURE SIMPANG JETIS    <br>       <br>   FID   22    <br>   OID_   0    <br>   Name   CLOSURE SIMPANG JETIS    <br>   FolderPath   PEMKAB SUKOHARJO FIX/GEDUNG WIJAYA TO CLOSURE JETIS    <br>   Fungsi   Closure]]></description>
        <styleUrl>#icon-1899-0288D1</styleUrl>
        <Point>
          <coordinates>
            110.832129,-7.681376,0
          </coordinates>
        </Point>
      </Placemark>
      <Placemark>
        <name>ODP PASAR CUPLIK</name>
        <description><![CDATA[ODP PASAR CUPLIK    <br>       <br>   FID   23    <br>   OID_   0    <br>   Name   ODP PASAR CUPLIK    <br>   FolderPath   PEMKAB SUKOHARJO FIX/CLOSURE SIMPANG JETIS TO ODP PASAR CUPLIK    <br>   Fungsi   ODP]]></description>
        <styleUrl>#icon-1899-0288D1</styleUrl>
        <Point>
          <coordinates>
            110.797709,-7.677167,0
          </coordinates>
        </Point>
      </Placemark>
      <Placemark>
        <name>ODP TAMAN WIJAYA KUSUMA</name>
        <description><![CDATA[ODP TAMAN WIJAYA KUSUMA    <br>       <br>   FID   24    <br>   OID_   0    <br>   Name   ODP TAMAN WIJAYA KUSUMA    <br>   FolderPath   PEMKAB SUKOHARJO FIX/ODP PASAR CUPLIK TO ODP TAMAN WIJAYA    <br>   Fungsi   ODP]]></description>
        <styleUrl>#icon-1899-0288D1</styleUrl>
        <Point>
          <coordinates>
            110.79868,-7.64876,0
          </coordinates>
        </Point>
      </Placemark>
      <Placemark>
        <name>CLOSURE KENEP</name>
        <description><![CDATA[CLOSURE KENEP    <br>       <br>   FID   25    <br>   OID_   0    <br>   Name   CLOSURE KENEP    <br>   FolderPath   PEMKAB SUKOHARJO FIX/CLOSURE JETIS TO CLOSURE KENEP    <br>   Fungsi   Closure]]></description>
        <styleUrl>#icon-1899-0288D1</styleUrl>
        <Point>
          <coordinates>
            110.816347,-7.711358,0
          </coordinates>
        </Point>
      </Placemark>
      <Placemark>
        <name>CLOSURE TENGKLIK</name>
        <description><![CDATA[CLOSURE TENGKLIK    <br>       <br>   FID   26    <br>   OID_   0    <br>   Name   CLOSURE TENGKLIK    <br>   FolderPath   PEMKAB SUKOHARJO FIX/ODP KEC TW SARI TO CLOSURE TENGKLIK    <br>   Fungsi   Closure]]></description>
        <styleUrl>#icon-1899-0288D1</styleUrl>
        <Point>
          <coordinates>
            110.767551,-7.746233,0
          </coordinates>
        </Point>
      </Placemark>
      <Placemark>
        <name>ODP KEC WERU</name>
        <description><![CDATA[ODP KEC WERU    <br>       <br>   FID   27    <br>   OID_   0    <br>   Name   ODP KEC WERU    <br>   FolderPath   PEMKAB SUKOHARJO FIX/CLOSURE TENGKLIK TO ODP KEC WERU    <br>   Fungsi   ODP]]></description>
        <styleUrl>#icon-1899-0288D1</styleUrl>
        <Point>
          <coordinates>
            110.759991,-7.759377,0
          </coordinates>
        </Point>
      </Placemark>
      <Placemark>
        <name>CLOSURE NGUTRAN</name>
        <description><![CDATA[CLOSURE NGUTRAN    <br>       <br>   FID   28    <br>   OID_   0    <br>   Name   CLOSURE NGUTRAN    <br>   FolderPath   PEMKAB SUKOHARJO FIX/ODP TW SARI TO CLOSURE NGUTRAN    <br>   Fungsi   Closure]]></description>
        <styleUrl>#icon-1899-0288D1</styleUrl>
        <Point>
          <coordinates>
            110.814139,-7.753317,0
          </coordinates>
        </Point>
      </Placemark>
      <Placemark>
        <name>ODP KEC TAWANGSARI</name>
        <description><![CDATA[ODP KEC TAWANGSARI    <br>       <br>   FID   29    <br>   OID_   0    <br>   Name   ODP KEC TAWANGSARI    <br>   FolderPath   PEMKAB SUKOHARJO FIX/ODP TW SARI TO CLOSURE NGUTRAN    <br>   Fungsi   ODP]]></description>
        <styleUrl>#icon-1899-0288D1</styleUrl>
        <Point>
          <coordinates>
            110.79711,-7.734998,0
          </coordinates>
        </Point>
      </Placemark>
      <Placemark>
        <name>ODP KEC BULU</name>
        <description><![CDATA[ODP KEC BULU    <br>       <br>   FID   30    <br>   OID_   0    <br>   Name   ODP KEC BULU    <br>   FolderPath   PEMKAB SUKOHARJO FIX/CLOSURE NGUTRAN TO ODP KEC BULU    <br>   Fungsi   ODP]]></description>
        <styleUrl>#icon-1899-0288D1</styleUrl>
        <Point>
          <coordinates>
            110.833034,-7.765163,0
          </coordinates>
        </Point>
      </Placemark>
      <Placemark>
        <name>ODP SIMPANG TENTARA PELAJAR</name>
        <description><![CDATA[ODP SIMPANG TENTARA PELAJAR    <br>       <br>   FID   31    <br>   OID_   0    <br>   Name   ODP SIMPANG TENTARA PELAJAR    <br>   FolderPath   PEMKAB SUKOHARJO FIX/GEDUNG WIJAYA TO TENTARA PELAJAR TO DINAS KERSIPAN TO DINAS SOSIAL/GEDUNG WIJAYA TO ODP TENTARA PELAJAR    <br>   Fungsi   ODP]]></description>
        <styleUrl>#icon-1899-0288D1</styleUrl>
        <Point>
          <coordinates>
            110.839258,-7.672807,0
          </coordinates>
        </Point>
      </Placemark>
      <Placemark>
        <name>ODP DINAS KEARSIPAN PERPUSTAKAAN</name>
        <description><![CDATA[ODP DINAS KEARSIPAN PERPUSTAKAAN    <br>       <br>   FID   32    <br>   OID_   0    <br>   Name   ODP DINAS KEARSIPAN PERPUSTAKAAN    <br>   FolderPath   PEMKAB SUKOHARJO FIX/GEDUNG WIJAYA TO TENTARA PELAJAR TO DINAS KERSIPAN TO DINAS SOSIAL/ODP TENTARA PELAJAR TO ODP DINAS KEARSIPAN    <br>   Fungsi   ODP]]></description>
        <styleUrl>#icon-1899-0288D1</styleUrl>
        <Point>
          <coordinates>
            110.843232,-7.683321,0
          </coordinates>
        </Point>
      </Placemark>
      <Placemark>
        <name>ODP DINAS SOSIAL</name>
        <description><![CDATA[ODP DINAS SOSIAL    <br>       <br>   FID   33    <br>   OID_   0    <br>   Name   ODP DINAS SOSIAL    <br>   FolderPath   PEMKAB SUKOHARJO FIX/GEDUNG WIJAYA TO TENTARA PELAJAR TO DINAS KERSIPAN TO DINAS SOSIAL/ODP DINAS KEARSIPAN TO ODP DINAS SOSIAL    <br>   Fungsi   ODP]]></description>
        <styleUrl>#icon-1899-0288D1</styleUrl>
        <Point>
          <coordinates>
            110.833261,-7.681471,0
          </coordinates>
        </Point>
      </Placemark>
      <Placemark>
        <name>ODP DINAS KESEHATAN</name>
        <description><![CDATA[ODP DINAS KESEHATAN    <br>       <br>   FID   34    <br>   OID_   0    <br>   Name   ODP DINAS KESEHATAN    <br>   FolderPath   PEMKAB SUKOHARJO FIX/DINAS KEARSIPAN TO DINAS KESEHATAN TO POLSEK BENDOSARI/ODP DINAS KEARSIPAN TO ODP DINAS KESEHATAN    <br>   Fungsi   ODP]]></description>
        <styleUrl>#icon-1899-0288D1</styleUrl>
        <Point>
          <coordinates>
            110.850029,-7.68467,0
          </coordinates>
        </Point>
      </Placemark>
      <Placemark>
        <name>ODP POLSEK BENDOSARI</name>
        <description><![CDATA[ODP POLSEK BENDOSARI    <br>       <br>   FID   35    <br>   OID_   0    <br>   Name   ODP POLSEK BENDOSARI    <br>   FolderPath   PEMKAB SUKOHARJO FIX/DINAS KEARSIPAN TO DINAS KESEHATAN TO POLSEK BENDOSARI/ODP DINAS KESEHATAN TO ODP POLSEK BENDOSARI    <br>   Fungsi   ODP]]></description>
        <styleUrl>#icon-1899-0288D1</styleUrl>
        <Point>
          <coordinates>
            110.873746,-7.692157,0
          </coordinates>
        </Point>
      </Placemark>
      <Placemark>
        <name>ODP KELURAHAN BEGAJAH</name>
        <description><![CDATA[ODP KELURAHAN BEGAJAH    <br>       <br>   FID   36    <br>   OID_   0    <br>   Name   ODP KELURAHAN BEGAJAH    <br>   FolderPath   PEMKAB SUKOHARJO FIX/ODP DINAS KEARSIPAN TO ODP BEGAJAH    <br>   Fungsi   ODP]]></description>
        <styleUrl>#icon-1899-0288D1</styleUrl>
        <Point>
          <coordinates>
            110.854694,-7.703848,0
          </coordinates>
        </Point>
      </Placemark>
      <Placemark>
        <name>CLOSURE BEGAJAH</name>
        <description><![CDATA[CLOSURE BEGAJAH    <br>       <br>   FID   37    <br>   OID_   0    <br>   Name   CLOSURE BEGAJAH    <br>   FolderPath   PEMKAB SUKOHARJO FIX/ODP KEL BEGAJAH TO CLOSURE SONGGORUNGGI    <br>   Fungsi   Closure]]></description>
        <styleUrl>#icon-1899-0288D1</styleUrl>
        <Point>
          <coordinates>
            110.86038,-7.712874,0
          </coordinates>
        </Point>
      </Placemark>
      <Placemark>
        <name>CLOSURE SONGGORUNGGI</name>
        <description><![CDATA[CLOSURE SONGGORUNGGI    <br>       <br>   FID   38    <br>   OID_   0    <br>   Name   CLOSURE SONGGORUNGGI    <br>   FolderPath   PEMKAB SUKOHARJO FIX/ODP KEL BEGAJAH TO CLOSURE SONGGORUNGGI    <br>   Fungsi   Closure]]></description>
        <styleUrl>#icon-1899-0288D1</styleUrl>
        <Point>
          <coordinates>
            110.862802,-7.717729,0
          </coordinates>
        </Point>
      </Placemark>
      <Placemark>
        <name>ODP KANTOR DESA NGUTER</name>
        <description><![CDATA[ODP KANTOR DESA NGUTER    <br>       <br>   FID   39    <br>   OID_   0    <br>   Name   ODP KANTOR DESA NGUTER    <br>   FolderPath   PEMKAB SUKOHARJO FIX/CLOSURE SONGGORUNGGI TO ODP DESA NGUTER    <br>   Fungsi   ODP]]></description>
        <styleUrl>#icon-1899-0288D1</styleUrl>
        <Point>
          <coordinates>
            110.870541,-7.732521,0
          </coordinates>
        </Point>
      </Placemark>
      <Placemark>
        <name>ODP SIMPANG KRETEK NAMBANGAN</name>
        <description><![CDATA[ODP SIMPANG KRETEK NAMBANGAN    <br>       <br>   FID   40    <br>   OID_   0    <br>   Name   ODP SIMPANG KRETEK NAMBANGAN    <br>   FolderPath   PEMKAB SUKOHARJO FIX/ODP DESA NGUTER TO ODP KRETEK NAMBANGAN    <br>   Fungsi   ODP]]></description>
        <styleUrl>#icon-1899-0288D1</styleUrl>
        <Point>
          <coordinates>
            110.879947,-7.746594,0
          </coordinates>
        </Point>
      </Placemark>
    </Folder>
    <Folder>
      <name>Lokasi_Tersambung_Tahap_2</name>
      <Placemark>
        <name>CCTV Songgorunggi</name>
        <description><![CDATA[CCTV Songgorunggi    <br>       <br>   FID   0    <br>   Name   CCTV Songgorunggi    <br>   layer   CCTV]]></description>
        <styleUrl>#icon-1899-0288D1</styleUrl>
        <Point>
          <coordinates>
            110.865373,-7.722533,0
          </coordinates>
        </Point>
      </Placemark>
      <Placemark>
        <name>CCTV Begajah</name>
        <description><![CDATA[CCTV Begajah    <br>       <br>   FID   1    <br>   Name   CCTV Begajah    <br>   layer   CCTV]]></description>
        <styleUrl>#icon-1899-0288D1</styleUrl>
        <Point>
          <coordinates>
            110.853394,-7.701863,0
          </coordinates>
        </Point>
      </Placemark>
      <Placemark>
        <name>CCTV Terminal Sukoharjo</name>
        <description><![CDATA[CCTV Terminal Sukoharjo    <br>       <br>   FID   2    <br>   Name   CCTV Terminal Sukoharjo    <br>   layer   CCTV]]></description>
        <styleUrl>#icon-1899-0288D1</styleUrl>
        <Point>
          <coordinates>
            110.848802,-7.694675,0
          </coordinates>
        </Point>
      </Placemark>
      <Placemark>
        <name>CCTV Mandan</name>
        <description><![CDATA[CCTV Mandan    <br>       <br>   FID   3    <br>   Name   CCTV Mandan    <br>   layer   CCTV]]></description>
        <styleUrl>#icon-1899-0288D1</styleUrl>
        <Point>
          <coordinates>
            110.839267,-7.69351,0
          </coordinates>
        </Point>
      </Placemark>
      <Placemark>
        <name>CCTV DKR</name>
        <description><![CDATA[CCTV DKR    <br>       <br>   FID   4    <br>   Name   CCTV DKR    <br>   layer   CCTV]]></description>
        <styleUrl>#icon-1899-0288D1</styleUrl>
        <Point>
          <coordinates>
            110.850151,-7.68451,0
          </coordinates>
        </Point>
      </Placemark>
      <Placemark>
        <name>CCTV Carikan</name>
        <description><![CDATA[CCTV Carikan    <br>       <br>   FID   5    <br>   Name   CCTV Carikan    <br>   layer   CCTV]]></description>
        <styleUrl>#icon-1899-0288D1</styleUrl>
        <Point>
          <coordinates>
            110.832178,-7.681332,0
          </coordinates>
        </Point>
      </Placemark>
      <Placemark>
        <name>CCTV Puskesmas Grogol</name>
        <description><![CDATA[CCTV Puskesmas Grogol    <br>       <br>   FID   6    <br>   Name   CCTV Puskesmas Grogol    <br>   layer   CCTV]]></description>
        <styleUrl>#icon-1899-0288D1</styleUrl>
        <Point>
          <coordinates>
            110.819492,-7.600137,0
          </coordinates>
        </Point>
      </Placemark>
      <Placemark>
        <name>CCTV Telukan</name>
        <description><![CDATA[CCTV Telukan    <br>       <br>   FID   7    <br>   Name   CCTV Telukan    <br>   layer   CCTV]]></description>
        <styleUrl>#icon-1899-0288D1</styleUrl>
        <Point>
          <coordinates>
            110.821721,-7.621901,0
          </coordinates>
        </Point>
      </Placemark>
      <Placemark>
        <name>CCTV Tikungan Utara SPBU Bulakrejo</name>
        <description><![CDATA[CCTV Tikungan Utara SPBU Bulakrejo    <br>       <br>   FID   8    <br>   Name   CCTV Tikungan Utara SPBU Bulakrejo    <br>   layer   CCTV]]></description>
        <styleUrl>#icon-1899-0288D1</styleUrl>
        <Point>
          <coordinates>
            110.827349,-7.633906,0
          </coordinates>
        </Point>
      </Placemark>
      <Placemark>
        <name>CCTV Simpang 3 UMS</name>
        <description><![CDATA[CCTV Simpang 3 UMS    <br>       <br>   FID   9    <br>   Name   CCTV Simpang 3 UMS    <br>   layer   CCTV]]></description>
        <styleUrl>#icon-1899-0288D1</styleUrl>
        <Point>
          <coordinates>
            110.769236,-7.559581,0
          </coordinates>
        </Point>
      </Placemark>
      <Placemark>
        <name>CCTV Gentan Baki</name>
        <description><![CDATA[CCTV Gentan Baki    <br>       <br>   FID   10    <br>   Name   CCTV Gentan Baki    <br>   layer   CCTV]]></description>
        <styleUrl>#icon-1899-0288D1</styleUrl>
        <Point>
          <coordinates>
            110.784122,-7.583803,0
          </coordinates>
        </Point>
      </Placemark>
      <Placemark>
        <name>CCTV Patung Jamu</name>
        <description><![CDATA[CCTV Patung Jamu    <br>       <br>   FID   11    <br>   Name   CCTV Patung Jamu    <br>   layer   CCTV]]></description>
        <styleUrl>#icon-1899-0288D1</styleUrl>
        <Point>
          <coordinates>
            110.830585,-7.645908,0
          </coordinates>
        </Point>
      </Placemark>
      <Placemark>
        <name>CCTV Simpang Ngasem</name>
        <description><![CDATA[CCTV Simpang Ngasem    <br>       <br>   FID   12    <br>   Name   CCTV Simpang Ngasem    <br>   layer   CCTV]]></description>
        <styleUrl>#icon-1899-0288D1</styleUrl>
        <Point>
          <coordinates>
            110.716811,-7.54296,0
          </coordinates>
        </Point>
      </Placemark>
      <Placemark>
        <name>CCTV Simpang 5 Selatan (PROLIMAN)</name>
        <description><![CDATA[CCTV Simpang 5 Selatan (PROLIMAN)    <br>       <br>   FID   13    <br>   Name   CCTV Simpang 5 Selatan (PROLIMAN)    <br>   layer   CCTV]]></description>
        <styleUrl>#icon-1899-0288D1</styleUrl>
        <Point>
          <coordinates>
            110.842537,-7.682559,0
          </coordinates>
        </Point>
      </Placemark>
      <Placemark>
        <name>CCTV Simpang Sanggung</name>
        <description><![CDATA[CCTV Simpang Sanggung    <br>       <br>   FID   14    <br>   Name   CCTV Simpang Sanggung    <br>   layer   CCTV]]></description>
        <styleUrl>#icon-1899-0288D1</styleUrl>
        <Point>
          <coordinates>
            110.704272,-7.591429,0
          </coordinates>
        </Point>
      </Placemark>
      <Placemark>
        <name>CCTV Underpass Makam Haji</name>
        <description><![CDATA[CCTV Underpass Makam Haji    <br>       <br>   FID   15    <br>   Name   CCTV Underpass Makam Haji    <br>   layer   CCTV]]></description>
        <styleUrl>#icon-1899-0288D1</styleUrl>
        <Point>
          <coordinates>
            110.777204,-7.566714,0
          </coordinates>
        </Point>
      </Placemark>
      <Placemark>
        <name>Kantor Kelurahan Jetis</name>
        <description><![CDATA[Kantor Kelurahan Jetis    <br>       <br>   FID   16    <br>   Name   Kantor Kelurahan Jetis    <br>   layer   Kelurahan]]></description>
        <styleUrl>#icon-1899-0288D1</styleUrl>
        <Point>
          <coordinates>
            110.833295,-7.682616,0
          </coordinates>
        </Point>
      </Placemark>
      <Placemark>
        <name>Kantor Kelurahan Begajah</name>
        <description><![CDATA[Kantor Kelurahan Begajah    <br>       <br>   FID   17    <br>   Name   Kantor Kelurahan Begajah    <br>   layer   Kelurahan]]></description>
        <styleUrl>#icon-1899-0288D1</styleUrl>
        <Point>
          <coordinates>
            110.854429,-7.703836,0
          </coordinates>
        </Point>
      </Placemark>
      <Placemark>
        <name>Kantor Kelurahan Combongan</name>
        <description><![CDATA[Kantor Kelurahan Combongan    <br>       <br>   FID   18    <br>   Name   Kantor Kelurahan Combongan    <br>   layer   Kelurahan]]></description>
        <styleUrl>#icon-1899-0288D1</styleUrl>
        <Point>
          <coordinates>
            110.814983,-7.687566,0
          </coordinates>
        </Point>
      </Placemark>
      <Placemark>
        <name>Kantor Kelurahan Kenep</name>
        <description><![CDATA[Kantor Kelurahan Kenep    <br>       <br>   FID   19    <br>   Name   Kantor Kelurahan Kenep    <br>   layer   Kelurahan]]></description>
        <styleUrl>#icon-1899-0288D1</styleUrl>
        <Point>
          <coordinates>
            110.808219,-7.699694,0
          </coordinates>
        </Point>
      </Placemark>
      <Placemark>
        <name>Kantor Kelurahan Mandan</name>
        <description><![CDATA[Kantor Kelurahan Mandan    <br>       <br>   FID   20    <br>   Name   Kantor Kelurahan Mandan    <br>   layer   Kelurahan]]></description>
        <styleUrl>#icon-1899-0288D1</styleUrl>
        <Point>
          <coordinates>
            110.836136,-7.703983,0
          </coordinates>
        </Point>
      </Placemark>
      <Placemark>
        <name>Kantor Kelurahan Ngadirejo</name>
        <description><![CDATA[Kantor Kelurahan Ngadirejo    <br>       <br>   FID   21    <br>   Name   Kantor Kelurahan Ngadirejo    <br>   layer   Kelurahan]]></description>
        <styleUrl>#icon-1899-0288D1</styleUrl>
        <Point>
          <coordinates>
            110.753207,-7.558474,0
          </coordinates>
        </Point>
      </Placemark>
      <Placemark>
        <name>Kantor Kelurahan Bulakrejo</name>
        <description><![CDATA[Kantor Kelurahan Bulakrejo    <br>       <br>   FID   22    <br>   Name   Kantor Kelurahan Bulakrejo    <br>   layer   Kelurahan]]></description>
        <styleUrl>#icon-1899-0288D1</styleUrl>
        <Point>
          <coordinates>
            110.830246,-7.646441,0
          </coordinates>
        </Point>
      </Placemark>
      <Placemark>
        <name>Kantor Kelurahan Banmati</name>
        <description><![CDATA[Kantor Kelurahan Banmati    <br>       <br>   FID   23    <br>   Name   Kantor Kelurahan Banmati    <br>   layer   Kelurahan]]></description>
        <styleUrl>#icon-1899-0288D1</styleUrl>
        <Point>
          <coordinates>
            110.816289,-7.710554,0
          </coordinates>
        </Point>
      </Placemark>
      <Placemark>
        <name>Kantor Kelurahan Joho</name>
        <description><![CDATA[Kantor Kelurahan Joho    <br>       <br>   FID   24    <br>   Name   Kantor Kelurahan Joho    <br>   layer   Kelurahan]]></description>
        <styleUrl>#icon-1899-0288D1</styleUrl>
        <Point>
          <coordinates>
            110.839973,-7.690531,0
          </coordinates>
        </Point>
      </Placemark>
      <Placemark>
        <name>Pasar Tawang Weru</name>
        <description><![CDATA[Pasar Tawang Weru    <br>       <br>   FID   25    <br>   Name   Pasar Tawang Weru    <br>   layer   Pasar]]></description>
        <styleUrl>#icon-1899-0288D1</styleUrl>
        <Point>
          <coordinates>
            110.759715,-7.759072,0
          </coordinates>
        </Point>
      </Placemark>
      <Placemark>
        <name>Pasar Telukan</name>
        <description><![CDATA[Pasar Telukan    <br>       <br>   FID   26    <br>   Name   Pasar Telukan    <br>   layer   Pasar]]></description>
        <styleUrl>#icon-1899-0288D1</styleUrl>
        <Point>
          <coordinates>
            110.820688,-7.618969,0
          </coordinates>
        </Point>
      </Placemark>
      <Placemark>
        <name>Pasar Mojolaban</name>
        <description><![CDATA[Pasar Mojolaban    <br>       <br>   FID   27    <br>   Name   Pasar Mojolaban    <br>   layer   Pasar]]></description>
        <styleUrl>#icon-1899-0288D1</styleUrl>
        <Point>
          <coordinates>
            110.873938,-7.609096,0
          </coordinates>
        </Point>
      </Placemark>
      <Placemark>
        <name>Pasar Grogol</name>
        <description><![CDATA[Pasar Grogol    <br>       <br>   FID   28    <br>   Name   Pasar Grogol    <br>   layer   Pasar]]></description>
        <styleUrl>#icon-1899-0288D1</styleUrl>
        <Point>
          <coordinates>
            110.819017,-7.606375,0
          </coordinates>
        </Point>
      </Placemark>
      <Placemark>
        <name>Pasar Kartasura</name>
        <description><![CDATA[Pasar Kartasura    <br>       <br>   FID   29    <br>   Name   Pasar Kartasura    <br>   layer   Pasar]]></description>
        <styleUrl>#icon-1899-0288D1</styleUrl>
        <Point>
          <coordinates>
            110.740462,-7.551746,0
          </coordinates>
        </Point>
      </Placemark>
      <Placemark>
        <name>Pasar Bulu</name>
        <description><![CDATA[Pasar Bulu    <br>       <br>   FID   30    <br>   Name   Pasar Bulu    <br>   layer   Pasar]]></description>
        <styleUrl>#icon-1899-0288D1</styleUrl>
        <Point>
          <coordinates>
            110.833352,-7.765469,0
          </coordinates>
        </Point>
      </Placemark>
      <Placemark>
        <name>Puskesmas Weru</name>
        <description><![CDATA[Puskesmas Weru    <br>       <br>   FID   31    <br>   Name   Puskesmas Weru    <br>   layer   Puskesmas]]></description>
        <styleUrl>#icon-1899-0288D1</styleUrl>
        <Point>
          <coordinates>
            110.758921,-7.7594,0
          </coordinates>
        </Point>
      </Placemark>
      <Placemark>
        <name>Puskesmas Bulu Sukoharjo</name>
        <description><![CDATA[Puskesmas Bulu Sukoharjo    <br>       <br>   FID   32    <br>   Name   Puskesmas Bulu Sukoharjo    <br>   layer   Puskesmas]]></description>
        <styleUrl>#icon-1899-0288D1</styleUrl>
        <Point>
          <coordinates>
            110.832816,-7.765468,0
          </coordinates>
        </Point>
      </Placemark>
      <Placemark>
        <name>Puskesmas Tawangsari</name>
        <description><![CDATA[Puskesmas Tawangsari    <br>       <br>   FID   33    <br>   Name   Puskesmas Tawangsari    <br>   layer   Puskesmas]]></description>
        <styleUrl>#icon-1899-0288D1</styleUrl>
        <Point>
          <coordinates>
            110.796252,-7.736449,0
          </coordinates>
        </Point>
      </Placemark>
      <Placemark>
        <name>Puskesmas Sukoharjo</name>
        <description><![CDATA[Puskesmas Sukoharjo    <br>       <br>   FID   34    <br>   Name   Puskesmas Sukoharjo    <br>   layer   Puskesmas]]></description>
        <styleUrl>#icon-1899-0288D1</styleUrl>
        <Point>
          <coordinates>
            110.83599,-7.67567,0
          </coordinates>
        </Point>
      </Placemark>
      <Placemark>
        <name>Puskesmas Nguter</name>
        <description><![CDATA[Puskesmas Nguter    <br>       <br>   FID   35    <br>   Name   Puskesmas Nguter    <br>   layer   Puskesmas]]></description>
        <styleUrl>#icon-1899-0288D1</styleUrl>
        <Point>
          <coordinates>
            110.874266,-7.739816,0
          </coordinates>
        </Point>
      </Placemark>
      <Placemark>
        <name>Puskesmas Bendosari</name>
        <description><![CDATA[Puskesmas Bendosari    <br>       <br>   FID   36    <br>   Name   Puskesmas Bendosari    <br>   layer   Puskesmas]]></description>
        <styleUrl>#icon-1899-0288D1</styleUrl>
        <Point>
          <coordinates>
            110.874196,-7.69161,0
          </coordinates>
        </Point>
      </Placemark>
      <Placemark>
        <name>Puskesmas Mojolaban</name>
        <description><![CDATA[Puskesmas Mojolaban    <br>       <br>   FID   37    <br>   Name   Puskesmas Mojolaban    <br>   layer   Puskesmas]]></description>
        <styleUrl>#icon-1899-0288D1</styleUrl>
        <Point>
          <coordinates>
            110.871038,-7.602351,0
          </coordinates>
        </Point>
      </Placemark>
      <Placemark>
        <name>Puskesmas Polokarto</name>
        <description><![CDATA[Puskesmas Polokarto    <br>       <br>   FID   38    <br>   Name   Puskesmas Polokarto    <br>   layer   Puskesmas]]></description>
        <styleUrl>#icon-1899-0288D1</styleUrl>
        <Point>
          <coordinates>
            110.895897,-7.627681,0
          </coordinates>
        </Point>
      </Placemark>
      <Placemark>
        <name>Puskesmas Grogol</name>
        <description><![CDATA[Puskesmas Grogol    <br>       <br>   FID   39    <br>   Name   Puskesmas Grogol    <br>   layer   Puskesmas]]></description>
        <styleUrl>#icon-1899-0288D1</styleUrl>
        <Point>
          <coordinates>
            110.819233,-7.600302,0
          </coordinates>
        </Point>
      </Placemark>
      <Placemark>
        <name>Puskesmas Baki</name>
        <description><![CDATA[Puskesmas Baki    <br>       <br>   FID   40    <br>   Name   Puskesmas Baki    <br>   layer   Puskesmas]]></description>
        <styleUrl>#icon-1899-0288D1</styleUrl>
        <Point>
          <coordinates>
            110.786019,-7.606945,0
          </coordinates>
        </Point>
      </Placemark>
      <Placemark>
        <name>Puskesmas Gatak</name>
        <description><![CDATA[Puskesmas Gatak    <br>       <br>   FID   41    <br>   Name   Puskesmas Gatak    <br>   layer   Puskesmas]]></description>
        <styleUrl>#icon-1899-0288D1</styleUrl>
        <Point>
          <coordinates>
            110.740089,-7.596255,0
          </coordinates>
        </Point>
      </Placemark>
      <Placemark>
        <name>Puskesmas Kartasura</name>
        <description><![CDATA[Puskesmas Kartasura    <br>       <br>   FID   42    <br>   Name   Puskesmas Kartasura    <br>   layer   Puskesmas]]></description>
        <styleUrl>#icon-1899-0288D1</styleUrl>
        <Point>
          <coordinates>
            110.732348,-7.553556,0
          </coordinates>
        </Point>
      </Placemark>
      <Placemark>
        <name>Alun-Alun Satya Negara Sukoharjo</name>
        <description><![CDATA[Alun-Alun Satya Negara Sukoharjo    <br>       <br>   FID   43    <br>   Name   Alun-Alun Satya Negara Sukoharjo    <br>   layer   Umum]]></description>
        <styleUrl>#icon-1899-0288D1</styleUrl>
        <Point>
          <coordinates>
            110.840451,-7.683446,0
          </coordinates>
        </Point>
      </Placemark>
      <Placemark>
        <name>Taman Sonorejo</name>
        <description><![CDATA[Taman Sonorejo    <br>       <br>   FID   44    <br>   Name   Taman Sonorejo    <br>   layer   Umum]]></description>
        <styleUrl>#icon-1899-0288D1</styleUrl>
        <Point>
          <coordinates>
            110.79857,-7.649478,0
          </coordinates>
        </Point>
      </Placemark>
      <Placemark>
        <name>GOR Jombor</name>
        <description><![CDATA[GOR Jombor    <br>       <br>   FID   45    <br>   Name   GOR Jombor    <br>   layer   Umum]]></description>
        <styleUrl>#icon-1899-0288D1</styleUrl>
        <Point>
          <coordinates>
            110.841959,-7.672486,0
          </coordinates>
        </Point>
      </Placemark>
      <Placemark>
        <name>Taman Pakujoyo</name>
        <description><![CDATA[Taman Pakujoyo    <br>       <br>   FID   46    <br>   Name   Taman Pakujoyo    <br>   layer   Umum]]></description>
        <styleUrl>#icon-1899-0288D1</styleUrl>
        <Point>
          <coordinates>
            110.849124,-7.688724,0
          </coordinates>
        </Point>
      </Placemark>
      <Placemark>
        <name>The Park PBB Samsat Online</name>
        <description><![CDATA[The Park PBB Samsat Online    <br>       <br>   FID   47    <br>   Name   The Park PBB Samsat Online    <br>   layer   Umum]]></description>
        <styleUrl>#icon-1899-0288D1</styleUrl>
        <Point>
          <coordinates>
            110.816311,-7.599202,0
          </coordinates>
        </Point>
      </Placemark>
      <Placemark>
        <name>Rumah Dinas Wabup</name>
        <description><![CDATA[Rumah Dinas Wabup    <br>       <br>   FID   48    <br>   Name   Rumah Dinas Wabup    <br>   layer   Umum]]></description>
        <styleUrl>#icon-1899-0288D1</styleUrl>
        <Point>
          <coordinates>
            110.849225,-7.690724,0
          </coordinates>
        </Point>
      </Placemark>
      <Placemark>
        <name>Rumah Ketua Dewan</name>
        <description><![CDATA[Rumah Ketua Dewan    <br>       <br>   FID   49    <br>   Name   Rumah Ketua Dewan    <br>   layer   Umum]]></description>
        <styleUrl>#icon-1899-0288D1</styleUrl>
        <Point>
          <coordinates>
            110.849158,-7.690035,0
          </coordinates>
        </Point>
      </Placemark>
      <Placemark>
        <name>Rumah Dinas Setda</name>
        <description><![CDATA[Rumah Dinas Setda    <br>       <br>   FID   50    <br>   Name   Rumah Dinas Setda    <br>   layer   Umum]]></description>
        <styleUrl>#icon-1899-0288D1</styleUrl>
        <Point>
          <coordinates>
            110.848992,-7.684856,0
          </coordinates>
        </Point>
      </Placemark>
      <Placemark>
        <name>ODP RCTI</name>
        <description><![CDATA[ODP RCTI    <br>       <br>   FID   51    <br>   Name   ODP RCTI    <br>   layer   ODP]]></description>
        <styleUrl>#icon-1899-0288D1</styleUrl>
        <Point>
          <coordinates>
            110.784261,-7.583798,0
          </coordinates>
        </Point>
      </Placemark>
      <Placemark>
        <name>Closure Pom Sawit</name>
        <description><![CDATA[Closure Pom Sawit    <br>       <br>   FID   52    <br>   Name   Closure Pom Sawit    <br>   layer   Closure]]></description>
        <styleUrl>#icon-1899-0288D1</styleUrl>
        <Point>
          <coordinates>
            110.71919,-7.571326,0
          </coordinates>
        </Point>
      </Placemark>
      <Placemark>
        <name>ODP Patung Jamu</name>
        <description><![CDATA[ODP Patung Jamu    <br>       <br>   FID   53    <br>   Name   ODP Patung Jamu    <br>   layer   ODP]]></description>
        <styleUrl>#icon-1899-0288D1</styleUrl>
        <Point>
          <coordinates>
            110.830516,-7.645617,0
          </coordinates>
        </Point>
      </Placemark>
      <Placemark>
        <name>ODP Mandan</name>
        <description><![CDATA[ODP Mandan    <br>       <br>   FID   54    <br>   Name   ODP Mandan    <br>   layer   ODP]]></description>
        <styleUrl>#icon-1899-0288D1</styleUrl>
        <Point>
          <coordinates>
            110.839087,-7.693544,0
          </coordinates>
        </Point>
      </Placemark>
      <Placemark>
        <name>ODP Kelurahan Kenep</name>
        <description><![CDATA[ODP Kelurahan Kenep    <br>       <br>   FID   55    <br>   Name   ODP Kelurahan Kenep    <br>   layer   ODP]]></description>
        <styleUrl>#icon-1899-0288D1</styleUrl>
        <Point>
          <coordinates>
            110.807947,-7.69967,0
          </coordinates>
        </Point>
      </Placemark>
      <Placemark>
        <name>ODP Kelurahan Ngadirejo</name>
        <description><![CDATA[ODP Kelurahan Ngadirejo    <br>       <br>   FID   56    <br>   Name   ODP Kelurahan Ngadirejo    <br>   layer   ODP]]></description>
        <styleUrl>#icon-1899-0288D1</styleUrl>
        <Point>
          <coordinates>
            110.753314,-7.557943,0
          </coordinates>
        </Point>
      </Placemark>
      <Placemark>
        <name>ODP Simpang Slamet Riyadi</name>
        <description><![CDATA[ODP Simpang Slamet Riyadi    <br>       <br>   FID   57    <br>   Name   ODP Simpang Slamet Riyadi    <br>   layer   ODP]]></description>
        <styleUrl>#icon-1899-0288D1</styleUrl>
        <Point>
          <coordinates>
            110.735597,-7.551295,0
          </coordinates>
        </Point>
      </Placemark>
      <Placemark>
        <name>ODP Sanggung</name>
        <description><![CDATA[ODP Sanggung    <br>       <br>   FID   58    <br>   Name   ODP Sanggung    <br>   layer   ODP]]></description>
        <styleUrl>#icon-1899-0288D1</styleUrl>
        <Point>
          <coordinates>
            110.704218,-7.591337,0
          </coordinates>
        </Point>
      </Placemark>
      <Placemark>
        <name>ODP Ngasem</name>
        <description><![CDATA[ODP Ngasem    <br>       <br>   FID   59    <br>   Name   ODP Ngasem    <br>   layer   ODP]]></description>
        <styleUrl>#icon-1899-0288D1</styleUrl>
        <Point>
          <coordinates>
            110.716923,-7.542972,0
          </coordinates>
        </Point>
      </Placemark>
      <Placemark>
        <name>ODP UMS</name>
        <description><![CDATA[ODP UMS    <br>       <br>   FID   60    <br>   Name   ODP UMS    <br>   layer   ODP]]></description>
        <styleUrl>#icon-1899-0288D1</styleUrl>
        <Point>
          <coordinates>
            110.769055,-7.559606,0
          </coordinates>
        </Point>
      </Placemark>
      <Placemark>
        <name>ODP Makam Haji</name>
        <description><![CDATA[ODP Makam Haji    <br>       <br>   FID   61    <br>   Name   ODP Makam Haji    <br>   layer   ODP]]></description>
        <styleUrl>#icon-1899-0288D1</styleUrl>
        <Point>
          <coordinates>
            110.777351,-7.566748,0
          </coordinates>
        </Point>
      </Placemark>
      <Placemark>
        <name>ODP Baki</name>
        <description><![CDATA[ODP Baki    <br>       <br>   FID   62    <br>   Name   ODP Baki    <br>   layer   ODP]]></description>
        <styleUrl>#icon-1899-0288D1</styleUrl>
        <Point>
          <coordinates>
            110.784665,-7.607118,0
          </coordinates>
        </Point>
      </Placemark>
      <Placemark>
        <name>ODP The Park</name>
        <description><![CDATA[ODP The Park    <br>       <br>   FID   63    <br>   Name   ODP The Park    <br>   layer   ODP]]></description>
        <styleUrl>#icon-1899-0288D1</styleUrl>
        <Point>
          <coordinates>
            110.816398,-7.598637,0
          </coordinates>
        </Point>
      </Placemark>
      <Placemark>
        <name>ODP Kecamatan Mojolaban</name>
        <description><![CDATA[ODP Kecamatan Mojolaban    <br>       <br>   FID   64    <br>   Name   ODP Kecamatan Mojolaban    <br>   layer   ODP]]></description>
        <styleUrl>#icon-1899-0288D1</styleUrl>
        <Point>
          <coordinates>
            110.871069,-7.6051,0
          </coordinates>
        </Point>
      </Placemark>
      <Placemark>
        <name>ODP Kecamatan Polokarto</name>
        <description><![CDATA[ODP Kecamatan Polokarto    <br>       <br>   FID   65    <br>   Name   ODP Kecamatan Polokarto    <br>   layer   ODP]]></description>
        <styleUrl>#icon-1899-0288D1</styleUrl>
        <Point>
          <coordinates>
            110.896308,-7.627926,0
          </coordinates>
        </Point>
      </Placemark>
      <Placemark>
        <name>ODP Taman Pakujoyo</name>
        <description><![CDATA[ODP Taman Pakujoyo    <br>       <br>   FID   66    <br>   Name   ODP Taman Pakujoyo    <br>   layer   ODP]]></description>
        <styleUrl>#icon-1899-0288D1</styleUrl>
        <Point>
          <coordinates>
            110.848906,-7.688711,0
          </coordinates>
        </Point>
      </Placemark>
      <Placemark>
        <name>ODP Gor Jombor</name>
        <description><![CDATA[ODP Gor Jombor    <br>       <br>   FID   67    <br>   Name   ODP Gor Jombor    <br>   layer   ODP]]></description>
        <styleUrl>#icon-1899-0288D1</styleUrl>
        <Point>
          <coordinates>
            110.841605,-7.673433,0
          </coordinates>
        </Point>
      </Placemark>
      <Placemark>
        <name>ODP Puskesmas Sukoharjo</name>
        <description><![CDATA[ODP Puskesmas Sukoharjo    <br>       <br>   FID   68    <br>   Name   ODP Puskesmas Sukoharjo    <br>   layer   ODP]]></description>
        <styleUrl>#icon-1899-0288D1</styleUrl>
        <Point>
          <coordinates>
            110.836348,-7.67564,0
          </coordinates>
        </Point>
      </Placemark>
      <Placemark>
        <name>ODP Kelurahan Combongan</name>
        <description><![CDATA[ODP Kelurahan Combongan    <br>       <br>   FID   69    <br>   Name   ODP Kelurahan Combongan    <br>   layer   ODP]]></description>
        <styleUrl>#icon-1899-0288D1</styleUrl>
        <Point>
          <coordinates>
            110.811355,-7.68659,0
          </coordinates>
        </Point>
      </Placemark>
      <Placemark>
        <name>ODP Banmati</name>
        <description><![CDATA[ODP Banmati    <br>       <br>   FID   70    <br>   Name   ODP Banmati    <br>   layer   ODP]]></description>
        <styleUrl>#icon-1899-0288D1</styleUrl>
        <Point>
          <coordinates>
            110.81672,-7.710831,0
          </coordinates>
        </Point>
      </Placemark>
      <Placemark>
        <name>Pasar Tawangsari</name>
        <description><![CDATA[Pasar Tawangsari    <br>       <br>   FID   71    <br>   Name   Pasar Tawangsari    <br>   layer   Pasar]]></description>
        <styleUrl>#icon-1899-0288D1</styleUrl>
        <Point>
          <coordinates>
            110.795618,-7.735963,0
          </coordinates>
        </Point>
      </Placemark>
      <Placemark>
        <name>ODP Terminal Sukoharjo</name>
        <description><![CDATA[ODP Terminal Sukoharjo    <br>       <br>   FID   72    <br>   Name   ODP Terminal Sukoharjo    <br>   layer   ODP]]></description>
        <styleUrl>#icon-1899-0288D1</styleUrl>
        <Point>
          <coordinates>
            110.848414,-7.694041,0
          </coordinates>
        </Point>
      </Placemark>
      <Placemark>
        <name>ODP DPRD</name>
        <description><![CDATA[ODP DPRD    <br>       <br>   FID   73    <br>   Name   ODP DPRD    <br>   layer   ODP]]></description>
        <styleUrl>#icon-1899-0288D1</styleUrl>
        <Point>
          <coordinates>
            110.836272,-7.704052,0
          </coordinates>
        </Point>
      </Placemark>
      <Placemark>
        <name>ODP Songgorunggi</name>
        <description><![CDATA[ODP Songgorunggi    <br>       <br>   FID   74    <br>   Name   ODP Songgorunggi    <br>   layer   ODP]]></description>
        <styleUrl>#icon-1899-0288D1</styleUrl>
        <Point>
          <coordinates>
            110.865234,-7.722364,0
          </coordinates>
        </Point>
      </Placemark>
      <Placemark>
        <name>Pasar Carikan</name>
        <description><![CDATA[Pasar Carikan    <br>       <br>   FID   75    <br>   Name   Pasar Carikan    <br>   layer   Pasar]]></description>
        <styleUrl>#icon-1899-0288D1</styleUrl>
        <Point>
          <coordinates>
            110.831911,-7.681112,0
          </coordinates>
        </Point>
      </Placemark>
      <Placemark>
        <name>Pasar Cuplik</name>
        <description><![CDATA[Pasar Cuplik    <br>       <br>   FID   76    <br>   Name   Pasar Cuplik    <br>   layer   Pasar]]></description>
        <styleUrl>#icon-1899-0288D1</styleUrl>
        <Point>
          <coordinates>
            110.794956,-7.675374,0
          </coordinates>
        </Point>
      </Placemark>
      <Placemark>
        <name>ODP Pasar Gawok</name>
        <description><![CDATA[ODP Pasar Gawok    <br>       <br>   FID   77    <br>   Name   ODP Pasar Gawok    <br>   layer   ODP]]></description>
        <styleUrl>#icon-1899-0288D1</styleUrl>
        <Point>
          <coordinates>
            110.751983,-7.602968,0
          </coordinates>
        </Point>
      </Placemark>
      <Placemark>
        <name>Pasar Gawok</name>
        <description><![CDATA[Pasar Gawok    <br>       <br>   FID   78    <br>   Name   Pasar Gawok    <br>   layer   Pasar]]></description>
        <styleUrl>#icon-1899-0288D1</styleUrl>
        <Point>
          <coordinates>
            110.751521,-7.603,0
          </coordinates>
        </Point>
      </Placemark>
      <Placemark>
        <name>Pasar Sraten</name>
        <description><![CDATA[Pasar Sraten    <br>       <br>   FID   79    <br>   Name   Pasar Sraten    <br>   layer   Pasar]]></description>
        <styleUrl>#icon-1899-0288D1</styleUrl>
        <Point>
          <coordinates>
            110.717703,-7.574843,0
          </coordinates>
        </Point>
      </Placemark>
      <Placemark>
        <name>ODP Sraten</name>
        <description><![CDATA[ODP Sraten    <br>       <br>   FID   80    <br>   Name   ODP Sraten    <br>   layer   ODP]]></description>
        <styleUrl>#icon-1899-0288D1</styleUrl>
        <Point>
          <coordinates>
            110.717312,-7.574838,0
          </coordinates>
        </Point>
      </Placemark>
      <Placemark>
        <name>Pasar Mulur</name>
        <description><![CDATA[Pasar Mulur    <br>       <br>   FID   81    <br>   Name   Pasar Mulur    <br>   layer   Pasar]]></description>
        <styleUrl>#icon-1899-0288D1</styleUrl>
        <Point>
          <coordinates>
            110.876905,-7.69778,0
          </coordinates>
        </Point>
      </Placemark>
      <Placemark>
        <name>Pasar Glondongan</name>
        <description><![CDATA[Pasar Glondongan    <br>       <br>   FID   82    <br>   Name   Pasar Glondongan    <br>   layer   Pasar]]></description>
        <styleUrl>#icon-1899-0288D1</styleUrl>
        <Point>
          <coordinates>
            110.893607,-7.62559,0
          </coordinates>
        </Point>
      </Placemark>
      <Placemark>
        <name>Pasar Kepuh</name>
        <description><![CDATA[Pasar Kepuh    <br>       <br>   FID   83    <br>   Name   Pasar Kepuh    <br>   layer   Pasar]]></description>
        <styleUrl>#icon-1899-0288D1</styleUrl>
        <Point>
          <coordinates>
            110.858147,-7.709371,0
          </coordinates>
        </Point>
      </Placemark>
      <Placemark>
        <name>ODP Alun-Alun</name>
        <description><![CDATA[ODP Alun-Alun    <br>       <br>   FID   84    <br>   Name   ODP Alun-Alun    <br>   layer   ODP]]></description>
        <styleUrl>#icon-1899-0288D1</styleUrl>
        <Point>
          <coordinates>
            110.840758,-7.683499,0
          </coordinates>
        </Point>
      </Placemark>
    </Folder>
    <Folder>
      <name>Jaringan Tahap 2</name>
      <Placemark>
        <name>0</name>
        <description><![CDATA[0    <br>       <br>   FID   0    <br>   Id   0    <br>   Titik_Awal   ODP Simpang Kartosuro    <br>   Titik_Akhr   Pasar Kartasura    <br>   Jarak   217    <br>   Jenis   Drop Core]]></description>
        <styleUrl>#line-4CE600-2000</styleUrl>
        <LineString>
          <tessellate>1</tessellate>
          <coordinates>
            110.740462,-7.551746,0
            110.740522,-7.551634,0
            110.740852,-7.551799,0
            110.741735,-7.552255,0
            110.742145,-7.552436,0
            110.742147,-7.552437,0
            110.742167,-7.552446,0
          </coordinates>
        </LineString>
      </Placemark>
      <Placemark>
        <name>0</name>
        <description><![CDATA[0    <br>       <br>   FID   1    <br>   Id   0    <br>   Titik_Awal   ODP Kecamatan Gatak    <br>   Titik_Akhr   Puskesmas Gatak    <br>   Jarak   907    <br>   Jenis   Drop Core]]></description>
        <styleUrl>#line-4CE600-2000</styleUrl>
        <LineString>
          <tessellate>1</tessellate>
          <coordinates>
            110.740089,-7.596255,0
            110.740176,-7.596048,0
            110.739845,-7.595909,0
            110.739851,-7.5959,0
            110.739957,-7.595749,0
            110.739991,-7.595701,0
            110.740862,-7.594906,0
            110.74119,-7.594607,0
            110.741673,-7.59412,0
            110.741844,-7.593947,0
            110.741855,-7.593937,0
            110.742205,-7.593586,0
            110.742401,-7.593287,0
            110.742446,-7.593233,0
            110.742483,-7.593188,0
            110.742647,-7.592989,0
            110.742649,-7.59298,0
            110.742655,-7.59298,0
            110.742975,-7.5926,0
            110.743167,-7.59239,0
            110.743272,-7.592275,0
            110.743509,-7.592011,0
            110.743548,-7.591967,0
            110.743552,-7.591967,0
            110.743577,-7.591942,0
            110.743615,-7.591903,0
            110.743647,-7.591869,0
            110.743681,-7.591835,0
            110.74379,-7.591723,0
            110.744467,-7.5909,0
            110.74462,-7.590727,0
            110.744634,-7.590711,0
            110.744636,-7.590701,0
            110.744666,-7.590676,0
            110.745012,-7.591028,0
          </coordinates>
        </LineString>
      </Placemark>
      <Placemark>
        <name>0</name>
        <description><![CDATA[0    <br>       <br>   FID   2    <br>   Id   0    <br>   Titik_Awal   ODP Puskesmas Grogol    <br>   Titik_Akhr   Puskesmas Grogol    <br>   Jarak   17    <br>   Jenis   Drop Core]]></description>
        <styleUrl>#line-4CE600-2000</styleUrl>
        <LineString>
          <tessellate>1</tessellate>
          <coordinates>
            110.819233,-7.600302,0
            110.819385,-7.600329,0
          </coordinates>
        </LineString>
      </Placemark>
      <Placemark>
        <name>0</name>
        <description><![CDATA[0    <br>       <br>   FID   3    <br>   Id   0    <br>   Titik_Awal   ODP Puskesmas Grogol    <br>   Titik_Akhr   Pasar Grogol    <br>   Jarak   706    <br>   Jenis   Drop Core]]></description>
        <styleUrl>#line-4CE600-2000</styleUrl>
        <LineString>
          <tessellate>1</tessellate>
          <coordinates>
            110.819017,-7.606375,0
            110.818878,-7.606417,0
            110.81888,-7.606214,0
            110.818885,-7.605403,0
            110.818886,-7.605193,0
            110.81883,-7.603753,0
            110.818821,-7.603535,0
            110.818837,-7.602258,0
            110.818911,-7.602013,0
            110.819041,-7.601579,0
            110.819161,-7.601179,0
            110.819475,-7.600421,0
            110.819436,-7.600382,0
            110.819385,-7.600329,0
          </coordinates>
        </LineString>
      </Placemark>
      <Placemark>
        <name>0</name>
        <description><![CDATA[0    <br>       <br>   FID   4    <br>   Id   0    <br>   Titik_Awal   ODP Kantor Desa Telukan    <br>   Titik_Akhr   Pasar Telukan    <br>   Jarak   150    <br>   Jenis   Drop Core]]></description>
        <styleUrl>#line-4CE600-2000</styleUrl>
        <LineString>
          <tessellate>1</tessellate>
          <coordinates>
            110.820688,-7.618969,0
            110.820606,-7.619012,0
            110.820764,-7.619368,0
            110.821081,-7.620188,0
          </coordinates>
        </LineString>
      </Placemark>
      <Placemark>
        <name>0</name>
        <description><![CDATA[0    <br>       <br>   FID   5    <br>   Id   0    <br>   Titik_Awal   ODP Kantor Desa Telukan    <br>   Titik_Akhr   CCTV Telukan    <br>   Jarak   214    <br>   Jenis   Drop Core]]></description>
        <styleUrl>#line-4CE600-2000</styleUrl>
        <LineString>
          <tessellate>1</tessellate>
          <coordinates>
            110.821721,-7.621901,0
            110.821797,-7.621905,0
            110.821762,-7.621823,0
            110.821613,-7.621468,0
            110.821409,-7.620981,0
            110.821081,-7.620188,0
          </coordinates>
        </LineString>
      </Placemark>
      <Placemark>
        <name>0</name>
        <description><![CDATA[0    <br>       <br>   FID   6    <br>   Id   0    <br>   Titik_Awal   ODP Simpang Mojolaban    <br>   Titik_Akhr   ODP Kecamatan Mojolaban    <br>   Jarak   667    <br>   Jenis   4 Core]]></description>
        <styleUrl>#line-A900E6-6000</styleUrl>
        <LineString>
          <tessellate>1</tessellate>
          <coordinates>
            110.871069,-7.6051,0
            110.871012,-7.605246,0
            110.871001,-7.605274,0
            110.870889,-7.605564,0
            110.87086,-7.605638,0
            110.870757,-7.605882,0
            110.870753,-7.605892,0
            110.870648,-7.606195,0
            110.870499,-7.606529,0
            110.870409,-7.606749,0
            110.87037,-7.606948,0
            110.87036,-7.607001,0
            110.870754,-7.607398,0
            110.871882,-7.608536,0
            110.871995,-7.60865,0
            110.872502,-7.609156,0
            110.872702,-7.609305,0
            110.87288,-7.609377,0
            110.872892,-7.609378,0
            110.873157,-7.609482,0
            110.873362,-7.609545,0
            110.873379,-7.60955,0
          </coordinates>
        </LineString>
      </Placemark>
      <Placemark>
        <name>0</name>
        <description><![CDATA[0    <br>       <br>   FID   7    <br>   Id   0    <br>   Titik_Awal   ODP Simpang Mojolaban    <br>   Titik_Akhr   Pasar Mojolaban    <br>   Jarak   79    <br>   Jenis   Drop Core]]></description>
        <styleUrl>#line-4CE600-2000</styleUrl>
        <LineString>
          <tessellate>1</tessellate>
          <coordinates>
            110.873938,-7.609096,0
            110.873381,-7.609545,0
          </coordinates>
        </LineString>
      </Placemark>
      <Placemark>
        <name>0</name>
        <description><![CDATA[0    <br>       <br>   FID   8    <br>   Id   0    <br>   Titik_Awal   ODP Pasar Polokarto    <br>   Titik_Akhr   ODP Kecamatan Polokarto    <br>   Jarak   380    <br>   Jenis   4 Core]]></description>
        <styleUrl>#line-A900E6-6000</styleUrl>
        <LineString>
          <tessellate>1</tessellate>
          <coordinates>
            110.896308,-7.627926,0
            110.895953,-7.627426,0
            110.895796,-7.627234,0
            110.894746,-7.625975,0
            110.894426,-7.625784,0
            110.894042,-7.625582,0
            110.893965,-7.625691,0
          </coordinates>
        </LineString>
      </Placemark>
      <Placemark>
        <name>0</name>
        <description><![CDATA[0    <br>       <br>   FID   9    <br>   Id   0    <br>   Titik_Awal   ODP Simpang Tentara Pelajar    <br>   Titik_Akhr   Puskesmas Sukoharjo    <br>   Jarak   40    <br>   Jenis   Drop Core]]></description>
        <styleUrl>#line-4CE600-2000</styleUrl>
        <LineString>
          <tessellate>1</tessellate>
          <coordinates>
            110.83599,-7.67567,0
            110.836348,-7.67564,0
          </coordinates>
        </LineString>
      </Placemark>
      <Placemark>
        <name>0</name>
        <description><![CDATA[0    <br>       <br>   FID   10    <br>   Id   0    <br>   Titik_Awal   ODP Simpang Tentara Pelajar    <br>   Titik_Akhr   GOR Jombor    <br>   Jarak   119    <br>   Jenis   Drop Core]]></description>
        <styleUrl>#line-4CE600-2000</styleUrl>
        <LineString>
          <tessellate>1</tessellate>
          <coordinates>
            110.841959,-7.672486,0
            110.841823,-7.672524,0
            110.841605,-7.673433,0
          </coordinates>
        </LineString>
      </Placemark>
      <Placemark>
        <name>0</name>
        <description><![CDATA[0    <br>       <br>   FID   11    <br>   Id   0    <br>   Titik_Awal   ODP Dinas Sosial    <br>   Titik_Akhr   CCTV Carikan    <br>   Jarak   136    <br>   Jenis   Drop Core]]></description>
        <styleUrl>#line-4CE600-2000</styleUrl>
        <LineString>
          <tessellate>1</tessellate>
          <coordinates>
            110.832178,-7.681332,0
            110.83228,-7.681484,0
            110.832683,-7.681505,0
            110.83326,-7.681536,0
            110.833261,-7.681471,0
          </coordinates>
        </LineString>
      </Placemark>
      <Placemark>
        <name>0</name>
        <description><![CDATA[0    <br>       <br>   FID   12    <br>   Id   0    <br>   Titik_Awal   ODP Dinas Sosial    <br>   Titik_Akhr   Kantor Kelurahan Jetis    <br>   Jarak   223    <br>   Jenis   Drop Core]]></description>
        <styleUrl>#line-4CE600-2000</styleUrl>
        <LineString>
          <tessellate>1</tessellate>
          <coordinates>
            110.833295,-7.682616,0
            110.833263,-7.682685,0
            110.833401,-7.682747,0
            110.833643,-7.682192,0
            110.833755,-7.681574,0
            110.83326,-7.681536,0
            110.833261,-7.681471,0
          </coordinates>
        </LineString>
      </Placemark>
      <Placemark>
        <name>0</name>
        <description><![CDATA[0    <br>       <br>   FID   13    <br>   Id   0    <br>   Titik_Awal   ODP Dinas Kearsipan Perpustakaan    <br>   Titik_Akhr   CCTV Simpang 5 Proliman    <br>   Jarak   142    <br>   Jenis   Drop Core]]></description>
        <styleUrl>#line-4CE600-2000</styleUrl>
        <LineString>
          <tessellate>1</tessellate>
          <coordinates>
            110.842537,-7.682559,0
            110.842588,-7.682615,0
            110.842658,-7.682617,0
            110.842781,-7.68262,0
            110.842897,-7.682957,0
            110.843072,-7.683403,0
            110.843232,-7.683321,0
          </coordinates>
        </LineString>
      </Placemark>
      <Placemark>
        <name>0</name>
        <description><![CDATA[0    <br>       <br>   FID   14    <br>   Id   0    <br>   Titik_Awal   ODP Dinas Kesehatan    <br>   Titik_Akhr   CCTV DKR    <br>   Jarak   22    <br>   Jenis   Drop Core]]></description>
        <styleUrl>#line-4CE600-2000</styleUrl>
        <LineString>
          <tessellate>1</tessellate>
          <coordinates>
            110.850151,-7.68451,0
            110.850029,-7.68467,0
          </coordinates>
        </LineString>
      </Placemark>
      <Placemark>
        <name>0</name>
        <description><![CDATA[0    <br>       <br>   FID   15    <br>   Id   0    <br>   Titik_Awal   ODP Dinas Kesehatan    <br>   Titik_Akhr   Rumah Dinas Setda    <br>   Jarak   214    <br>   Jenis   Drop Core]]></description>
        <styleUrl>#line-4CE600-2000</styleUrl>
        <LineString>
          <tessellate>1</tessellate>
          <coordinates>
            110.848992,-7.684856,0
            110.848908,-7.685025,0
            110.849852,-7.685319,0
            110.849944,-7.685107,0
            110.850118,-7.684705,0
            110.850029,-7.68467,0
          </coordinates>
        </LineString>
      </Placemark>
      <Placemark>
        <name>0</name>
        <description><![CDATA[0    <br>       <br>   FID   16    <br>   Id   0    <br>   Titik_Awal   ODP Polsek Bendosari    <br>   Titik_Akhr   Puskesmas Bendosari    <br>   Jarak   78    <br>   Jenis   Drop Core]]></description>
        <styleUrl>#line-4CE600-2000</styleUrl>
        <LineString>
          <tessellate>1</tessellate>
          <coordinates>
            110.874196,-7.69161,0
            110.873746,-7.692157,0
          </coordinates>
        </LineString>
      </Placemark>
      <Placemark>
        <name>0</name>
        <description><![CDATA[0    <br>       <br>   FID   17    <br>   Id   0    <br>   Titik_Awal   ODP Dinas Kesehatan    <br>   Titik_Akhr   Taman Pakujoyo    <br>   Jarak   494    <br>   Jenis   6 Core]]></description>
        <styleUrl>#line-FF5500-7000</styleUrl>
        <LineString>
          <tessellate>1</tessellate>
          <coordinates>
            110.848906,-7.688711,0
            110.848834,-7.68828,0
            110.848833,-7.688277,0
            110.848845,-7.687988,0
            110.848892,-7.687597,0
            110.848902,-7.687551,0
            110.848911,-7.687512,0
            110.84898,-7.687217,0
            110.848989,-7.687185,0
            110.849046,-7.687031,0
            110.849089,-7.686916,0
            110.849104,-7.686875,0
            110.849199,-7.686695,0
            110.849357,-7.686391,0
            110.849453,-7.686208,0
            110.849545,-7.686003,0
            110.849566,-7.685957,0
            110.849574,-7.685939,0
            110.849737,-7.685576,0
            110.849756,-7.685532,0
            110.849849,-7.685325,0
            110.849852,-7.685319,0
            110.849869,-7.685279,0
            110.849944,-7.685107,0
            110.850118,-7.684705,0
            110.850147,-7.684638,0
            110.850029,-7.68467,0
          </coordinates>
        </LineString>
      </Placemark>
      <Placemark>
        <name>0</name>
        <description><![CDATA[0    <br>       <br>   FID   18    <br>   Id   0    <br>   Titik_Awal   ODP Kelurahan Begajah    <br>   Titik_Akhr   CCTV Begajah    <br>   Jarak   262    <br>   Jenis   Drop Core]]></description>
        <styleUrl>#line-4CE600-2000</styleUrl>
        <LineString>
          <tessellate>1</tessellate>
          <coordinates>
            110.853396,-7.701862,0
            110.85392,-7.702673,0
            110.854659,-7.703815,0
            110.854685,-7.703854,0
          </coordinates>
        </LineString>
      </Placemark>
      <Placemark>
        <name>0</name>
        <description><![CDATA[0    <br>       <br>   FID   19    <br>   Id   0    <br>   Titik_Awal   ODP Kantor Desa Nguter    <br>   Titik_Akhr   Puskesmas Nguter    <br>   Jarak   937    <br>   Jenis   Drop Core]]></description>
        <styleUrl>#line-4CE600-2000</styleUrl>
        <LineString>
          <tessellate>1</tessellate>
          <coordinates>
            110.874266,-7.739816,0
            110.874479,-7.739779,0
            110.873094,-7.737071,0
            110.872453,-7.735923,0
            110.871012,-7.73321,0
            110.870541,-7.732521,0
          </coordinates>
        </LineString>
      </Placemark>
      <Placemark>
        <name>0</name>
        <description><![CDATA[0    <br>       <br>   FID   20    <br>   Id   0    <br>   Titik_Awal   ODP Kecamatan Tawangsari    <br>   Titik_Akhr   Puskesmas Tawangsari    <br>   Jarak   223    <br>   Jenis   Drop Core]]></description>
        <styleUrl>#line-4CE600-2000</styleUrl>
        <LineString>
          <tessellate>1</tessellate>
          <coordinates>
            110.796252,-7.736449,0
            110.796625,-7.736542,0
            110.796714,-7.736213,0
            110.796914,-7.735479,0
            110.796962,-7.735269,0
            110.797082,-7.735002,0
            110.79711,-7.734998,0
          </coordinates>
        </LineString>
      </Placemark>
      <Placemark>
        <name>0</name>
        <description><![CDATA[0    <br>       <br>   FID   21    <br>   Id   0    <br>   Titik_Awal   ODP Kecamatan Weru    <br>   Titik_Akhr   Puskesmas Weru    <br>   Jarak   145    <br>   Jenis   Drop Core]]></description>
        <styleUrl>#line-4CE600-2000</styleUrl>
        <LineString>
          <tessellate>1</tessellate>
          <coordinates>
            110.758921,-7.7594,0
            110.75893,-7.759231,0
            110.759595,-7.759429,0
            110.759874,-7.759497,0
            110.759991,-7.759377,0
          </coordinates>
        </LineString>
      </Placemark>
      <Placemark>
        <name>0</name>
        <description><![CDATA[0    <br>       <br>   FID   22    <br>   Id   0    <br>   Titik_Awal   ODP Kecamatan Weru    <br>   Titik_Akhr   Pasar Tawang Weru    <br>   Jarak   56    <br>   Jenis   Drop Core]]></description>
        <styleUrl>#line-4CE600-2000</styleUrl>
        <LineString>
          <tessellate>1</tessellate>
          <coordinates>
            110.759715,-7.759072,0
            110.759793,-7.759057,0
            110.75986,-7.75904,0
            110.759991,-7.759377,0
          </coordinates>
        </LineString>
      </Placemark>
      <Placemark>
        <name>0</name>
        <description><![CDATA[0    <br>       <br>   FID   23    <br>   Id   0    <br>   Titik_Awal   ODP Taman Wijaya Kusuma    <br>   Titik_Akhr   Taman Sonorejo    <br>   Jarak   92    <br>   Jenis   Drop Core]]></description>
        <styleUrl>#line-4CE600-2000</styleUrl>
        <LineString>
          <tessellate>1</tessellate>
          <coordinates>
            110.79857,-7.649478,0
            110.798632,-7.649483,0
            110.798686,-7.64918,0
            110.798753,-7.648805,0
            110.79868,-7.64876,0
          </coordinates>
        </LineString>
      </Placemark>
      <Placemark>
        <name>0</name>
        <description><![CDATA[0    <br>       <br>   FID   24    <br>   Id   0    <br>   Titik_Awal   ODP Kecamatan Bulu    <br>   Titik_Akhr   Puskesmas Bulu    <br>   Jarak   65    <br>   Jenis   Drop Core]]></description>
        <styleUrl>#line-4CE600-2000</styleUrl>
        <LineString>
          <tessellate>1</tessellate>
          <coordinates>
            110.832816,-7.765468,0
            110.832935,-7.765539,0
            110.833095,-7.7652,0
            110.833034,-7.765163,0
          </coordinates>
        </LineString>
      </Placemark>
      <Placemark>
        <name>0</name>
        <description><![CDATA[0    <br>       <br>   FID   25    <br>   Id   0    <br>   Titik_Awal   ODP Kecamatan Bulu    <br>   Titik_Akhr   Pasar Bulu    <br>   Jarak   49    <br>   Jenis   Drop Core]]></description>
        <styleUrl>#line-4CE600-2000</styleUrl>
        <LineString>
          <tessellate>1</tessellate>
          <coordinates>
            110.833352,-7.765469,0
            110.833095,-7.7652,0
            110.833034,-7.765163,0
          </coordinates>
        </LineString>
      </Placemark>
      <Placemark>
        <name>0</name>
        <description><![CDATA[0    <br>       <br>   FID   26    <br>   Id   0    <br>   Titik_Awal   ODP Simpang Kartosuro    <br>   Titik_Akhr   CCTV Simpang Ngasem    <br>   Jarak   2548    <br>   Jenis   4 Core]]></description>
        <styleUrl>#line-A900E6-6000</styleUrl>
        <LineString>
          <tessellate>1</tessellate>
          <coordinates>
            110.716923,-7.542972,0
            110.716974,-7.542991,0
            110.717716,-7.543271,0
            110.717805,-7.543304,0
            110.718158,-7.54345,0
            110.718199,-7.543467,0
            110.718612,-7.543605,0
            110.719034,-7.543745,0
            110.719043,-7.543748,0
            110.719047,-7.54375,0
            110.719377,-7.543866,0
            110.719417,-7.54388,0
            110.719931,-7.544065,0
            110.720323,-7.544201,0
            110.720747,-7.544346,0
            110.720909,-7.5444,0
            110.72107,-7.544455,0
            110.721318,-7.54454,0
            110.721386,-7.544564,0
            110.721451,-7.5446,0
            110.721708,-7.544691,0
            110.72173,-7.544699,0
            110.722433,-7.544926,0
            110.722837,-7.545046,0
            110.72288,-7.545059,0
            110.72289,-7.545062,0
            110.722922,-7.545071,0
            110.72293,-7.545074,0
            110.723343,-7.545207,0
            110.723623,-7.545289,0
            110.723947,-7.545397,0
            110.724264,-7.545515,0
            110.724401,-7.54556,0
            110.724775,-7.545683,0
            110.724842,-7.545705,0
            110.725213,-7.545825,0
            110.725225,-7.545829,0
            110.725349,-7.545869,0
            110.725924,-7.546041,0
            110.725992,-7.546062,0
            110.726356,-7.546178,0
            110.726409,-7.546195,0
            110.726464,-7.546204,0
            110.726671,-7.546261,0
            110.72717,-7.546399,0
            110.727259,-7.546424,0
            110.727278,-7.546429,0
            110.727318,-7.54644,0
            110.727429,-7.546467,0
            110.728101,-7.546739,0
            110.728157,-7.546766,0
            110.728179,-7.546774,0
            110.728274,-7.546807,0
            110.729069,-7.547084,0
            110.729248,-7.547147,0
            110.729568,-7.547258,0
            110.72959,-7.547266,0
            110.729742,-7.547319,0
            110.730164,-7.547473,0
            110.730472,-7.547594,0
            110.731104,-7.547844,0
            110.731642,-7.548132,0
            110.731666,-7.548144,0
            110.731669,-7.548146,0
            110.731799,-7.548215,0
            110.73287,-7.548775,0
            110.733098,-7.548895,0
            110.733173,-7.548935,0
            110.733536,-7.549129,0
            110.733538,-7.54913,0
            110.73366,-7.549194,0
            110.733932,-7.549306,0
            110.733977,-7.549325,0
            110.734295,-7.549456,0
            110.734333,-7.549465,0
            110.73451,-7.549547,0
            110.735204,-7.54981,0
            110.735323,-7.549855,0
            110.735351,-7.549864,0
            110.735402,-7.549881,0
            110.735431,-7.549891,0
            110.73546,-7.549904,0
            110.735496,-7.549921,0
            110.735498,-7.549921,0
            110.735537,-7.549933,0
            110.735791,-7.550007,0
            110.736598,-7.550263,0
            110.736787,-7.550317,0
            110.736981,-7.550369,0
            110.735597,-7.551295,0
          </coordinates>
        </LineString>
      </Placemark>
      <Placemark>
        <name>0</name>
        <description><![CDATA[0    <br>       <br>   FID   27    <br>   Id   0    <br>   Titik_Awal   ODP Simpang Kartosuro    <br>   Titik_Akhr   Closure Pom Sawit    <br>   Jarak   2925    <br>   Jenis   4 Core]]></description>
        <styleUrl>#line-A900E6-6000</styleUrl>
        <LineString>
          <tessellate>1</tessellate>
          <coordinates>
            110.71919,-7.571326,0
            110.719325,-7.571104,0
            110.719439,-7.570904,0
            110.719615,-7.570595,0
            110.719647,-7.570539,0
            110.719771,-7.570307,0
            110.71987,-7.57012,0
            110.720002,-7.569872,0
            110.720135,-7.569613,0
            110.720264,-7.56936,0
            110.720465,-7.568972,0
            110.720937,-7.568204,0
            110.721206,-7.567767,0
            110.721217,-7.567748,0
            110.721241,-7.567707,0
            110.721268,-7.567662,0
            110.721436,-7.56739,0
            110.721486,-7.567308,0
            110.721486,-7.567306,0
            110.721488,-7.567302,0
            110.721502,-7.567283,0
            110.721615,-7.56711,0
            110.721638,-7.567075,0
            110.722066,-7.566327,0
            110.722257,-7.565995,0
            110.722708,-7.565177,0
            110.722857,-7.564872,0
            110.723186,-7.564205,0
            110.723316,-7.563939,0
            110.723415,-7.56374,0
            110.723605,-7.563357,0
            110.723924,-7.562712,0
            110.724055,-7.562483,0
            110.724544,-7.561627,0
            110.724578,-7.561577,0
            110.724978,-7.560992,0
            110.725285,-7.560541,0
            110.725392,-7.560384,0
            110.72549,-7.560272,0
            110.726043,-7.55964,0
            110.726246,-7.559413,0
            110.726861,-7.558727,0
            110.727024,-7.558536,0
            110.727658,-7.557794,0
            110.72778,-7.557682,0
            110.728025,-7.557458,0
            110.728507,-7.556913,0
            110.72866,-7.556776,0
            110.728706,-7.556735,0
            110.729388,-7.55598,0
            110.729546,-7.555824,0
            110.730232,-7.555146,0
            110.730259,-7.555119,0
            110.730913,-7.554537,0
            110.731119,-7.554354,0
            110.731601,-7.553861,0
            110.731616,-7.553851,0
            110.731665,-7.55382,0
            110.731793,-7.553738,0
            110.731883,-7.55368,0
            110.732044,-7.553577,0
            110.732241,-7.553452,0
            110.732435,-7.553329,0
            110.732381,-7.553363,0
            110.733268,-7.552802,0
            110.733439,-7.552692,0
            110.733561,-7.552622,0
            110.733951,-7.552396,0
            110.733964,-7.552386,0
            110.734676,-7.551876,0
            110.735597,-7.551295,0
          </coordinates>
        </LineString>
      </Placemark>
      <Placemark>
        <name>0</name>
        <description><![CDATA[0    <br>       <br>   FID   28    <br>   Id   0    <br>   Titik_Awal   ODP Sraten    <br>   Titik_Akhr   ODP Sanggung    <br>   Jarak   2409    <br>   Jenis   4 Core]]></description>
        <styleUrl>#line-A900E6-6000</styleUrl>
        <LineString>
          <tessellate>1</tessellate>
          <coordinates>
            110.704218,-7.591327,0
            110.704435,-7.591171,0
            110.70472,-7.590964,0
            110.70521,-7.590606,0
            110.70529,-7.590548,0
            110.705406,-7.590464,0
            110.705453,-7.59043,0
            110.705487,-7.590406,0
            110.705756,-7.590212,0
            110.705927,-7.590089,0
            110.706248,-7.589859,0
            110.706297,-7.589824,0
            110.706609,-7.589601,0
            110.70677,-7.589494,0
            110.706849,-7.589441,0
            110.706877,-7.589422,0
            110.707175,-7.589224,0
            110.707676,-7.588893,0
            110.707805,-7.58881,0
            110.708375,-7.588446,0
            110.70848,-7.588377,0
            110.708933,-7.588082,0
            110.709114,-7.587969,0
            110.709396,-7.587792,0
            110.709558,-7.58769,0
            110.709646,-7.587635,0
            110.710011,-7.587373,0
            110.710029,-7.58736,0
            110.710105,-7.587305,0
            110.71063,-7.586929,0
            110.710704,-7.586876,0
            110.710781,-7.586805,0
            110.711896,-7.585783,0
            110.711979,-7.585706,0
            110.712162,-7.585525,0
            110.712261,-7.585426,0
            110.712421,-7.585267,0
            110.712776,-7.584914,0
            110.712817,-7.584874,0
            110.712863,-7.584828,0
            110.712908,-7.58476,0
            110.712964,-7.584678,0
            110.712995,-7.584632,0
            110.713005,-7.584617,0
            110.713009,-7.58461,0
            110.713019,-7.584592,0
            110.713043,-7.584551,0
            110.713076,-7.584494,0
            110.713108,-7.584439,0
            110.713123,-7.584413,0
            110.71314,-7.584377,0
            110.713221,-7.584201,0
            110.713274,-7.584086,0
            110.71338,-7.583858,0
            110.713515,-7.583526,0
            110.713606,-7.583302,0
            110.713607,-7.583299,0
            110.71368,-7.583121,0
            110.713751,-7.58294,0
            110.713784,-7.582855,0
            110.713971,-7.582378,0
            110.713984,-7.582346,0
            110.714045,-7.582177,0
            110.714178,-7.581815,0
            110.714249,-7.581622,0
            110.714293,-7.581505,0
            110.714389,-7.581244,0
            110.714478,-7.581006,0
            110.714538,-7.580844,0
            110.714545,-7.580826,0
            110.714695,-7.580425,0
            110.714835,-7.580052,0
            110.714838,-7.580045,0
            110.715002,-7.579613,0
            110.715085,-7.579392,0
            110.715179,-7.579167,0
            110.715284,-7.578913,0
            110.715332,-7.578797,0
            110.715334,-7.578793,0
            110.715394,-7.578649,0
            110.715403,-7.578627,0
            110.715406,-7.578619,0
            110.71544,-7.578547,0
            110.715534,-7.578346,0
            110.715543,-7.578327,0
            110.715631,-7.578073,0
            110.71565,-7.578028,0
            110.715715,-7.577883,0
            110.715881,-7.577513,0
            110.715985,-7.577287,0
            110.716178,-7.577001,0
            110.716191,-7.576982,0
            110.716206,-7.57696,0
            110.716221,-7.576937,0
            110.716245,-7.576901,0
            110.716601,-7.576373,0
            110.716642,-7.576313,0
            110.717312,-7.574838,0
          </coordinates>
        </LineString>
      </Placemark>
      <Placemark>
        <name>0</name>
        <description><![CDATA[0    <br>       <br>   FID   29    <br>   Id   0    <br>   Titik_Awal   ODP Patung Jamu    <br>   Titik_Akhr   CCTV Patung Jamu    <br>   Jarak   40    <br>   Jenis   Drop Core]]></description>
        <styleUrl>#line-4CE600-2000</styleUrl>
        <LineString>
          <tessellate>1</tessellate>
          <coordinates>
            110.830653,-7.645905,0
            110.830601,-7.645759,0
            110.830564,-7.645651,0
            110.830512,-7.645599,0
            110.830516,-7.645617,0
          </coordinates>
        </LineString>
      </Placemark>
      <Placemark>
        <name>0</name>
        <description><![CDATA[0    <br>       <br>   FID   30    <br>   Id   0    <br>   Titik_Awal   ODP Patung Jamu    <br>   Titik_Akhr   Kantor Kelurahan Bulakrejo    <br>   Jarak   132    <br>   Jenis   Drop Core]]></description>
        <styleUrl>#line-4CE600-2000</styleUrl>
        <LineString>
          <tessellate>1</tessellate>
          <coordinates>
            110.830246,-7.646441,0
            110.830161,-7.646558,0
            110.830387,-7.646631,0
            110.830554,-7.64624,0
            110.830641,-7.646035,0
            110.830673,-7.645961,0
            110.830653,-7.645905,0
            110.830646,-7.645886,0
          </coordinates>
        </LineString>
      </Placemark>
      <Placemark>
        <name>0</name>
        <description><![CDATA[0    <br>       <br>   FID   31    <br>   Id   0    <br>   Titik_Awal   ODP Patung Jamu    <br>   Titik_Akhr   CCTV Tikungan Utara SPBU Bulakrejo    <br>   Jarak   1377    <br>   Jenis   Drop Core]]></description>
        <styleUrl>#line-4CE600-2000</styleUrl>
        <LineString>
          <tessellate>1</tessellate>
          <coordinates>
            110.827349,-7.633906,0
            110.827187,-7.634001,0
            110.827259,-7.634197,0
            110.827341,-7.634421,0
            110.827343,-7.634429,0
            110.827411,-7.634612,0
            110.82751,-7.634884,0
            110.827518,-7.634886,0
            110.827532,-7.634924,0
            110.827556,-7.634989,0
            110.827587,-7.635074,0
            110.827594,-7.635095,0
            110.827639,-7.635217,0
            110.82772,-7.635464,0
            110.827781,-7.635651,0
            110.827785,-7.635665,0
            110.827903,-7.636025,0
            110.827906,-7.636033,0
            110.827942,-7.636143,0
            110.827974,-7.636241,0
            110.828087,-7.636635,0
            110.828108,-7.63671,0
            110.828189,-7.636992,0
            110.828227,-7.637125,0
            110.828262,-7.637246,0
            110.828345,-7.637537,0
            110.828388,-7.637688,0
            110.828424,-7.637814,0
            110.828448,-7.637897,0
            110.828454,-7.637917,0
            110.828469,-7.637971,0
            110.828472,-7.637982,0
            110.828497,-7.638069,0
            110.828506,-7.638099,0
            110.828494,-7.63807,0
            110.828564,-7.638356,0
            110.828569,-7.638376,0
            110.828574,-7.638401,0
            110.828623,-7.638613,0
            110.828635,-7.638668,0
            110.828648,-7.638712,0
            110.828666,-7.63877,0
            110.82867,-7.638783,0
            110.828722,-7.638957,0
            110.828725,-7.638967,0
            110.828783,-7.63916,0
            110.82883,-7.639318,0
            110.828898,-7.639543,0
            110.828902,-7.639559,0
            110.828934,-7.639662,0
            110.828936,-7.639671,0
            110.829023,-7.639961,0
            110.829026,-7.639971,0
            110.829029,-7.639984,0
            110.829045,-7.640035,0
            110.829043,-7.640039,0
            110.829068,-7.640136,0
            110.829132,-7.640381,0
            110.829133,-7.640388,0
            110.829173,-7.64054,0
            110.829207,-7.640672,0
            110.829256,-7.640861,0
            110.829291,-7.640997,0
            110.829277,-7.640943,0
            110.829291,-7.640997,0
            110.829303,-7.641047,0
            110.829309,-7.641068,0
            110.829317,-7.641098,0
            110.829323,-7.641123,0
            110.829378,-7.641335,0
            110.829392,-7.641386,0
            110.829408,-7.641443,0
            110.829444,-7.641575,0
            110.829446,-7.641583,0
            110.829486,-7.641728,0
            110.829488,-7.641735,0
            110.829509,-7.64181,0
            110.82956,-7.641994,0
            110.829574,-7.642045,0
            110.829579,-7.642062,0
            110.829613,-7.642187,0
            110.829653,-7.642329,0
            110.829761,-7.642721,0
            110.829792,-7.642831,0
            110.829941,-7.64333,0
            110.830108,-7.644001,0
            110.830167,-7.644237,0
            110.830169,-7.644241,0
            110.830248,-7.644559,0
            110.83026,-7.64461,0
            110.830359,-7.644998,0
            110.830505,-7.645573,0
            110.830512,-7.645599,0
            110.830516,-7.645617,0
          </coordinates>
        </LineString>
      </Placemark>
      <Placemark>
        <name>0</name>
        <description><![CDATA[0    <br>       <br>   FID   32    <br>   Id   0    <br>   Titik_Awal   ODP Kelurahan Begajah    <br>   Titik_Akhr   Kantor Kelurahan Begajah    <br>   Jarak   29    <br>   Jenis   Drop Core]]></description>
        <styleUrl>#line-4CE600-2000</styleUrl>
        <LineString>
          <tessellate>1</tessellate>
          <coordinates>
            110.854429,-7.703836,0
            110.854694,-7.703848,0
          </coordinates>
        </LineString>
      </Placemark>
      <Placemark>
        <name>0</name>
        <description><![CDATA[0    <br>       <br>   FID   33    <br>   Id   0    <br>   Titik_Awal   ODP Kelurahan Begajah    <br>   Titik_Akhr   CCTV Begajah    <br>   Jarak   262    <br>   Jenis   Drop Core]]></description>
        <styleUrl>#line-4CE600-2000</styleUrl>
        <LineString>
          <tessellate>1</tessellate>
          <coordinates>
            110.853394,-7.701863,0
            110.854694,-7.703848,0
          </coordinates>
        </LineString>
      </Placemark>
      <Placemark>
        <name>0</name>
        <description><![CDATA[0    <br>       <br>   FID   34    <br>   Id   0    <br>   Titik_Awal   ODP Dinas Kearsipan Perpustakaan    <br>   Titik_Akhr   ODP Mandan    <br>   Jarak   1311    <br>   Jenis   4 Core]]></description>
        <styleUrl>#line-A900E6-6000</styleUrl>
        <LineString>
          <tessellate>1</tessellate>
          <coordinates>
            110.839087,-7.693544,0
            110.840143,-7.690284,0
            110.840347,-7.688929,0
            110.84069,-7.687815,0
            110.841264,-7.686065,0
            110.842234,-7.683678,0
            110.840758,-7.683499,0
          </coordinates>
        </LineString>
      </Placemark>
      <Placemark>
        <name>0</name>
        <description><![CDATA[0    <br>       <br>   FID   35    <br>   Id   0    <br>   Titik_Awal   ODP Mandan    <br>   Titik_Akhr   CCTV Mandan    <br>   Jarak   24    <br>   Jenis   Drop Core]]></description>
        <styleUrl>#line-4CE600-2000</styleUrl>
        <LineString>
          <tessellate>1</tessellate>
          <coordinates>
            110.839267,-7.69351,0
            110.839264,-7.693509,0
            110.839258,-7.693532,0
            110.839245,-7.69356,0
            110.839087,-7.693544,0
          </coordinates>
        </LineString>
      </Placemark>
      <Placemark>
        <name>0</name>
        <description><![CDATA[0    <br>       <br>   FID   36    <br>   Id   0    <br>   Titik_Awal   ODP Mandan    <br>   Titik_Akhr   Kantor Kelurahan Joho    <br>   Jarak   347    <br>   Jenis   Drop Core]]></description>
        <styleUrl>#line-4CE600-2000</styleUrl>
        <LineString>
          <tessellate>1</tessellate>
          <coordinates>
            110.840054,-7.690557,0
            110.839976,-7.690797,0
            110.839796,-7.691353,0
            110.839358,-7.692708,0
            110.839087,-7.693544,0
          </coordinates>
        </LineString>
      </Placemark>
      <Placemark>
        <name>0</name>
        <description><![CDATA[0    <br>       <br>   FID   37    <br>   Id   0    <br>   Titik_Awal   ODP Pasar Cuplik    <br>   Titik_Akhr   ODP Kelurahan Kenep    <br>   Jarak   2308    <br>   Jenis   4 Core]]></description>
        <styleUrl>#line-A900E6-6000</styleUrl>
        <LineString>
          <tessellate>1</tessellate>
          <coordinates>
            110.811355,-7.68659,0
            110.812613,-7.681881,0
            110.81262,-7.681853,0
            110.812373,-7.68186,0
            110.811663,-7.681837,0
            110.811301,-7.681808,0
            110.810732,-7.681761,0
            110.810613,-7.681751,0
            110.809239,-7.681716,0
            110.809072,-7.681712,0
            110.807511,-7.681641,0
            110.807087,-7.681634,0
            110.806788,-7.681618,0
            110.806528,-7.681603,0
            110.806442,-7.681589,0
            110.806275,-7.681547,0
            110.805953,-7.681444,0
            110.805858,-7.681403,0
            110.805634,-7.681308,0
            110.805545,-7.681263,0
            110.805418,-7.681198,0
            110.80532,-7.681149,0
            110.804893,-7.680948,0
            110.804775,-7.680893,0
            110.804769,-7.68089,0
            110.804475,-7.680761,0
            110.804313,-7.680683,0
            110.80431,-7.680682,0
            110.803953,-7.680508,0
            110.803608,-7.680361,0
            110.803535,-7.680329,0
            110.803186,-7.680166,0
            110.802829,-7.679999,0
            110.802234,-7.679709,0
            110.80192,-7.679549,0
            110.80189,-7.679533,0
            110.801699,-7.679431,0
            110.801539,-7.679344,0
            110.801447,-7.679293,0
            110.801284,-7.679203,0
            110.801163,-7.679135,0
            110.801107,-7.679103,0
            110.800844,-7.678955,0
            110.800778,-7.678918,0
            110.800376,-7.678682,0
            110.79988,-7.678414,0
            110.799784,-7.67836,0
            110.799433,-7.678163,0
            110.799347,-7.67811,0
            110.79902,-7.677911,0
            110.799003,-7.6779,0
            110.79895,-7.677869,0
            110.798812,-7.677789,0
            110.798537,-7.677626,0
            110.797881,-7.677252,0
            110.797865,-7.677243,0
            110.797716,-7.677156,0
            110.797709,-7.677167,0
          </coordinates>
        </LineString>
      </Placemark>
      <Placemark>
        <name>0</name>
        <description><![CDATA[0    <br>       <br>   FID   38    <br>   Id   0    <br>   Titik_Awal   ODP Kelurahan Combongan    <br>   Titik_Akhr   Kantor Kelurahan Combongan    <br>   Jarak   446    <br>   Jenis   Drop Core]]></description>
        <styleUrl>#line-4CE600-2000</styleUrl>
        <LineString>
          <tessellate>1</tessellate>
          <coordinates>
            110.814983,-7.687566,0
            110.815058,-7.68732,0
            110.814737,-7.687223,0
            110.814475,-7.687138,0
            110.814173,-7.687039,0
            110.813811,-7.686957,0
            110.813333,-7.686843,0
            110.812904,-7.686775,0
            110.812523,-7.686727,0
            110.811355,-7.68659,0
          </coordinates>
        </LineString>
      </Placemark>
      <Placemark>
        <name>0</name>
        <description><![CDATA[0    <br>       <br>   FID   39    <br>   Id   0    <br>   Titik_Awal   ODP Luwes Gentan    <br>   Titik_Akhr   CCTV Gentan Baki    <br>   Jarak   132    <br>   Jenis   Drop Core]]></description>
        <styleUrl>#line-4CE600-2000</styleUrl>
        <LineString>
          <tessellate>1</tessellate>
          <coordinates>
            110.782837,-7.578302,0
            110.782922,-7.578301,0
            110.783015,-7.578689,0
            110.78285,-7.578001,0
          </coordinates>
        </LineString>
      </Placemark>
      <Placemark>
        <name>0</name>
        <description><![CDATA[0    <br>       <br>   FID   40    <br>   Id   0    <br>   Titik_Awal   ODP RCTI    <br>   Titik_Akhr   ODP Makam Haji    <br>   Jarak   2571    <br>   Jenis   4 Core]]></description>
        <styleUrl>#line-A900E6-6000</styleUrl>
        <LineString>
          <tessellate>1</tessellate>
          <coordinates>
            110.777351,-7.566748,0
            110.778836,-7.566973,0
            110.779322,-7.567031,0
            110.779872,-7.567117,0
            110.7838,-7.567659,0
            110.783696,-7.568537,0
            110.783603,-7.569369,0
            110.783582,-7.569576,0
            110.783578,-7.569718,0
            110.783582,-7.569765,0
            110.783594,-7.569908,0
            110.783724,-7.570591,0
            110.783772,-7.570841,0
            110.783779,-7.570878,0
            110.78383,-7.571151,0
            110.783913,-7.571598,0
            110.783946,-7.57185,0
            110.783952,-7.571894,0
            110.783951,-7.571899,0
            110.783946,-7.571996,0
            110.78394,-7.572115,0
            110.783924,-7.572218,0
            110.78392,-7.572243,0
            110.78392,-7.572244,0
            110.783913,-7.572289,0
            110.783895,-7.572411,0
            110.783891,-7.572432,0
            110.78384,-7.572657,0
            110.783789,-7.572812,0
            110.783785,-7.572826,0
            110.783735,-7.572976,0
            110.783648,-7.57324,0
            110.783531,-7.573578,0
            110.783468,-7.57376,0
            110.783417,-7.573929,0
            110.783336,-7.574196,0
            110.783307,-7.57428,0
            110.783256,-7.574428,0
            110.783216,-7.574543,0
            110.783108,-7.574848,0
            110.783018,-7.574986,0
            110.782784,-7.575339,0
            110.782772,-7.575354,0
            110.782604,-7.575572,0
            110.782515,-7.57572,0
            110.782462,-7.57583,0
            110.78246,-7.575834,0
            110.782448,-7.575861,0
            110.7824,-7.57596,0
            110.782397,-7.575967,0
            110.782372,-7.576112,0
            110.78242,-7.576358,0
            110.78242,-7.576359,0
            110.782512,-7.576687,0
            110.782634,-7.577195,0
            110.784261,-7.583798,0
          </coordinates>
        </LineString>
      </Placemark>
      <Placemark>
        <name>0</name>
        <description><![CDATA[0    <br>       <br>   FID   41    <br>   Id   0    <br>   Titik_Awal   ODP Simpang Kartosuro    <br>   Titik_Akhr   ODP Kelurahan Ngadirejo    <br>   Jarak   1387    <br>   Jenis   4 Core]]></description>
        <styleUrl>#line-A900E6-6000</styleUrl>
        <LineString>
          <tessellate>1</tessellate>
          <coordinates>
            110.753314,-7.557943,0
            110.752511,-7.55749,0
            110.752506,-7.55749,0
            110.752498,-7.557487,0
            110.751901,-7.557191,0
            110.751295,-7.55689,0
            110.751282,-7.556884,0
            110.751193,-7.556829,0
            110.75119,-7.556828,0
            110.750885,-7.556651,0
            110.750724,-7.556558,0
            110.750436,-7.556395,0
            110.750299,-7.556331,0
            110.750295,-7.55633,0
            110.749457,-7.555948,0
            110.749157,-7.555812,0
            110.748535,-7.555563,0
            110.748209,-7.555361,0
            110.748203,-7.555358,0
            110.747857,-7.555203,0
            110.747574,-7.555057,0
            110.747383,-7.554955,0
            110.74703,-7.554768,0
            110.746851,-7.554665,0
            110.746833,-7.554656,0
            110.746693,-7.554585,0
            110.745759,-7.554165,0
            110.745627,-7.554094,0
            110.745618,-7.55409,0
            110.744857,-7.553714,0
            110.744595,-7.553536,0
            110.744107,-7.553306,0
            110.744076,-7.55329,0
            110.743662,-7.553074,0
            110.742634,-7.552592,0
            110.742252,-7.55241,0
            110.742166,-7.552371,0
            110.742147,-7.552437,0
            110.742167,-7.552446,0
          </coordinates>
        </LineString>
      </Placemark>
      <Placemark>
        <name>0</name>
        <description><![CDATA[0    <br>       <br>   FID   42    <br>   Id   0    <br>   Titik_Awal   ODP Kelurahan Ngadirejo    <br>   Titik_Akhr   Kelurahan Ngadirejo    <br>   Jarak   77    <br>   Jenis   Drop Core]]></description>
        <styleUrl>#line-4CE600-2000</styleUrl>
        <LineString>
          <tessellate>1</tessellate>
          <coordinates>
            110.753186,-7.558528,0
            110.753135,-7.558508,0
            110.753091,-7.55849,0
            110.753314,-7.557943,0
          </coordinates>
        </LineString>
      </Placemark>
      <Placemark>
        <name>0</name>
        <description><![CDATA[0    <br>       <br>   FID   43    <br>   Id   0    <br>   Titik_Awal   ODP Kelurahan Ngadirejo    <br>   Titik_Akhr   CCTV Simpang 3 UMS    <br>   Jarak   1821    <br>   Jenis   4 Core]]></description>
        <styleUrl>#line-A900E6-6000</styleUrl>
        <LineString>
          <tessellate>1</tessellate>
          <coordinates>
            110.769055,-7.559606,0
            110.768882,-7.559652,0
            110.768394,-7.559779,0
            110.768287,-7.55981,0
            110.767744,-7.559969,0
            110.767556,-7.560015,0
            110.767299,-7.560086,0
            110.767241,-7.560105,0
            110.76657,-7.560336,0
            110.76655,-7.560343,0
            110.766269,-7.560366,0
            110.765943,-7.560456,0
            110.765657,-7.560511,0
            110.765573,-7.560528,0
            110.765083,-7.560627,0
            110.765059,-7.560631,0
            110.765036,-7.560636,0
            110.764641,-7.560717,0
            110.764261,-7.560771,0
            110.763725,-7.560853,0
            110.763718,-7.560853,0
            110.763365,-7.56087,0
            110.763097,-7.560879,0
            110.763093,-7.560879,0
            110.762831,-7.560879,0
            110.762803,-7.560876,0
            110.762389,-7.560825,0
            110.76213,-7.560816,0
            110.761708,-7.560797,0
            110.761626,-7.560794,0
            110.760883,-7.56077,0
            110.760336,-7.560733,0
            110.760296,-7.560724,0
            110.760295,-7.560724,0
            110.760199,-7.560706,0
            110.759574,-7.560597,0
            110.759212,-7.560534,0
            110.759113,-7.560508,0
            110.759107,-7.560506,0
            110.759096,-7.560504,0
            110.759032,-7.560488,0
            110.758235,-7.56029,0
            110.75823,-7.560289,0
            110.758125,-7.560246,0
            110.758097,-7.560234,0
            110.757677,-7.560098,0
            110.757458,-7.560013,0
            110.757414,-7.559996,0
            110.757073,-7.559863,0
            110.756694,-7.559715,0
            110.756679,-7.559709,0
            110.756636,-7.5597,0
            110.75654,-7.559655,0
            110.75651,-7.559646,0
            110.755923,-7.559398,0
            110.755759,-7.559329,0
            110.755678,-7.559284,0
            110.755334,-7.559093,0
            110.75491,-7.558821,0
            110.754892,-7.55881,0
            110.754777,-7.55874,0
            110.754428,-7.558545,0
            110.754372,-7.558514,0
            110.754019,-7.558319,0
            110.753946,-7.558278,0
            110.753524,-7.558047,0
            110.753501,-7.558034,0
            110.753413,-7.557979,0
            110.753314,-7.557943,0
          </coordinates>
        </LineString>
      </Placemark>
      <Placemark>
        <name>0</name>
        <description><![CDATA[0    <br>       <br>   FID   44    <br>   Id   0    <br>   Titik_Awal   ODP Simpang Slamet Riyadi    <br>   Titik_Akhr   Puskesmas Kartasura Pabelan    <br>   Jarak   457    <br>   Jenis   Drop Core]]></description>
        <styleUrl>#line-4CE600-2000</styleUrl>
        <LineString>
          <tessellate>1</tessellate>
          <coordinates>
            110.732348,-7.553556,0
            110.732241,-7.553452,0
            110.732381,-7.553363,0
            110.732435,-7.553329,0
            110.733268,-7.552802,0
            110.733439,-7.552692,0
            110.733561,-7.552622,0
            110.733951,-7.552396,0
            110.733964,-7.552386,0
            110.734676,-7.551876,0
            110.735597,-7.551295,0
          </coordinates>
        </LineString>
      </Placemark>
      <Placemark>
        <name>0</name>
        <description><![CDATA[0    <br>       <br>   FID   45    <br>   Id   0    <br>   Titik_Awal   ODP Simpang Kartosuro    <br>   Titik_Akhr   ODP Simpang Slamet Riyadi    <br>   Jarak   802    <br>   Jenis   6 Core]]></description>
        <styleUrl>#line-FF5500-7000</styleUrl>
        <LineString>
          <tessellate>1</tessellate>
          <coordinates>
            110.735597,-7.551295,0
            110.73626,-7.550851,0
            110.736326,-7.550807,0
            110.736949,-7.550424,0
            110.73703,-7.550544,0
            110.737312,-7.550587,0
            110.737418,-7.550606,0
            110.738143,-7.550761,0
            110.738169,-7.550767,0
            110.739035,-7.550998,0
            110.739352,-7.551101,0
            110.73966,-7.5512,0
            110.740093,-7.551418,0
            110.740522,-7.551634,0
            110.740852,-7.551799,0
            110.740941,-7.551845,0
            110.741735,-7.552255,0
            110.742145,-7.552436,0
            110.742147,-7.552437,0
            110.742167,-7.552446,0
          </coordinates>
        </LineString>
      </Placemark>
      <Placemark>
        <name>0</name>
        <description><![CDATA[0    <br>       <br>   FID   46    <br>   Id   0    <br>   Titik_Awal   ODP Sanggung    <br>   Titik_Akhr   CCTV Simpang Sanggung    <br>   Jarak   12    <br>   Jenis   Drop Core]]></description>
        <styleUrl>#line-4CE600-2000</styleUrl>
        <LineString>
          <tessellate>1</tessellate>
          <coordinates>
            110.704272,-7.591429,0
            110.704218,-7.591337,0
          </coordinates>
        </LineString>
      </Placemark>
      <Placemark>
        <name>0</name>
        <description><![CDATA[0    <br>       <br>   FID   47    <br>   Id   0    <br>   Titik_Awal   ODP Ngasem    <br>   Titik_Akhr   CCTV Simpang Ngasem    <br>   Jarak   12    <br>   Jenis   Drop Core]]></description>
        <styleUrl>#line-4CE600-2000</styleUrl>
        <LineString>
          <tessellate>1</tessellate>
          <coordinates>
            110.716811,-7.54296,0
            110.716923,-7.542972,0
          </coordinates>
        </LineString>
      </Placemark>
      <Placemark>
        <name>0</name>
        <description><![CDATA[0    <br>       <br>   FID   48    <br>   Id   0    <br>   Titik_Awal   ODP UMS    <br>   Titik_Akhr   CCTV Simpang 3 UMS    <br>   Jarak   20    <br>   Jenis   Drop Core]]></description>
        <styleUrl>#line-4CE600-2000</styleUrl>
        <LineString>
          <tessellate>1</tessellate>
          <coordinates>
            110.769236,-7.559581,0
            110.769055,-7.559606,0
          </coordinates>
        </LineString>
      </Placemark>
      <Placemark>
        <name>0</name>
        <description><![CDATA[0    <br>       <br>   FID   49    <br>   Id   0    <br>   Titik_Awal   ODP Kadilangu    <br>   Titik_Akhr   ODP Luwes Gentan    <br>   Jarak   3486    <br>   Jenis   4 Core]]></description>
        <styleUrl>#line-A900E6-6000</styleUrl>
        <LineString>
          <tessellate>1</tessellate>
          <coordinates>
            110.784261,-7.583798,0
            110.784609,-7.585262,0
            110.784752,-7.585553,0
            110.785054,-7.585773,0
            110.785677,-7.585974,0
            110.786555,-7.586119,0
            110.786193,-7.587155,0
            110.786316,-7.58725,0
            110.786568,-7.587299,0
            110.787075,-7.587411,0
            110.787303,-7.587429,0
            110.788152,-7.587499,0
            110.787917,-7.58814,0
            110.787357,-7.590329,0
            110.786134,-7.594047,0
            110.785841,-7.594744,0
            110.785838,-7.59475,0
            110.785801,-7.594848,0
            110.785789,-7.594879,0
            110.785736,-7.595019,0
            110.785629,-7.595304,0
            110.784949,-7.59716,0
            110.784869,-7.597358,0
            110.784863,-7.597372,0
            110.784853,-7.597399,0
            110.784324,-7.598823,0
            110.784284,-7.599162,0
            110.784282,-7.599354,0
            110.784282,-7.599375,0
            110.78428,-7.599438,0
            110.784277,-7.599728,0
            110.784274,-7.599972,0
            110.784239,-7.600248,0
            110.784194,-7.600619,0
            110.784098,-7.601178,0
            110.784063,-7.601563,0
            110.784021,-7.601819,0
            110.78398,-7.602111,0
            110.783978,-7.602127,0
            110.783969,-7.602189,0
            110.783955,-7.602297,0
            110.78389,-7.602812,0
            110.783813,-7.603329,0
            110.783739,-7.603787,0
            110.78373,-7.603873,0
            110.783716,-7.603995,0
            110.783694,-7.604203,0
            110.783657,-7.604473,0
            110.783653,-7.604484,0
            110.783631,-7.604548,0
            110.783671,-7.604488,0
            110.783653,-7.604484,0
            110.783631,-7.604548,0
            110.783627,-7.604586,0
            110.783675,-7.60459,0
            110.783912,-7.604587,0
            110.784337,-7.604686,0
            110.785202,-7.604854,0
            110.785821,-7.604964,0
            110.786607,-7.605138,0
            110.787012,-7.605221,0
            110.787656,-7.605333,0
            110.788399,-7.605477,0
            110.788545,-7.605574,0
            110.788638,-7.605657,0
            110.788606,-7.606051,0
            110.788583,-7.606217,0
            110.788582,-7.606222,0
            110.788613,-7.606201,0
            110.788642,-7.606218,0
            110.788815,-7.606322,0
            110.788879,-7.60631,0
            110.789556,-7.6062,0
            110.789554,-7.606186,0
          </coordinates>
        </LineString>
      </Placemark>
      <Placemark>
        <name>0</name>
        <description><![CDATA[0    <br>       <br>   FID   50    <br>   Id   0    <br>   Titik_Awal   ODP RCTI    <br>   Titik_Akhr   CCTV Gentan Baki    <br>   Jarak   15    <br>   Jenis   Drop Core]]></description>
        <styleUrl>#line-4CE600-2000</styleUrl>
        <LineString>
          <tessellate>1</tessellate>
          <coordinates>
            110.784122,-7.583803,0
            110.784261,-7.583798,0
          </coordinates>
        </LineString>
      </Placemark>
      <Placemark>
        <name>0</name>
        <description><![CDATA[0    <br>       <br>   FID   51    <br>   Id   0    <br>   Titik_Awal   ODP Makam Haji    <br>   Titik_Akhr   CCTV Underpass Makam Haji    <br>   Jarak   17    <br>   Jenis   Drop Core]]></description>
        <styleUrl>#line-4CE600-2000</styleUrl>
        <LineString>
          <tessellate>1</tessellate>
          <coordinates>
            110.777204,-7.566714,0
            110.777351,-7.566748,0
          </coordinates>
        </LineString>
      </Placemark>
      <Placemark>
        <name>0</name>
        <description><![CDATA[0    <br>       <br>   FID   52    <br>   Id   0    <br>   Titik_Awal   ODP Simpang Kadilangu    <br>   Titik_Akhr   ODP Baki    <br>   Jarak   552    <br>   Jenis   4 Core]]></description>
        <styleUrl>#line-A900E6-6000</styleUrl>
        <LineString>
          <tessellate>1</tessellate>
          <coordinates>
            110.784665,-7.607118,0
            110.785337,-7.60681,0
            110.785825,-7.606707,0
            110.78792,-7.606443,0
            110.789554,-7.606186,0
          </coordinates>
        </LineString>
      </Placemark>
      <Placemark>
        <name>0</name>
        <description><![CDATA[0    <br>       <br>   FID   53    <br>   Id   0    <br>   Titik_Awal   ODP Baki    <br>   Titik_Akhr   Puskesmas Baki    <br>   Jarak   190    <br>   Jenis   Drop Core]]></description>
        <styleUrl>#line-4CE600-2000</styleUrl>
        <LineString>
          <tessellate>1</tessellate>
          <coordinates>
            110.786019,-7.606945,0
            110.78604,-7.606679,0
            110.785825,-7.606707,0
            110.785337,-7.60681,0
            110.784665,-7.607118,0
          </coordinates>
        </LineString>
      </Placemark>
      <Placemark>
        <name>0</name>
        <description><![CDATA[0    <br>       <br>   FID   54    <br>   Id   0    <br>   Titik_Awal   ODP Puskesmas Grogol    <br>   Titik_Akhr   ODP The Park    <br>   Jarak   903    <br>   Jenis   4 Core]]></description>
        <styleUrl>#line-A900E6-6000</styleUrl>
        <LineString>
          <tessellate>1</tessellate>
          <coordinates>
            110.816398,-7.598637,0
            110.81612,-7.598273,0
            110.816399,-7.597134,0
            110.819824,-7.597844,0
            110.820323,-7.597968,0
            110.819385,-7.600329,0
          </coordinates>
        </LineString>
      </Placemark>
      <Placemark>
        <name>0</name>
        <description><![CDATA[0    <br>       <br>   FID   55    <br>   Id   0    <br>   Titik_Awal   ODP The Park    <br>   Titik_Akhr   The Park PBB Samsat Online    <br>   Jarak   242    <br>   Jenis   Drop Core]]></description>
        <styleUrl>#line-4CE600-2000</styleUrl>
        <LineString>
          <tessellate>1</tessellate>
          <coordinates>
            110.816311,-7.599202,0
            110.817108,-7.599298,0
            110.817224,-7.598752,0
            110.816398,-7.598637,0
          </coordinates>
        </LineString>
      </Placemark>
      <Placemark>
        <name>0</name>
        <description><![CDATA[0    <br>       <br>   FID   56    <br>   Id   0    <br>   Titik_Awal   ODP Kecamatan Mojolaban    <br>   Titik_Akhr   Puskesmas Mojolaban    <br>   Jarak   404    <br>   Jenis   Drop Core]]></description>
        <styleUrl>#line-4CE600-2000</styleUrl>
        <LineString>
          <tessellate>1</tessellate>
          <coordinates>
            110.871038,-7.602351,0
            110.87101,-7.602436,0
            110.872003,-7.602759,0
            110.871069,-7.6051,0
          </coordinates>
        </LineString>
      </Placemark>
      <Placemark>
        <name>0</name>
        <description><![CDATA[0    <br>       <br>   FID   57    <br>   Id   0    <br>   Titik_Awal   ODP Kecamatan Polokarto    <br>   Titik_Akhr   Puskesmas Polokarto    <br>   Jarak   72    <br>   Jenis   Drop Core]]></description>
        <styleUrl>#line-4CE600-2000</styleUrl>
        <LineString>
          <tessellate>1</tessellate>
          <coordinates>
            110.895897,-7.627681,0
            110.896041,-7.627549,0
            110.896308,-7.627926,0
          </coordinates>
        </LineString>
      </Placemark>
      <Placemark>
        <name>0</name>
        <description><![CDATA[0    <br>       <br>   FID   58    <br>   Id   0    <br>   Titik_Awal   ODP Taman Pakujoyo    <br>   Titik_Akhr   Taman Pakujoyo    <br>   Jarak   24    <br>   Jenis   Drop Core]]></description>
        <styleUrl>#line-4CE600-2000</styleUrl>
        <LineString>
          <tessellate>1</tessellate>
          <coordinates>
            110.849124,-7.688724,0
            110.848906,-7.688711,0
          </coordinates>
        </LineString>
      </Placemark>
      <Placemark>
        <name>0</name>
        <description><![CDATA[0    <br>       <br>   FID   59    <br>   Id   0    <br>   Titik_Awal   ODP Taman Pakujoyo    <br>   Titik_Akhr   Rumah Dinas Wabup    <br>   Jarak   242    <br>   Jenis   Drop Core]]></description>
        <styleUrl>#line-4CE600-2000</styleUrl>
        <LineString>
          <tessellate>1</tessellate>
          <coordinates>
            110.849225,-7.690724,0
            110.849081,-7.690746,0
            110.849052,-7.690416,0
            110.849019,-7.690062,0
            110.848906,-7.688711,0
          </coordinates>
        </LineString>
      </Placemark>
      <Placemark>
        <name>0</name>
        <description><![CDATA[0    <br>       <br>   FID   60    <br>   Id   0    <br>   Titik_Awal   ODP Taman Pakujoyo    <br>   Titik_Akhr   Rumah Ketua Dewan    <br>   Jarak   165    <br>   Jenis   Drop Core]]></description>
        <styleUrl>#line-4CE600-2000</styleUrl>
        <LineString>
          <tessellate>1</tessellate>
          <coordinates>
            110.849158,-7.690035,0
            110.849019,-7.690062,0
            110.848947,-7.68921,0
            110.848906,-7.688711,0
          </coordinates>
        </LineString>
      </Placemark>
      <Placemark>
        <name>0</name>
        <description><![CDATA[0    <br>       <br>   FID   61    <br>   Id   0    <br>   Titik_Awal   ODP Simpang 4 Univet    <br>   Titik_Akhr   ODP Gor Jombor    <br>   Jarak   1049    <br>   Jenis   4 Core]]></description>
        <styleUrl>#line-A900E6-6000</styleUrl>
        <LineString>
          <tessellate>1</tessellate>
          <coordinates>
            110.841605,-7.673433,0
            110.84047,-7.673121,0
            110.839903,-7.67303,0
            110.839246,-7.672798,0
            110.838597,-7.671267,0
            110.837878,-7.669405,0
            110.837731,-7.668924,0
            110.837138,-7.666951,0
            110.836865,-7.66617,0
          </coordinates>
        </LineString>
      </Placemark>
      <Placemark>
        <name>0</name>
        <description><![CDATA[0    <br>       <br>   FID   62    <br>   Id   0    <br>   Titik_Awal   Closure Simpang Jetis    <br>   Titik_Akhr   ODP Puskesmas Sukoharjo    <br>   Jarak   828    <br>   Jenis   4 Core]]></description>
        <styleUrl>#line-A900E6-6000</styleUrl>
        <LineString>
          <tessellate>1</tessellate>
          <coordinates>
            110.836348,-7.67564,0
            110.836211,-7.675701,0
            110.836123,-7.675888,0
            110.836032,-7.676053,0
            110.835641,-7.676656,0
            110.835479,-7.676948,0
            110.835405,-7.677271,0
            110.835418,-7.677659,0
            110.835428,-7.677864,0
            110.835213,-7.678285,0
            110.834765,-7.679085,0
            110.834507,-7.679562,0
            110.834329,-7.679905,0
            110.834058,-7.680138,0
            110.833688,-7.68035,0
            110.83291,-7.680901,0
            110.83245,-7.68118,0
            110.832183,-7.68134,0
            110.83213,-7.681372,0
            110.832128,-7.681373,0
            110.832129,-7.681376,0
          </coordinates>
        </LineString>
      </Placemark>
      <Placemark>
        <name>0</name>
        <description><![CDATA[0    <br>       <br>   FID   63    <br>   Id   0    <br>   Titik_Awal   ODP Kelurahan Kenep    <br>   Titik_Akhr   Kantor Kelurahan Kenep    <br>   Jarak   30    <br>   Jenis   Drop Core]]></description>
        <styleUrl>#line-4CE600-2000</styleUrl>
        <LineString>
          <tessellate>1</tessellate>
          <coordinates>
            110.808219,-7.699694,0
            110.807947,-7.69967,0
          </coordinates>
        </LineString>
      </Placemark>
      <Placemark>
        <name>0</name>
        <description><![CDATA[0    <br>       <br>   FID   64    <br>   Id   0    <br>   Titik_Awal   ODP Kelurahan Combongan    <br>   Titik_Akhr   ODP Kelurahan Kenep    <br>   Jarak   1498    <br>   Jenis   4 Core]]></description>
        <styleUrl>#line-A900E6-6000</styleUrl>
        <LineString>
          <tessellate>1</tessellate>
          <coordinates>
            110.807947,-7.69967,0
            110.808024,-7.699412,0
            110.808818,-7.696731,0
            110.809127,-7.695687,0
            110.809269,-7.695209,0
            110.809279,-7.695167,0
            110.809292,-7.695112,0
            110.809401,-7.694657,0
            110.81035,-7.690685,0
            110.810393,-7.690464,0
            110.810397,-7.690445,0
            110.810451,-7.690226,0
            110.810546,-7.689839,0
            110.810583,-7.689686,0
            110.810595,-7.689623,0
            110.810599,-7.689605,0
            110.810652,-7.689421,0
            110.810685,-7.689283,0
            110.81077,-7.688926,0
            110.810782,-7.688881,0
            110.810947,-7.688249,0
            110.811163,-7.687425,0
            110.811177,-7.68737,0
            110.81138,-7.686594,0
            110.811355,-7.68659,0
          </coordinates>
        </LineString>
      </Placemark>
      <Placemark>
        <name>0</name>
        <description><![CDATA[0    <br>       <br>   FID   65    <br>   Id   0    <br>   Titik_Awal   Closure Kenep    <br>   Titik_Akhr   ODP Banmati    <br>   Jarak   71    <br>   Jenis   4 Core]]></description>
        <styleUrl>#line-A900E6-6000</styleUrl>
        <LineString>
          <tessellate>1</tessellate>
          <coordinates>
            110.81672,-7.710831,0
            110.816347,-7.711358,0
          </coordinates>
        </LineString>
      </Placemark>
      <Placemark>
        <name>0</name>
        <description><![CDATA[0    <br>       <br>   FID   66    <br>   Id   0    <br>   Titik_Awal   ODP Banmati    <br>   Titik_Akhr   Kantor Kelurahan Banmati    <br>   Jarak   57    <br>   Jenis   Drop Core]]></description>
        <styleUrl>#line-4CE600-2000</styleUrl>
        <LineString>
          <tessellate>1</tessellate>
          <coordinates>
            110.816289,-7.710554,0
            110.81672,-7.710831,0
          </coordinates>
        </LineString>
      </Placemark>
      <Placemark>
        <name>0</name>
        <description><![CDATA[0    <br>       <br>   FID   67    <br>   Id   0    <br>   Titik_Awal   ODP Kecamatan Tawangsari    <br>   Titik_Akhr   Pasar Tawangsari    <br>   Jarak   242    <br>   Jenis   Drop Core]]></description>
        <styleUrl>#line-4CE600-2000</styleUrl>
        <LineString>
          <tessellate>1</tessellate>
          <coordinates>
            110.795618,-7.735966,0
            110.795634,-7.735605,0
            110.796085,-7.735546,0
            110.796087,-7.735397,0
            110.796741,-7.735372,0
            110.796957,-7.735292,0
            110.797082,-7.735005,0
            110.79711,-7.735001,0
          </coordinates>
        </LineString>
      </Placemark>
      <Placemark>
        <name>0</name>
        <description><![CDATA[0    <br>       <br>   FID   68    <br>   Id   0    <br>   Titik_Awal   ODP Mandan    <br>   Titik_Akhr   ODP Terminal Sukoharjo    <br>   Jarak   1030    <br>   Jenis   6 Core]]></description>
        <styleUrl>#line-FF5500-7000</styleUrl>
        <LineString>
          <tessellate>1</tessellate>
          <coordinates>
            110.848414,-7.694041,0
            110.846441,-7.693937,0
            110.844825,-7.693857,0
            110.844394,-7.693825,0
            110.84004,-7.693551,0
            110.839087,-7.693544,0
          </coordinates>
        </LineString>
      </Placemark>
      <Placemark>
        <name>0</name>
        <description><![CDATA[0    <br>       <br>   FID   69    <br>   Id   0    <br>   Titik_Awal   ODP Mandan    <br>   Titik_Akhr   ODP DPRD    <br>   Jarak   1235    <br>   Jenis   4 Core]]></description>
        <styleUrl>#line-A900E6-6000</styleUrl>
        <LineString>
          <tessellate>1</tessellate>
          <coordinates>
            110.836272,-7.704052,0
            110.836683,-7.702723,0
            110.837041,-7.701554,0
            110.837618,-7.698383,0
            110.837918,-7.697193,0
            110.838122,-7.696598,0
            110.838434,-7.69564,0
            110.839267,-7.69351,0
            110.839087,-7.693544,0
          </coordinates>
        </LineString>
      </Placemark>
      <Placemark>
        <name>0</name>
        <description><![CDATA[0    <br>       <br>   FID   70    <br>   Id   0    <br>   Titik_Awal   ODP DPRD    <br>   Titik_Akhr   Kantor Kelurahan Mandan    <br>   Jarak   17    <br>   Jenis   Drop Core]]></description>
        <styleUrl>#line-4CE600-2000</styleUrl>
        <LineString>
          <tessellate>1</tessellate>
          <coordinates>
            110.836136,-7.703983,0
            110.836272,-7.704052,0
          </coordinates>
        </LineString>
      </Placemark>
      <Placemark>
        <name>0</name>
        <description><![CDATA[0    <br>       <br>   FID   71    <br>   Id   0    <br>   Titik_Awal   ODP Terminal Sukoharjo    <br>   Titik_Akhr   CCTV Terminal Sukoharjo    <br>   Jarak   82    <br>   Jenis   Drop Core]]></description>
        <styleUrl>#line-4CE600-2000</styleUrl>
        <LineString>
          <tessellate>1</tessellate>
          <coordinates>
            110.848802,-7.694675,0
            110.848414,-7.694041,0
          </coordinates>
        </LineString>
      </Placemark>
      <Placemark>
        <name>0</name>
        <description><![CDATA[0    <br>       <br>   FID   72    <br>   Id   0    <br>   Titik_Awal   Closure Songgorunggi    <br>   Titik_Akhr   ODP Songgorunggi    <br>   Jarak   578    <br>   Jenis   4 Core]]></description>
        <styleUrl>#line-A900E6-6000</styleUrl>
        <LineString>
          <tessellate>1</tessellate>
          <coordinates>
            110.865234,-7.722364,0
            110.862802,-7.717729,0
          </coordinates>
        </LineString>
      </Placemark>
      <Placemark>
        <name>0</name>
        <description><![CDATA[0    <br>       <br>   FID   73    <br>   Id   0    <br>   Titik_Awal   ODP Songgorunggi    <br>   Titik_Akhr   CCTV Songgorunggi    <br>   Jarak   24    <br>   Jenis   Drop Core]]></description>
        <styleUrl>#line-4CE600-2000</styleUrl>
        <LineString>
          <tessellate>1</tessellate>
          <coordinates>
            110.865373,-7.722533,0
            110.865234,-7.722364,0
          </coordinates>
        </LineString>
      </Placemark>
      <Placemark>
        <name>0</name>
        <description><![CDATA[0    <br>       <br>   FID   74    <br>   Id   0    <br>   Titik_Awal   ODP Dinas Sosial    <br>   Titik_Akhr   Pasar Carikan    <br>   Jarak   174    <br>   Jenis   Drop Core]]></description>
        <styleUrl>#line-4CE600-2000</styleUrl>
        <LineString>
          <tessellate>1</tessellate>
          <coordinates>
            110.831911,-7.681112,0
            110.832178,-7.681332,0
            110.83228,-7.681484,0
            110.83326,-7.681536,0
            110.833261,-7.681471,0
          </coordinates>
        </LineString>
      </Placemark>
      <Placemark>
        <name>0</name>
        <description><![CDATA[0    <br>       <br>   FID   75    <br>   Id   0    <br>   Titik_Awal   ODP Pasar Cuplik    <br>   Titik_Akhr   Pasar Cuplik    <br>   Jarak   378    <br>   Jenis   Drop Core]]></description>
        <styleUrl>#line-4CE600-2000</styleUrl>
        <LineString>
          <tessellate>1</tessellate>
          <coordinates>
            110.794956,-7.675374,0
            110.794877,-7.67547,0
            110.796036,-7.676212,0
            110.797709,-7.677167,0
          </coordinates>
        </LineString>
      </Placemark>
      <Placemark>
        <name>0</name>
        <description><![CDATA[0    <br>       <br>   FID   76    <br>   Id   0    <br>   Titik_Awal   Closure Tugu Lilin Gawok    <br>   Titik_Akhr   ODP Pasar Gawok    <br>   Jarak   916    <br>   Jenis   4 Core]]></description>
        <styleUrl>#line-A900E6-6000</styleUrl>
        <LineString>
          <tessellate>1</tessellate>
          <coordinates>
            110.751983,-7.602968,0
            110.752382,-7.602217,0
            110.752755,-7.601074,0
            110.752854,-7.600793,0
            110.753191,-7.599853,0
            110.753306,-7.599667,0
            110.753393,-7.599279,0
            110.75358,-7.599064,0
            110.753857,-7.598941,0
            110.754971,-7.599042,0
            110.755607,-7.599099,0
            110.756459,-7.599327,0
            110.757485,-7.599723,0
          </coordinates>
        </LineString>
      </Placemark>
      <Placemark>
        <name>0</name>
        <description><![CDATA[0    <br>       <br>   FID   77    <br>   Id   0    <br>   Titik_Awal   ODP Pasar Gawok    <br>   Titik_Akhr   Pasar Gawok    <br>   Jarak   72    <br>   Jenis   Drop Core]]></description>
        <styleUrl>#line-4CE600-2000</styleUrl>
        <LineString>
          <tessellate>1</tessellate>
          <coordinates>
            110.751521,-7.603,0
            110.75189,-7.603186,0
            110.751983,-7.602968,0
          </coordinates>
        </LineString>
      </Placemark>
      <Placemark>
        <name>0</name>
        <description><![CDATA[0    <br>       <br>   FID   78    <br>   Id   0    <br>   Titik_Awal   ODP Sraten    <br>   Titik_Akhr   Pasar Sraten    <br>   Jarak   43    <br>   Jenis   Drop Core]]></description>
        <styleUrl>#line-4CE600-2000</styleUrl>
        <LineString>
          <tessellate>1</tessellate>
          <coordinates>
            110.717703,-7.574843,0
            110.717312,-7.574838,0
          </coordinates>
        </LineString>
      </Placemark>
      <Placemark>
        <name>0</name>
        <description><![CDATA[0    <br>       <br>   FID   79    <br>   Id   0    <br>   Titik_Awal   Closure Pom Sawit    <br>   Titik_Akhr   ODP Sraten    <br>   Jarak   440    <br>   Jenis   4 Core]]></description>
        <styleUrl>#line-A900E6-6000</styleUrl>
        <LineString>
          <tessellate>1</tessellate>
          <coordinates>
            110.717312,-7.574838,0
            110.717738,-7.573981,0
            110.718579,-7.572432,0
            110.71919,-7.571326,0
          </coordinates>
        </LineString>
      </Placemark>
      <Placemark>
        <name>0</name>
        <description><![CDATA[0    <br>       <br>   FID   80    <br>   Id   0    <br>   Titik_Awal   ODP Polsek Bendosari    <br>   Titik_Akhr   Pasar Mulur    <br>   Jarak   794    <br>   Jenis   Drop Core]]></description>
        <styleUrl>#line-4CE600-2000</styleUrl>
        <LineString>
          <tessellate>1</tessellate>
          <coordinates>
            110.876905,-7.69778,0
            110.876962,-7.697529,0
            110.87612,-7.697371,0
            110.87576,-7.697256,0
            110.875588,-7.69704,0
            110.875221,-7.696473,0
            110.874897,-7.695805,0
            110.874451,-7.694915,0
            110.874156,-7.69411,0
            110.873833,-7.693198,0
            110.873559,-7.692294,0
            110.873746,-7.692157,0
          </coordinates>
        </LineString>
      </Placemark>
      <Placemark>
        <name>0</name>
        <description><![CDATA[0    <br>       <br>   FID   81    <br>   Id   0    <br>   Titik_Awal   ODP Pasar Polokarto    <br>   Titik_Akhr   Pasar Glondongan    <br>   Jarak   41    <br>   Jenis   Drop Core]]></description>
        <styleUrl>#line-4CE600-2000</styleUrl>
        <LineString>
          <tessellate>1</tessellate>
          <coordinates>
            110.893607,-7.62559,0
            110.893965,-7.625691,0
          </coordinates>
        </LineString>
      </Placemark>
      <Placemark>
        <name>0</name>
        <description><![CDATA[0    <br>       <br>   FID   82    <br>   Id   0    <br>   Titik_Awal   ODP Kelurahan Begajah    <br>   Titik_Akhr   Pasar Kepuh    <br>   Jarak   753    <br>   Jenis   Drop Core]]></description>
        <styleUrl>#line-4CE600-2000</styleUrl>
        <LineString>
          <tessellate>1</tessellate>
          <coordinates>
            110.858147,-7.709371,0
            110.858357,-7.70934,0
            110.857766,-7.70846,0
            110.857177,-7.707584,0
            110.856446,-7.706494,0
            110.855845,-7.705592,0
            110.855318,-7.704803,0
            110.854694,-7.703848,0
          </coordinates>
        </LineString>
      </Placemark>
      <Placemark>
        <name>0</name>
        <description><![CDATA[0    <br>       <br>   FID   83    <br>   Id   0    <br>   Titik_Awal   Closure Delta Merlin    <br>   Titik_Akhr   ODP Patung Jamu    <br>   Jarak   1061    <br>   Jenis   4 Core]]></description>
        <styleUrl>#line-A900E6-6000</styleUrl>
        <LineString>
          <tessellate>1</tessellate>
          <coordinates>
            110.830516,-7.645617,0
            110.830359,-7.644998,0
            110.829761,-7.642721,0
            110.829068,-7.640136,0
            110.828564,-7.638356,0
            110.828131,-7.636323,0
          </coordinates>
        </LineString>
      </Placemark>
      <Placemark>
        <name>0</name>
        <description><![CDATA[0    <br>       <br>   FID   84    <br>   Id   0    <br>   Titik_Awal   OLT Menara Wijaya    <br>   Titik_Akhr   ODP Alun-Alun    <br>   Jarak   2377    <br>   Jenis   6 Core]]></description>
        <styleUrl>#line-FF5500-7000</styleUrl>
        <LineString>
          <tessellate>1</tessellate>
          <coordinates>
            110.840758,-7.683499,0
            110.842234,-7.683678,0
            110.842658,-7.682617,0
            110.842842,-7.682331,0
            110.842428,-7.681426,0
            110.841926,-7.680213,0
            110.841583,-7.679385,0
            110.841366,-7.678717,0
            110.84099,-7.677754,0
            110.840354,-7.676015,0
            110.840086,-7.675227,0
            110.840082,-7.675216,0
            110.839259,-7.672805,0
            110.839246,-7.672798,0
            110.839205,-7.672699,0
            110.838597,-7.671267,0
            110.838416,-7.670878,0
            110.838239,-7.670341,0
            110.837878,-7.669405,0
            110.837831,-7.669285,0
            110.837731,-7.668924,0
            110.837502,-7.668098,0
            110.837283,-7.667433,0
            110.837138,-7.666951,0
            110.836865,-7.66617,0
            110.836069,-7.66572,0
            110.836155,-7.665356,0
          </coordinates>
        </LineString>
      </Placemark>
      <Placemark>
        <name>0</name>
        <description><![CDATA[0    <br>       <br>   FID   85    <br>   Id   0    <br>   Titik_Awal   ODP Alun-Alun    <br>   Titik_Akhr   Alun-Alun Satya Negara Sukoharjo    <br>   Jarak   34    <br>   Jenis   Drop Core]]></description>
        <styleUrl>#line-4CE600-2000</styleUrl>
        <LineString>
          <tessellate>1</tessellate>
          <coordinates>
            110.840451,-7.683446,0
            110.840758,-7.683499,0
          </coordinates>
        </LineString>
      </Placemark>
    </Folder>
    <Folder>
      <name>Jaringan_Tersambung_Tahap_1</name>
      <Placemark>
        <name>ODP DESA NGUTER TO ONT KEC NGUTER</name>
        <description><![CDATA[ODP DESA NGUTER TO ONT KEC NGUTER    <br>       <br>   FID   0    <br>   OID_   0    <br>   Name   ODP DESA NGUTER TO ONT KEC NGUTER    <br>   FolderPath   PEMKAB SUKOHARJO FIX/DROP CORE    <br>   PopupInfo   DROP CORE    <br>   Shape_Leng   0.00047]]></description>
        <styleUrl>#line-73DFFF-2000</styleUrl>
        <LineString>
          <tessellate>1</tessellate>
          <coordinates>
            110.870932,-7.73222,0
            110.870541,-7.732482,0
          </coordinates>
        </LineString>
      </Placemark>
      <Placemark>
        <name>DINAS PENDIDIKAN TO DPRD SKH</name>
        <description><![CDATA[DINAS PENDIDIKAN TO DPRD SKH    <br>       <br>   FID   1    <br>   OID_   0    <br>   Name   DINAS PENDIDIKAN TO DPRD SKH    <br>   FolderPath   PEMKAB SUKOHARJO FIX/DROP CORE    <br>   PopupInfo   DROP CORE    <br>   Shape_Leng   0.00506]]></description>
        <styleUrl>#line-73DFFF-2000</styleUrl>
        <LineString>
          <tessellate>1</tessellate>
          <coordinates>
            110.836069,-7.700629,0
            110.837096,-7.701129,0
            110.837841,-7.697665,0
            110.837478,-7.697576,0
          </coordinates>
        </LineString>
      </Placemark>
      <Placemark>
        <name>ONT DISHUB TO ROUTER KEC SUKOHARJO</name>
        <description><![CDATA[ONT DISHUB TO ROUTER KEC SUKOHARJO    <br>       <br>   FID   2    <br>   OID_   0    <br>   Name   ONT DISHUB TO ROUTER KEC SUKOHARJO    <br>   FolderPath   PEMKAB SUKOHARJO FIX/DROP CORE    <br>   PopupInfo   DROP CORE    <br>   Shape_Leng   0.002344]]></description>
        <styleUrl>#line-73DFFF-2000</styleUrl>
        <LineString>
          <tessellate>1</tessellate>
          <coordinates>
            110.844783,-7.694275,0
            110.844825,-7.693857,0
            110.846436,-7.693936,0
            110.846428,-7.694247,0
          </coordinates>
        </LineString>
      </Placemark>
      <Placemark>
        <name>ONT DISHUB TO ROUTER DPUPR</name>
        <description><![CDATA[ONT DISHUB TO ROUTER DPUPR    <br>       <br>   FID   3    <br>   OID_   0    <br>   Name   ONT DISHUB TO ROUTER DPUPR    <br>   FolderPath   PEMKAB SUKOHARJO FIX/DROP CORE    <br>   PopupInfo   DROP CORE    <br>   Shape_Leng   0.001411]]></description>
        <styleUrl>#line-73DFFF-2000</styleUrl>
        <LineString>
          <tessellate>1</tessellate>
          <coordinates>
            110.845657,-7.69421,0
            110.845663,-7.693907,0
            110.846441,-7.693937,0
            110.846431,-7.694265,0
          </coordinates>
        </LineString>
      </Placemark>
      <Placemark>
        <name>GEDUNG WIJAYA TO CCTV PINTU AIR BPN</name>
        <description><![CDATA[GEDUNG WIJAYA TO CCTV PINTU AIR BPN    <br>       <br>   FID   4    <br>   OID_   0    <br>   Name   GEDUNG WIJAYA TO CCTV PINTU AIR BPN    <br>   FolderPath   PEMKAB SUKOHARJO FIX/DROP CORE    <br>   PopupInfo   DROP CORE    <br>   Shape_Leng   0.010217]]></description>
        <styleUrl>#line-73DFFF-2000</styleUrl>
        <LineString>
          <tessellate>1</tessellate>
          <coordinates>
            110.836888,-7.666129,0
            110.837113,-7.666122,0
            110.83703,-7.665905,0
            110.836832,-7.665097,0
            110.835612,-7.660431,0
            110.834847,-7.657744,0
            110.834464,-7.656491,0
          </coordinates>
        </LineString>
      </Placemark>
      <Placemark>
        <name>ODP KRETEK NAMBANGAN TO PASAR NGUTER</name>
        <description><![CDATA[ODP KRETEK NAMBANGAN TO PASAR NGUTER    <br>       <br>   FID   5    <br>   OID_   0    <br>   Name   ODP KRETEK NAMBANGAN TO PASAR NGUTER    <br>   FolderPath   PEMKAB SUKOHARJO FIX/DROP CORE    <br>   PopupInfo   DROP CORE    <br>   Shape_Leng   0.003217]]></description>
        <styleUrl>#line-73DFFF-2000</styleUrl>
        <LineString>
          <tessellate>1</tessellate>
          <coordinates>
            110.878256,-7.744784,0
            110.877791,-7.745288,0
            110.878517,-7.745908,0
            110.879588,-7.746351,0
            110.879955,-7.74655,0
          </coordinates>
        </LineString>
      </Placemark>
      <Placemark>
        <name>ODP KRETEK NAMBANGAN TO CCTV PASAR NGUTER</name>
        <description><![CDATA[ODP KRETEK NAMBANGAN TO CCTV PASAR NGUTER    <br>       <br>   FID   6    <br>   OID_   0    <br>   Name   ODP KRETEK NAMBANGAN TO CCTV PASAR NGUTER    <br>   FolderPath   PEMKAB SUKOHARJO FIX/DROP CORE    <br>   PopupInfo   DROP CORE    <br>   Shape_Leng   0.003329]]></description>
        <styleUrl>#line-73DFFF-2000</styleUrl>
        <LineString>
          <tessellate>1</tessellate>
          <coordinates>
            110.877229,-7.744741,0
            110.877759,-7.745303,0
            110.878089,-7.745542,0
            110.878511,-7.745895,0
            110.879593,-7.746337,0
            110.879964,-7.746553,0
          </coordinates>
        </LineString>
      </Placemark>
      <Placemark>
        <name>ODP KRETEK NAMBANGAN TO TIKUNGAN JEMBATAN COLO</name>
        <description><![CDATA[ODP KRETEK NAMBANGAN TO TIKUNGAN JEMBATAN COLO    <br>       <br>   FID   7    <br>   OID_   0    <br>   Name   ODP KRETEK NAMBANGAN TO TIKUNGAN JEMBATAN COLO    <br>   FolderPath   PEMKAB SUKOHARJO FIX/DROP CORE    <br>   PopupInfo   DROP CORE    <br>   Shape_Leng   0.008524]]></description>
        <styleUrl>#line-73DFFF-2000</styleUrl>
        <LineString>
          <tessellate>1</tessellate>
          <coordinates>
            110.887246,-7.750345,0
            110.887123,-7.750194,0
            110.886409,-7.749814,0
            110.886026,-7.749653,0
            110.884855,-7.749148,0
            110.883721,-7.748674,0
            110.883131,-7.748395,0
            110.882569,-7.748166,0
            110.8819,-7.747731,0
            110.881222,-7.747239,0
            110.880287,-7.746606,0
            110.879954,-7.746385,0
            110.879954,-7.746561,0
          </coordinates>
        </LineString>
      </Placemark>
      <Placemark>
        <name>ODP POLSEK BENDOSARI TO KEC BENDOSARI</name>
        <description><![CDATA[ODP POLSEK BENDOSARI TO KEC BENDOSARI    <br>       <br>   FID   8    <br>   OID_   0    <br>   Name   ODP POLSEK BENDOSARI TO KEC BENDOSARI    <br>   FolderPath   PEMKAB SUKOHARJO FIX/DROP CORE    <br>   PopupInfo   DROP CORE    <br>   Shape_Leng   0.000697]]></description>
        <styleUrl>#line-73DFFF-2000</styleUrl>
        <LineString>
          <tessellate>1</tessellate>
          <coordinates>
            110.873657,-7.691554,0
            110.873794,-7.691589,0
            110.873749,-7.691954,0
            110.873729,-7.69214,0
          </coordinates>
        </LineString>
      </Placemark>
      <Placemark>
        <name>ODP DINAS KESEHATAN TO KEL GAYAM</name>
        <description><![CDATA[ODP DINAS KESEHATAN TO KEL GAYAM    <br>       <br>   FID   9    <br>   OID_   0    <br>   Name   ODP DINAS KESEHATAN TO KEL GAYAM    <br>   FolderPath   PEMKAB SUKOHARJO FIX/DROP CORE    <br>   PopupInfo   DROP CORE    <br>   Shape_Leng   0.004142]]></description>
        <styleUrl>#line-73DFFF-2000</styleUrl>
        <LineString>
          <tessellate>1</tessellate>
          <coordinates>
            110.849105,-7.68801,0
            110.848864,-7.688001,0
            110.848863,-7.687877,0
            110.848946,-7.687512,0
            110.849063,-7.687129,0
            110.849146,-7.686957,0
            110.849396,-7.686504,0
            110.849665,-7.685986,0
            110.849962,-7.685354,0
            110.850022,-7.685064,0
            110.850241,-7.68465,0
            110.850006,-7.684572,0
          </coordinates>
        </LineString>
      </Placemark>
      <Placemark>
        <name>ODP DINAS KESEHATAN TO RS SUKARNO</name>
        <description><![CDATA[ODP DINAS KESEHATAN TO RS SUKARNO    <br>       <br>   FID   10    <br>   OID_   0    <br>   Name   ODP DINAS KESEHATAN TO RS SUKARNO    <br>   FolderPath   PEMKAB SUKOHARJO FIX/DROP CORE    <br>   PopupInfo   DROP CORE    <br>   Shape_Leng   0.001106]]></description>
        <styleUrl>#line-73DFFF-2000</styleUrl>
        <LineString>
          <tessellate>1</tessellate>
          <coordinates>
            110.849737,-7.683878,0
            110.849562,-7.684446,0
            110.850054,-7.684593,0
          </coordinates>
        </LineString>
      </Placemark>
      <Placemark>
        <name>ODP DINAS KEARSIPAN TO DINAS PERTANIAN</name>
        <description><![CDATA[ODP DINAS KEARSIPAN TO DINAS PERTANIAN    <br>       <br>   FID   11    <br>   OID_   0    <br>   Name   ODP DINAS KEARSIPAN TO DINAS PERTANIAN    <br>   FolderPath   PEMKAB SUKOHARJO FIX/DROP CORE    <br>   PopupInfo   DROP CORE    <br>   Shape_Leng   0.003932]]></description>
        <styleUrl>#line-73DFFF-2000</styleUrl>
        <LineString>
          <tessellate>1</tessellate>
          <coordinates>
            110.845637,-7.683813,0
            110.84572,-7.68344,0
            110.844835,-7.683195,0
            110.843968,-7.682991,0
            110.842959,-7.682702,0
            110.843229,-7.683334,0
            110.843229,-7.683329,0
          </coordinates>
        </LineString>
      </Placemark>
      <Placemark>
        <name>ODP DINAS KEARSIPAN TO BPBD</name>
        <description><![CDATA[ODP DINAS KEARSIPAN TO BPBD    <br>       <br>   FID   12    <br>   OID_   0    <br>   Name   ODP DINAS KEARSIPAN TO BPBD    <br>   FolderPath   PEMKAB SUKOHARJO FIX/DROP CORE    <br>   PopupInfo   DROP CORE    <br>   Shape_Leng   0.004758]]></description>
        <styleUrl>#line-73DFFF-2000</styleUrl>
        <LineString>
          <tessellate>1</tessellate>
          <coordinates>
            110.84517,-7.68732,0
            110.844909,-7.687442,0
            110.844226,-7.685795,0
            110.843459,-7.683947,0
            110.843218,-7.683305,0
          </coordinates>
        </LineString>
      </Placemark>
      <Placemark>
        <name>ODP DINAS KEARSIPAN TO PASAR IR SUKARNO</name>
        <description><![CDATA[ODP DINAS KEARSIPAN TO PASAR IR SUKARNO    <br>       <br>   FID   13    <br>   OID_   0    <br>   Name   ODP DINAS KEARSIPAN TO PASAR IR SUKARNO    <br>   FolderPath   PEMKAB SUKOHARJO FIX/DROP CORE    <br>   PopupInfo   DROP CORE    <br>   Shape_Leng   0.005522]]></description>
        <styleUrl>#line-73DFFF-2000</styleUrl>
        <LineString>
          <tessellate>1</tessellate>
          <coordinates>
            110.840723,-7.678888,0
            110.841427,-7.678877,0
            110.841838,-7.67991,0
            110.842238,-7.680987,0
            110.842618,-7.681867,0
            110.84276,-7.682117,0
            110.843044,-7.682873,0
            110.84321,-7.683325,0
            110.843216,-7.683303,0
          </coordinates>
        </LineString>
      </Placemark>
      <Placemark>
        <name>ODP DINAS KEARSIPAN TO RUMAH DINAS BUPATI</name>
        <description><![CDATA[ODP DINAS KEARSIPAN TO RUMAH DINAS BUPATI    <br>       <br>   FID   14    <br>   OID_   0    <br>   Name   ODP DINAS KEARSIPAN TO RUMAH DINAS BUPATI    <br>   FolderPath   PEMKAB SUKOHARJO FIX/DROP CORE    <br>   PopupInfo   DROP CORE    <br>   Shape_Leng   0.002047]]></description>
        <styleUrl>#line-73DFFF-2000</styleUrl>
        <LineString>
          <tessellate>1</tessellate>
          <coordinates>
            110.84325,-7.68238,0
            110.843041,-7.682007,0
            110.842755,-7.682078,0
            110.842942,-7.682525,0
            110.84305,-7.682876,0
            110.843228,-7.683314,0
          </coordinates>
        </LineString>
      </Placemark>
      <Placemark>
        <name>ODP DINAS KEARSIPAN TO GRAHA WIJAYA</name>
        <description><![CDATA[ODP DINAS KEARSIPAN TO GRAHA WIJAYA    <br>       <br>   FID   15    <br>   OID_   0    <br>   Name   ODP DINAS KEARSIPAN TO GRAHA WIJAYA    <br>   FolderPath   PEMKAB SUKOHARJO FIX/DROP CORE    <br>   PopupInfo   DROP CORE    <br>   Shape_Leng   0.002516]]></description>
        <styleUrl>#line-73DFFF-2000</styleUrl>
        <LineString>
          <tessellate>1</tessellate>
          <coordinates>
            110.841719,-7.682075,0
            110.841658,-7.68242,0
            110.842496,-7.682527,0
            110.842937,-7.682499,0
            110.843009,-7.682771,0
            110.843238,-7.683324,0
          </coordinates>
        </LineString>
      </Placemark>
      <Placemark>
        <name>ODP DINAS KEARSIPAN TO CCTV SIMPANG 5 BARAT</name>
        <description><![CDATA[ODP DINAS KEARSIPAN TO CCTV SIMPANG 5 BARAT    <br>       <br>   FID   16    <br>   OID_   0    <br>   Name   ODP DINAS KEARSIPAN TO CCTV SIMPANG 5 BARAT    <br>   FolderPath   PEMKAB SUKOHARJO FIX/DROP CORE    <br>   PopupInfo   DROP CORE    <br>   Shape_Leng   0.001361]]></description>
        <styleUrl>#line-73DFFF-2000</styleUrl>
        <LineString>
          <tessellate>1</tessellate>
          <coordinates>
            110.84249,-7.682593,0
            110.842497,-7.682523,0
            110.842909,-7.682497,0
            110.842989,-7.682782,0
            110.843227,-7.683313,0
          </coordinates>
        </LineString>
      </Placemark>
      <Placemark>
        <name>ODP TENTARA PELAJAR TO CCTV SIMPANG 4 KEJAKSAAN</name>
        <description><![CDATA[ODP TENTARA PELAJAR TO CCTV SIMPANG 4 KEJAKSAAN    <br>       <br>   FID   17    <br>   OID_   0    <br>   Name   ODP TENTARA PELAJAR TO CCTV SIMPANG 4 KEJAKSAAN    <br>   FolderPath   PEMKAB SUKOHARJO FIX/DROP CORE    <br>   PopupInfo   DROP CORE    <br>   Shape_Leng   0.001553]]></description>
        <styleUrl>#line-73DFFF-2000</styleUrl>
        <LineString>
          <tessellate>1</tessellate>
          <coordinates>
            110.838732,-7.671356,0
            110.839078,-7.672294,0
            110.839269,-7.672814,0
          </coordinates>
        </LineString>
      </Placemark>
      <Placemark>
        <name>ODP TENTARA PELAJAR TO UPTD SAMPAH</name>
        <description><![CDATA[ODP TENTARA PELAJAR TO UPTD SAMPAH    <br>       <br>   FID   18    <br>   OID_   0    <br>   Name   ODP TENTARA PELAJAR TO UPTD SAMPAH    <br>   FolderPath   PEMKAB SUKOHARJO FIX/DROP CORE    <br>   PopupInfo   DROP CORE    <br>   Shape_Leng   0.003717]]></description>
        <styleUrl>#line-73DFFF-2000</styleUrl>
        <LineString>
          <tessellate>1</tessellate>
          <coordinates>
            110.839246,-7.672798,0
            110.839401,-7.672887,0
            110.83977,-7.673002,0
            110.840188,-7.67309,0
            110.84047,-7.673121,0
            110.840979,-7.673257,0
            110.841414,-7.671676,0
            110.841683,-7.671731,0
          </coordinates>
        </LineString>
      </Placemark>
      <Placemark>
        <name>ODP TENTARA PELAJAR TO KEL JOMBOR</name>
        <description><![CDATA[ODP TENTARA PELAJAR TO KEL JOMBOR    <br>       <br>   FID   19    <br>   OID_   0    <br>   Name   ODP TENTARA PELAJAR TO KEL JOMBOR    <br>   FolderPath   PEMKAB SUKOHARJO FIX/DROP CORE    <br>   PopupInfo   DROP CORE    <br>   Shape_Leng   0.001901]]></description>
        <styleUrl>#line-73DFFF-2000</styleUrl>
        <LineString>
          <tessellate>1</tessellate>
          <coordinates>
            110.839265,-7.672792,0
            110.8394,-7.672882,0
            110.839754,-7.672989,0
            110.840185,-7.673077,0
            110.840486,-7.673103,0
            110.840872,-7.673206,0
            110.840907,-7.672982,0
          </coordinates>
        </LineString>
      </Placemark>
      <Placemark>
        <name>ODP TENTARA PELAJAR TO KEL SUKOHARJO</name>
        <description><![CDATA[ODP TENTARA PELAJAR TO KEL SUKOHARJO    <br>       <br>   FID   20    <br>   OID_   0    <br>   Name   ODP TENTARA PELAJAR TO KEL SUKOHARJO    <br>   FolderPath   PEMKAB SUKOHARJO FIX/DROP CORE    <br>   PopupInfo   DROP CORE    <br>   Shape_Leng   0.006183]]></description>
        <styleUrl>#line-73DFFF-2000</styleUrl>
        <LineString>
          <tessellate>1</tessellate>
          <coordinates>
            110.83927,-7.672816,0
            110.839241,-7.672702,0
            110.838508,-7.672644,0
            110.837907,-7.672594,0
            110.837195,-7.673895,0
            110.83671,-7.674771,0
            110.836211,-7.675701,0
            110.836023,-7.676065,0
            110.835411,-7.675972,0
            110.83538,-7.676128,0
          </coordinates>
        </LineString>
      </Placemark>
      <Placemark>
        <name>ODP PASAR POLOKARTO TO KEC POLOKARTO</name>
        <description><![CDATA[ODP PASAR POLOKARTO TO KEC POLOKARTO    <br>       <br>   FID   21    <br>   OID_   0    <br>   Name   ODP PASAR POLOKARTO TO KEC POLOKARTO    <br>   FolderPath   PEMKAB SUKOHARJO FIX/DROP CORE    <br>   PopupInfo   DROP CORE    <br>   Shape_Leng   0.004573]]></description>
        <styleUrl>#line-73DFFF-2000</styleUrl>
        <LineString>
          <tessellate>1</tessellate>
          <coordinates>
            110.896273,-7.628681,0
            110.896677,-7.628428,0
            110.896452,-7.62813,0
            110.895953,-7.627426,0
            110.89503,-7.626297,0
            110.894746,-7.625975,0
            110.894426,-7.625784,0
            110.894052,-7.625551,0
            110.893949,-7.625671,0
          </coordinates>
        </LineString>
      </Placemark>
      <Placemark>
        <name>ODP SIMPANG MOJOLABAN TO SIMPANG PASAR BEKONANG</name>
        <description><![CDATA[ODP SIMPANG MOJOLABAN TO SIMPANG PASAR BEKONANG    <br>       <br>   FID   22    <br>   OID_   0    <br>   Name   ODP SIMPANG MOJOLABAN TO SIMPANG PASAR BEKONANG    <br>   FolderPath   PEMKAB SUKOHARJO FIX/DROP CORE    <br>   PopupInfo   DROP CORE    <br>   Shape_Leng   0.000251]]></description>
        <styleUrl>#line-73DFFF-2000</styleUrl>
        <LineString>
          <tessellate>1</tessellate>
          <coordinates>
            110.873521,-7.609592,0
            110.873593,-7.609478,0
            110.873478,-7.609461,0
          </coordinates>
        </LineString>
      </Placemark>
      <Placemark>
        <name>ODP SIMPANG MOJOLABAN TO KANTOR KECAMATAN MOJOLABAN</name>
        <description><![CDATA[ODP SIMPANG MOJOLABAN TO KANTOR KECAMATAN MOJOLABAN    <br>       <br>   FID   23    <br>   OID_   0    <br>   Name   ODP SIMPANG MOJOLABAN TO KANTOR KECAMATAN MOJOLABAN    <br>   FolderPath   PEMKAB SUKOHARJO FIX/DROP CORE    <br>   PopupInfo   DROP CORE    <br>   Shape_Leng   0.005381]]></description>
        <styleUrl>#line-73DFFF-2000</styleUrl>
        <LineString>
          <tessellate>1</tessellate>
          <coordinates>
            110.870996,-7.606201,0
            110.870648,-7.606195,0
            110.870519,-7.606481,0
            110.870409,-7.606749,0
            110.87036,-7.607001,0
            110.871995,-7.60865,0
            110.872502,-7.609156,0
            110.872702,-7.609305,0
            110.87288,-7.609377,0
            110.872892,-7.609378,0
            110.873157,-7.609482,0
            110.873381,-7.60955,0
            110.87354,-7.609577,0
          </coordinates>
        </LineString>
      </Placemark>
      <Placemark>
        <name>ODP PUSKESMAS GROGOL TO  KEC GROGOL</name>
        <description><![CDATA[ODP PUSKESMAS GROGOL TO  KEC GROGOL    <br>       <br>   FID   24    <br>   OID_   0    <br>   Name   ODP PUSKESMAS GROGOL TO  KEC GROGOL    <br>   FolderPath   PEMKAB SUKOHARJO FIX/DROP CORE    <br>   PopupInfo   DROP CORE    <br>   Shape_Leng   0.002023]]></description>
        <styleUrl>#line-73DFFF-2000</styleUrl>
        <LineString>
          <tessellate>1</tessellate>
          <coordinates>
            110.819409,-7.600224,0
            110.819165,-7.600903,0
            110.818878,-7.601821,0
            110.818568,-7.601961,0
          </coordinates>
        </LineString>
      </Placemark>
      <Placemark>
        <name>ODP PUSKESMAS GROGOL TO SIMPANG THE PARK</name>
        <description><![CDATA[ODP PUSKESMAS GROGOL TO SIMPANG THE PARK    <br>       <br>   FID   25    <br>   OID_   0    <br>   Name   ODP PUSKESMAS GROGOL TO SIMPANG THE PARK    <br>   FolderPath   PEMKAB SUKOHARJO FIX/DROP CORE    <br>   PopupInfo   DROP CORE    <br>   Shape_Leng   0.009304]]></description>
        <styleUrl>#line-73DFFF-2000</styleUrl>
        <LineString>
          <tessellate>1</tessellate>
          <coordinates>
            110.814466,-7.59942,0
            110.813921,-7.601031,0
            110.814091,-7.60111,0
            110.813971,-7.60142,0
            110.815655,-7.601782,0
            110.816448,-7.601906,0
            110.817386,-7.602026,0
            110.81873,-7.602247,0
            110.818848,-7.601876,0
            110.819094,-7.601131,0
            110.81942,-7.600207,0
            110.819375,-7.600293,0
          </coordinates>
        </LineString>
      </Placemark>
      <Placemark>
        <name>ODP SIMPANG KARTOSURO TO KEL KARTOSURO</name>
        <description><![CDATA[ODP SIMPANG KARTOSURO TO KEL KARTOSURO    <br>       <br>   FID   26    <br>   OID_   0    <br>   Name   ODP SIMPANG KARTOSURO TO KEL KARTOSURO    <br>   FolderPath   PEMKAB SUKOHARJO FIX/DROP CORE    <br>   PopupInfo   DROP CORE    <br>   Shape_Leng   0.008208]]></description>
        <styleUrl>#line-73DFFF-2000</styleUrl>
        <LineString>
          <tessellate>1</tessellate>
          <coordinates>
            110.736704,-7.552218,0
            110.736589,-7.5522,0
            110.736647,-7.552066,0
            110.736691,-7.551948,0
            110.737509,-7.552408,0
            110.738952,-7.553271,0
            110.741303,-7.55473,0
            110.741462,-7.554355,0
            110.741711,-7.553707,0
            110.74195,-7.553001,0
            110.742071,-7.552667,0
            110.742133,-7.552445,0
          </coordinates>
        </LineString>
      </Placemark>
      <Placemark>
        <name>ODP SIMPANG KARTOSURO TO CCTV SIMPANG TUGU KARTOSURO</name>
        <description><![CDATA[ODP SIMPANG KARTOSURO TO CCTV SIMPANG TUGU KARTOSURO    <br>       <br>   FID   27    <br>   OID_   0    <br>   Name   ODP SIMPANG KARTOSURO TO CCTV SIMPANG TUGU KARTOSURO    <br>   FolderPath   PEMKAB SUKOHARJO FIX/DROP CORE    <br>   PopupInfo   DROP CORE    <br>   Shape_Leng   0.005685]]></description>
        <styleUrl>#line-73DFFF-2000</styleUrl>
        <LineString>
          <tessellate>1</tessellate>
          <coordinates>
            110.736934,-7.550402,0
            110.73703,-7.550544,0
            110.737312,-7.550587,0
            110.737418,-7.550606,0
            110.738169,-7.550767,0
            110.739035,-7.550998,0
            110.73966,-7.5512,0
            110.740852,-7.551799,0
            110.741735,-7.552255,0
            110.742167,-7.552446,0
          </coordinates>
        </LineString>
      </Placemark>
      <Placemark>
        <name>ODP SIMPANG KARTOSURO TO CCTV SIMPANG 4 KARTOSURO</name>
        <description><![CDATA[ODP SIMPANG KARTOSURO TO CCTV SIMPANG 4 KARTOSURO    <br>       <br>   FID   28    <br>   OID_   0    <br>   Name   ODP SIMPANG KARTOSURO TO CCTV SIMPANG 4 KARTOSURO    <br>   FolderPath   PEMKAB SUKOHARJO FIX/DROP CORE    <br>   PopupInfo   DROP CORE    <br>   Shape_Leng   0.000177]]></description>
        <styleUrl>#line-73DFFF-2000</styleUrl>
        <LineString>
          <tessellate>1</tessellate>
          <coordinates>
            110.742194,-7.552284,0
            110.742139,-7.552453,0
          </coordinates>
        </LineString>
      </Placemark>
      <Placemark>
        <name>ODP KEC KARTOSURO TO SIMPANG SINGOPURAN</name>
        <description><![CDATA[ODP KEC KARTOSURO TO SIMPANG SINGOPURAN    <br>       <br>   FID   29    <br>   OID_   0    <br>   Name   ODP KEC KARTOSURO TO SIMPANG SINGOPURAN    <br>   FolderPath   PEMKAB SUKOHARJO FIX/DROP CORE    <br>   PopupInfo   DROP CORE    <br>   Shape_Leng   0.000812]]></description>
        <styleUrl>#line-73DFFF-2000</styleUrl>
        <LineString>
          <tessellate>1</tessellate>
          <coordinates>
            110.744072,-7.546359,0
            110.743809,-7.547128,0
          </coordinates>
        </LineString>
      </Placemark>
      <Placemark>
        <name>ODP SIMPANG PANDAWA TO CCTV SIMPANG 4 PANDAWA SELATAN</name>
        <description><![CDATA[ODP SIMPANG PANDAWA TO CCTV SIMPANG 4 PANDAWA SELATAN    <br>       <br>   FID   30    <br>   OID_   0    <br>   Name   ODP SIMPANG PANDAWA TO CCTV SIMPANG 4 PANDAWA SELATAN    <br>   FolderPath   PEMKAB SUKOHARJO FIX/DROP CORE    <br>   PopupInfo   DROP CORE    <br>   Shape_Leng   0.00073]]></description>
        <styleUrl>#line-73DFFF-2000</styleUrl>
        <LineString>
          <tessellate>1</tessellate>
          <coordinates>
            110.811206,-7.608863,0
            110.810904,-7.608732,0
            110.810764,-7.608538,0
            110.810902,-7.608456,0
          </coordinates>
        </LineString>
      </Placemark>
      <Placemark>
        <name>ODP SIMPANG PANDAWA TO CCTV SIMPANG 4 PANDAWA BARAT</name>
        <description><![CDATA[ODP SIMPANG PANDAWA TO CCTV SIMPANG 4 PANDAWA BARAT    <br>       <br>   FID   31    <br>   OID_   0    <br>   Name   ODP SIMPANG PANDAWA TO CCTV SIMPANG 4 PANDAWA BARAT    <br>   FolderPath   PEMKAB SUKOHARJO FIX/DROP CORE    <br>   PopupInfo   DROP CORE    <br>   Shape_Leng   0.000291]]></description>
        <styleUrl>#line-73DFFF-2000</styleUrl>
        <LineString>
          <tessellate>1</tessellate>
          <coordinates>
            110.810902,-7.608456,0
            110.810901,-7.608336,0
            110.811066,-7.608292,0
          </coordinates>
        </LineString>
      </Placemark>
      <Placemark>
        <name>ODP SIMPANG KADILANGU TO SIMPANG 3 AL AZHAR</name>
        <description><![CDATA[ODP SIMPANG KADILANGU TO SIMPANG 3 AL AZHAR    <br>       <br>   FID   32    <br>   OID_   0    <br>   Name   ODP SIMPANG KADILANGU TO SIMPANG 3 AL AZHAR    <br>   FolderPath   PEMKAB SUKOHARJO FIX/DROP CORE    <br>   PopupInfo   DROP CORE    <br>   Shape_Leng   0.002095]]></description>
        <styleUrl>#line-73DFFF-2000</styleUrl>
        <LineString>
          <tessellate>1</tessellate>
          <coordinates>
            110.791627,-7.606095,0
            110.79143,-7.605982,0
            110.791196,-7.606009,0
            110.790959,-7.606029,0
            110.790612,-7.606064,0
            110.790072,-7.606141,0
            110.789574,-7.606192,0
          </coordinates>
        </LineString>
      </Placemark>
      <Placemark>
        <name>ODP SIMPANG KADILANGU TO KECAMATAN BAKI</name>
        <description><![CDATA[ODP SIMPANG KADILANGU TO KECAMATAN BAKI    <br>       <br>   FID   33    <br>   OID_   0    <br>   Name   ODP SIMPANG KADILANGU TO KECAMATAN BAKI    <br>   FolderPath   PEMKAB SUKOHARJO FIX/DROP CORE    <br>   PopupInfo   DROP CORE    <br>   Shape_Leng   0.009688]]></description>
        <styleUrl>#line-73DFFF-2000</styleUrl>
        <LineString>
          <tessellate>1</tessellate>
          <coordinates>
            110.789602,-7.606209,0
            110.789203,-7.606269,0
            110.788826,-7.60634,0
            110.788612,-7.606198,0
            110.788307,-7.606388,0
            110.788087,-7.606407,0
            110.787338,-7.606519,0
            110.786632,-7.606603,0
            110.785825,-7.606707,0
            110.785337,-7.60681,0
            110.785006,-7.606957,0
            110.784568,-7.607163,0
            110.78418,-7.607404,0
            110.784051,-7.607832,0
            110.783963,-7.608793,0
            110.783879,-7.609653,0
            110.783654,-7.610856,0
            110.783792,-7.610919,0
            110.78376,-7.611058,0
            110.783856,-7.61108,0
            110.783845,-7.611167,0
          </coordinates>
        </LineString>
      </Placemark>
      <Placemark>
        <name>ODP SIMPANG KADILANGU TO CCTV SIMPANG 4 KADILANGU</name>
        <description><![CDATA[ODP SIMPANG KADILANGU TO CCTV SIMPANG 4 KADILANGU    <br>       <br>   FID   34    <br>   OID_   0    <br>   Name   ODP SIMPANG KADILANGU TO CCTV SIMPANG 4 KADILANGU    <br>   FolderPath   PEMKAB SUKOHARJO FIX/DROP CORE    <br>   PopupInfo   DROP CORE    <br>   Shape_Leng   0.001374]]></description>
        <styleUrl>#line-73DFFF-2000</styleUrl>
        <LineString>
          <tessellate>1</tessellate>
          <coordinates>
            110.788337,-7.606386,0
            110.788613,-7.606201,0
            110.788821,-7.606326,0
            110.789612,-7.606215,0
          </coordinates>
        </LineString>
      </Placemark>
      <Placemark>
        <name>GEDUNG WIJAYA TO CCTV SIMPANG 4 UNIVET</name>
        <description><![CDATA[GEDUNG WIJAYA TO CCTV SIMPANG 4 UNIVET    <br>       <br>   FID   35    <br>   OID_   0    <br>   Name   GEDUNG WIJAYA TO CCTV SIMPANG 4 UNIVET    <br>   FolderPath   PEMKAB SUKOHARJO FIX/DROP CORE    <br>   PopupInfo   DROP CORE    <br>   Shape_Leng   0.000465]]></description>
        <styleUrl>#line-73DFFF-2000</styleUrl>
        <LineString>
          <tessellate>1</tessellate>
          <coordinates>
            110.837019,-7.665916,0
            110.837038,-7.665917,0
            110.837119,-7.666118,0
            110.83689,-7.666117,0
          </coordinates>
        </LineString>
      </Placemark>
      <Placemark>
        <name>GEDUNG WIJAYA TO BLK</name>
        <description><![CDATA[GEDUNG WIJAYA TO BLK    <br>       <br>   FID   36    <br>   OID_   0    <br>   Name   GEDUNG WIJAYA TO BLK    <br>   FolderPath   PEMKAB SUKOHARJO FIX/DROP CORE    <br>   PopupInfo   DROP CORE    <br>   Shape_Leng   0.002821]]></description>
        <styleUrl>#line-73DFFF-2000</styleUrl>
        <LineString>
          <tessellate>1</tessellate>
          <coordinates>
            110.834483,-7.665362,0
            110.834764,-7.665461,0
            110.834836,-7.665208,0
            110.835238,-7.665363,0
            110.836678,-7.665947,0
            110.836895,-7.666117,0
          </coordinates>
        </LineString>
      </Placemark>
      <Placemark>
        <name>ODP PASAR CUPLIK TO KEL BULAKAN</name>
        <description><![CDATA[ODP PASAR CUPLIK TO KEL BULAKAN    <br>       <br>   FID   37    <br>   OID_   0    <br>   Name   ODP PASAR CUPLIK TO KEL BULAKAN    <br>   FolderPath   PEMKAB SUKOHARJO FIX/DROP CORE    <br>   PopupInfo   DROP CORE    <br>   Shape_Leng   0.015302]]></description>
        <styleUrl>#line-73DFFF-2000</styleUrl>
        <LineString>
          <tessellate>1</tessellate>
          <coordinates>
            110.797728,-7.677086,0
            110.797094,-7.676728,0
            110.79616,-7.676209,0
            110.79522,-7.675621,0
            110.794877,-7.67547,0
            110.794393,-7.675297,0
            110.793493,-7.674943,0
            110.79178,-7.674321,0
            110.789811,-7.673577,0
            110.788714,-7.673174,0
            110.787705,-7.672776,0
            110.786826,-7.674931,0
            110.786471,-7.675854,0
            110.786153,-7.676563,0
            110.786009,-7.676491,0
            110.786054,-7.676394,0
          </coordinates>
        </LineString>
      </Placemark>
      <Placemark>
        <name>OPD PASAR CUPLIK TO KEL KRIWEN</name>
        <description><![CDATA[OPD PASAR CUPLIK TO KEL KRIWEN    <br>       <br>   FID   38    <br>   OID_   0    <br>   Name   OPD PASAR CUPLIK TO KEL KRIWEN    <br>   FolderPath   PEMKAB SUKOHARJO FIX/DROP CORE    <br>   PopupInfo   DROP CORE    <br>   Shape_Leng   0.010916]]></description>
        <styleUrl>#line-73DFFF-2000</styleUrl>
        <LineString>
          <tessellate>1</tessellate>
          <coordinates>
            110.797354,-7.686862,0
            110.797367,-7.686785,0
            110.797092,-7.686733,0
            110.797227,-7.686077,0
            110.797492,-7.684782,0
            110.797676,-7.683899,0
            110.797855,-7.683132,0
            110.797951,-7.682652,0
            110.798305,-7.68094,0
            110.798461,-7.680153,0
            110.798474,-7.680133,0
            110.798663,-7.679166,0
            110.798961,-7.677819,0
            110.79826,-7.677402,0
            110.797708,-7.677094,0
          </coordinates>
        </LineString>
      </Placemark>
      <Placemark>
        <name>ODP PASAR CUPLIK TO KEL DUKUH</name>
        <description><![CDATA[ODP PASAR CUPLIK TO KEL DUKUH    <br>       <br>   FID   39    <br>   OID_   0    <br>   Name   ODP PASAR CUPLIK TO KEL DUKUH    <br>   FolderPath   PEMKAB SUKOHARJO FIX/DROP CORE    <br>   PopupInfo   DROP CORE    <br>   Shape_Leng   0.012725]]></description>
        <styleUrl>#line-73DFFF-2000</styleUrl>
        <LineString>
          <tessellate>1</tessellate>
          <coordinates>
            110.795857,-7.666734,0
            110.795855,-7.66681,0
            110.796079,-7.666883,0
            110.795949,-7.668521,0
            110.795734,-7.670559,0
            110.795506,-7.671407,0
            110.795244,-7.672301,0
            110.795067,-7.672937,0
            110.794688,-7.674339,0
            110.794484,-7.675119,0
            110.794392,-7.675294,0
            110.794497,-7.675331,0
            110.794642,-7.67538,0
            110.794879,-7.675454,0
            110.795224,-7.675623,0
            110.79578,-7.675956,0
            110.796595,-7.676457,0
            110.79709,-7.676732,0
            110.79772,-7.677094,0
          </coordinates>
        </LineString>
      </Placemark>
      <Placemark>
        <name>ODP TAMAN WIJAYA TO KEL SONOREJO</name>
        <description><![CDATA[ODP TAMAN WIJAYA TO KEL SONOREJO    <br>       <br>   FID   40    <br>   OID_   0    <br>   Name   ODP TAMAN WIJAYA TO KEL SONOREJO    <br>   FolderPath   PEMKAB SUKOHARJO FIX/DROP CORE    <br>   PopupInfo   DROP CORE    <br>   Shape_Leng   0.001019]]></description>
        <styleUrl>#line-73DFFF-2000</styleUrl>
        <LineString>
          <tessellate>1</tessellate>
          <coordinates>
            110.798547,-7.648079,0
            110.798624,-7.648033,0
            110.798823,-7.648076,0
            110.798709,-7.648792,0
          </coordinates>
        </LineString>
      </Placemark>
      <Placemark>
        <name>ODP TAWANGSARI TO CCTV PASAR TAWANGSARI</name>
        <description><![CDATA[ODP TAWANGSARI TO CCTV PASAR TAWANGSARI    <br>       <br>   FID   41    <br>   OID_   0    <br>   Name   ODP TAWANGSARI TO CCTV PASAR TAWANGSARI    <br>   FolderPath   PEMKAB SUKOHARJO FIX/DROP CORE    <br>   PopupInfo   DROP CORE    <br>   Shape_Leng   0.001902]]></description>
        <styleUrl>#line-73DFFF-2000</styleUrl>
        <LineString>
          <tessellate>1</tessellate>
          <coordinates>
            110.795574,-7.735611,0
            110.796074,-7.735558,0
            110.796088,-7.735413,0
            110.796741,-7.735369,0
            110.796741,-7.735364,0
            110.796957,-7.735289,0
            110.797102,-7.734954,0
          </coordinates>
        </LineString>
      </Placemark>
      <Placemark>
        <name>ODP WERU TO CCTV SIMPANG 4 TENGKLIK</name>
        <description><![CDATA[ODP WERU TO CCTV SIMPANG 4 TENGKLIK    <br>       <br>   FID   42    <br>   OID_   0    <br>   Name   ODP WERU TO CCTV SIMPANG 4 TENGKLIK    <br>   FolderPath   PEMKAB SUKOHARJO FIX/DROP CORE    <br>   PopupInfo   DROP CORE    <br>   Shape_Leng   0.013334]]></description>
        <styleUrl>#line-73DFFF-2000</styleUrl>
        <LineString>
          <tessellate>1</tessellate>
          <coordinates>
            110.765354,-7.748332,0
            110.764841,-7.748701,0
            110.764283,-7.749222,0
            110.763066,-7.750274,0
            110.762872,-7.750489,0
            110.762659,-7.750796,0
            110.761833,-7.752103,0
            110.761606,-7.752426,0
            110.761155,-7.753123,0
            110.761016,-7.753367,0
            110.760631,-7.754057,0
            110.760125,-7.754915,0
            110.759833,-7.755166,0
            110.759628,-7.755504,0
            110.759515,-7.755802,0
            110.759425,-7.756193,0
            110.759407,-7.756803,0
            110.759428,-7.757898,0
            110.759454,-7.758191,0
            110.759621,-7.758536,0
            110.75998,-7.759163,0
            110.760011,-7.759383,0
          </coordinates>
        </LineString>
      </Placemark>
      <Placemark>
        <name>GEDUNG WIJAYA TO CLOSURE DELTA MERLIN</name>
        <description><![CDATA[GEDUNG WIJAYA TO CLOSURE DELTA MERLIN    <br>       <br>   FID   43    <br>   OID_   0    <br>   Name   GEDUNG WIJAYA TO CLOSURE DELTA MERLIN    <br>   FolderPath   PEMKAB SUKOHARJO FIX/GEDUNG WIJAYA TO CLOSURE DELTA MERLIN    <br>   PopupInfo   KU 24 CORE    <br>   Shape_Leng   0.033733]]></description>
        <styleUrl>#line-A900E6-4000</styleUrl>
        <LineString>
          <tessellate>1</tessellate>
          <coordinates>
            110.836156,-7.665321,0
            110.836156,-7.665269,0
            110.836156,-7.665218,0
            110.836144,-7.665129,0
            110.836115,-7.665094,0
            110.836059,-7.665091,0
            110.835975,-7.665098,0
            110.835929,-7.66511,0
            110.835877,-7.665125,0
            110.835836,-7.665149,0
            110.835809,-7.665188,0
            110.835788,-7.665249,0
            110.835784,-7.665341,0
            110.835791,-7.665411,0
            110.835801,-7.665485,0
            110.835821,-7.665563,0
            110.835847,-7.665613,0
            110.835887,-7.665666,0
            110.836374,-7.665833,0
            110.836695,-7.665946,0
            110.836915,-7.666128,0
            110.837096,-7.666098,0
            110.836923,-7.665451,0
            110.836532,-7.663982,0
            110.835386,-7.659533,0
            110.834035,-7.655114,0
            110.832488,-7.650614,0
            110.831903,-7.649143,0
            110.830786,-7.646215,0
            110.830308,-7.644505,0
            110.829422,-7.641211,0
            110.828753,-7.639121,0
            110.828018,-7.636142,0
          </coordinates>
        </LineString>
      </Placemark>
      <Placemark>
        <name>CLOSURE DELTA MERLIN TO CLOSURE TELUKAN</name>
        <description><![CDATA[CLOSURE DELTA MERLIN TO CLOSURE TELUKAN    <br>       <br>   FID   44    <br>   OID_   0    <br>   Name   CLOSURE DELTA MERLIN TO CLOSURE TELUKAN    <br>   FolderPath   PEMKAB SUKOHARJO FIX/CLOSURE DELTA MERLIN TO CLOSURE TELUKAN    <br>   PopupInfo   KU 24 CORE    <br>   Shape_Leng   0.015755]]></description>
        <styleUrl>#line-A900E6-4000</styleUrl>
        <LineString>
          <tessellate>1</tessellate>
          <coordinates>
            110.821797,-7.621905,0
            110.822295,-7.623217,0
            110.823161,-7.625242,0
            110.824074,-7.627335,0
            110.825213,-7.629631,0
            110.826173,-7.631604,0
            110.826842,-7.633047,0
            110.827208,-7.633787,0
            110.828108,-7.636325,0
          </coordinates>
        </LineString>
      </Placemark>
      <Placemark>
        <name>CLOSURE TELUKAN TO ODP KEL TELUKAN</name>
        <description><![CDATA[CLOSURE TELUKAN TO ODP KEL TELUKAN    <br>       <br>   FID   45    <br>   OID_   0    <br>   Name   CLOSURE TELUKAN TO ODP KEL TELUKAN    <br>   FolderPath   PEMKAB SUKOHARJO FIX/CLOSURE TELUKAN TO ODP KEL TELUKAN    <br>   PopupInfo   KU 12 CORE    <br>   Shape_Leng   0.001937]]></description>
        <styleUrl>#line-004DA8-4000</styleUrl>
        <LineString>
          <tessellate>1</tessellate>
          <coordinates>
            110.821054,-7.620133,0
            110.821802,-7.621919,0
          </coordinates>
        </LineString>
      </Placemark>
      <Placemark>
        <name>ODP KEL TELUKAN TO CLOSURE BACEM</name>
        <description><![CDATA[ODP KEL TELUKAN TO CLOSURE BACEM    <br>       <br>   FID   46    <br>   OID_   0    <br>   Name   ODP KEL TELUKAN TO CLOSURE BACEM    <br>   FolderPath   PEMKAB SUKOHARJO FIX/ODP KEL TELUKAN TO CLOSURE BACEM    <br>   PopupInfo   KU 12 CORE    <br>   Shape_Leng   0.008636]]></description>
        <styleUrl>#line-004DA8-4000</styleUrl>
        <LineString>
          <tessellate>1</tessellate>
          <coordinates>
            110.81886,-7.611919,0
            110.818997,-7.612844,0
            110.819027,-7.613181,0
            110.81922,-7.614187,0
            110.819279,-7.614307,0
            110.819423,-7.615607,0
            110.819465,-7.615935,0
            110.819558,-7.616337,0
            110.819654,-7.61669,0
            110.820526,-7.618834,0
            110.820741,-7.61931,0
            110.82109,-7.620194,0
          </coordinates>
        </LineString>
      </Placemark>
      <Placemark>
        <name>KU 12 CORE</name>
        <description><![CDATA[KU 12 CORE    <br>       <br>   FID   47    <br>   OID_   0    <br>   Name   KU 12 CORE    <br>   FolderPath   PEMKAB SUKOHARJO FIX/CLOSURE BACEM TO PUSKESMAS GROGOL    <br>   PopupInfo   KU 12 CORE    <br>   Shape_Leng   0.01176]]></description>
        <styleUrl>#line-004DA8-4000</styleUrl>
        <LineString>
          <tessellate>1</tessellate>
          <coordinates>
            110.819376,-7.60032,0
            110.819475,-7.600421,0
            110.819161,-7.601179,0
            110.818837,-7.602258,0
            110.818821,-7.603535,0
            110.818886,-7.605193,0
            110.818877,-7.606554,0
            110.81888,-7.608075,0
            110.81886,-7.609646,0
            110.818835,-7.610663,0
            110.818824,-7.610966,0
            110.818818,-7.611157,0
            110.818796,-7.611474,0
            110.81886,-7.611921,0
          </coordinates>
        </LineString>
      </Placemark>
      <Placemark>
        <name>RERUTE CLOSURE TELUKAN TO TEGALMADE</name>
        <description><![CDATA[RERUTE CLOSURE TELUKAN TO TEGALMADE    <br>       <br>   FID   48    <br>   OID_   0    <br>   Name   RERUTE CLOSURE TELUKAN TO TEGALMADE    <br>   FolderPath   PEMKAB SUKOHARJO FIX/CLOSURE TELUKAN TO CLOSURE TEGALMADE    <br>   PopupInfo   KU 12 CORE    <br>   Shape_Leng   0.033629]]></description>
        <styleUrl>#line-004DA8-4000</styleUrl>
        <LineString>
          <tessellate>1</tessellate>
          <coordinates>
            110.85154,-7.627469,0
            110.850338,-7.627206,0
            110.849585,-7.627026,0
            110.848284,-7.626719,0
            110.847064,-7.62646,0
            110.846223,-7.626276,0
            110.845282,-7.626055,0
            110.844523,-7.625877,0
            110.843344,-7.625606,0
            110.843223,-7.625696,0
            110.843096,-7.626367,0
            110.84296,-7.62666,0
            110.842878,-7.626964,0
            110.84273,-7.627733,0
            110.842609,-7.628119,0
            110.842511,-7.628128,0
            110.842381,-7.628116,0
            110.840881,-7.627424,0
            110.839756,-7.627092,0
            110.839562,-7.627097,0
            110.838687,-7.627321,0
            110.838293,-7.627327,0
            110.837407,-7.62723,0
            110.835946,-7.627095,0
            110.833761,-7.626396,0
            110.833375,-7.626257,0
            110.833068,-7.626127,0
            110.832724,-7.625951,0
            110.831645,-7.62528,0
            110.831377,-7.625132,0
            110.831415,-7.624881,0
            110.831477,-7.624513,0
            110.831267,-7.624394,0
            110.83045,-7.624122,0
            110.828718,-7.623682,0
            110.82658,-7.62313,0
            110.824883,-7.622686,0
            110.823619,-7.622367,0
            110.822656,-7.622129,0
            110.822237,-7.622015,0
            110.821799,-7.621913,0
          </coordinates>
        </LineString>
      </Placemark>
      <Placemark>
        <name>RERUTE CLOSURE TELUKAN TO MOJOLABAN</name>
        <description><![CDATA[RERUTE CLOSURE TELUKAN TO MOJOLABAN    <br>       <br>   FID   49    <br>   OID_   0    <br>   Name   RERUTE CLOSURE TELUKAN TO MOJOLABAN    <br>   FolderPath   PEMKAB SUKOHARJO FIX/CLOSURE TEGALMADE TO ODP SIMPANG MOJOLABAN    <br>   PopupInfo   KU 12 CORE    <br>   Shape_Leng   0.03597]]></description>
        <styleUrl>#line-004DA8-4000</styleUrl>
        <LineString>
          <tessellate>1</tessellate>
          <coordinates>
            110.872074,-7.612055,0
            110.871946,-7.612347,0
            110.871709,-7.612834,0
            110.871591,-7.613267,0
            110.871597,-7.613608,0
            110.871619,-7.614753,0
            110.871619,-7.615505,0
            110.871646,-7.616354,0
            110.871499,-7.617222,0
            110.871164,-7.618957,0
            110.870876,-7.620408,0
            110.870631,-7.621614,0
            110.87037,-7.622613,0
            110.87022,-7.623018,0
            110.870056,-7.623385,0
            110.869929,-7.623735,0
            110.869859,-7.624103,0
            110.86974,-7.624947,0
            110.869588,-7.626086,0
            110.869311,-7.62769,0
            110.868081,-7.627462,0
            110.86628,-7.627121,0
            110.866052,-7.627145,0
            110.865945,-7.627374,0
            110.865841,-7.628749,0
            110.865748,-7.629176,0
            110.863996,-7.629341,0
            110.862553,-7.629736,0
            110.861733,-7.629821,0
            110.861429,-7.629821,0
            110.86042,-7.629607,0
            110.858242,-7.629078,0
            110.85663,-7.628694,0
            110.854877,-7.628294,0
            110.853349,-7.627929,0
            110.851497,-7.627466,0
          </coordinates>
        </LineString>
      </Placemark>
      <Placemark>
        <name>ODP SIMPANG TUGU MOJOLABAN TO ODP PASAR POLOKARTO</name>
        <description><![CDATA[ODP SIMPANG TUGU MOJOLABAN TO ODP PASAR POLOKARTO    <br>       <br>   FID   50    <br>   OID_   0    <br>   Name   ODP SIMPANG TUGU MOJOLABAN TO ODP PASAR POLOKARTO    <br>   FolderPath   PEMKAB SUKOHARJO FIX/ODP SIMPANG TUGU MOJOLABAN TO ODP PASAR POLOKARTO    <br>   PopupInfo   KU 12 CORE    <br>   Shape_Leng   0.031649]]></description>
        <styleUrl>#line-004DA8-4000</styleUrl>
        <LineString>
          <tessellate>1</tessellate>
          <coordinates>
            110.893404,-7.622857,0
            110.893311,-7.622083,0
            110.89314,-7.620882,0
            110.892973,-7.619628,0
            110.892829,-7.618695,0
            110.892665,-7.617338,0
            110.892553,-7.616363,0
            110.892367,-7.615026,0
            110.89224,-7.614177,0
            110.892253,-7.613983,0
            110.892379,-7.61378,0
            110.892229,-7.613713,0
            110.891369,-7.61342,0
            110.89116,-7.613445,0
            110.89063,-7.613266,0
            110.889759,-7.612941,0
            110.88908,-7.612641,0
            110.887742,-7.612142,0
            110.886296,-7.611708,0
            110.885796,-7.611581,0
            110.88545,-7.611522,0
            110.883649,-7.611287,0
            110.882094,-7.611108,0
            110.880299,-7.610848,0
            110.878456,-7.610652,0
            110.876708,-7.610423,0
            110.874979,-7.610144,0
            110.874546,-7.609964,0
            110.873744,-7.609647,0
            110.87337,-7.609527,0
            110.873158,-7.61002,0
            110.872342,-7.611585,0
            110.872047,-7.612048,0
          </coordinates>
        </LineString>
      </Placemark>
      <Placemark>
        <name>CLOSURE POLOKARTO TO ODP PASAR POLOAKRTO</name>
        <description><![CDATA[CLOSURE POLOKARTO TO ODP PASAR POLOAKRTO    <br>       <br>   FID   51    <br>   OID_   0    <br>   Name   CLOSURE POLOKARTO TO ODP PASAR POLOAKRTO    <br>   FolderPath   PEMKAB SUKOHARJO FIX/ODP SIMPANG TUGU MOJOLABAN TO ODP PASAR POLOKARTO    <br>   PopupInfo   KU 12 CORE    <br>   Shape_Leng   0.003055]]></description>
        <styleUrl>#line-004DA8-4000</styleUrl>
        <LineString>
          <tessellate>1</tessellate>
          <coordinates>
            110.893952,-7.625695,0
            110.893846,-7.625429,0
            110.893801,-7.625181,0
            110.893725,-7.624198,0
            110.893511,-7.623645,0
            110.893391,-7.622715,0
          </coordinates>
        </LineString>
      </Placemark>
      <Placemark>
        <name>CLOSURE BACEM TO SIMPANG PANDAWA</name>
        <description><![CDATA[CLOSURE BACEM TO SIMPANG PANDAWA    <br>       <br>   FID   52    <br>   OID_   0    <br>   Name   CLOSURE BACEM TO SIMPANG PANDAWA    <br>   FolderPath   PEMKAB SUKOHARJO FIX/CLOSURE BACEM TO ODP SIMPANG PANDAWA    <br>   PopupInfo   KU 12 CORE    <br>   Shape_Leng   0.009128]]></description>
        <styleUrl>#line-004DA8-4000</styleUrl>
        <LineString>
          <tessellate>1</tessellate>
          <coordinates>
            110.811057,-7.608283,0
            110.811136,-7.608264,0
            110.811287,-7.608301,0
            110.811452,-7.608361,0
            110.811494,-7.608493,0
            110.811865,-7.608679,0
            110.812864,-7.609079,0
            110.813045,-7.609084,0
            110.813136,-7.60919,0
            110.814442,-7.609647,0
            110.814384,-7.60978,0
            110.81439,-7.609956,0
            110.81482,-7.610107,0
            110.816367,-7.610729,0
            110.817883,-7.611295,0
            110.818413,-7.611541,0
            110.818586,-7.61173,0
            110.818638,-7.611963,0
            110.818872,-7.611912,0
          </coordinates>
        </LineString>
      </Placemark>
      <Placemark>
        <name>SIMPANG PANDAWA TO SIMPANG KADILANGU</name>
        <description><![CDATA[SIMPANG PANDAWA TO SIMPANG KADILANGU    <br>       <br>   FID   53    <br>   OID_   0    <br>   Name   SIMPANG PANDAWA TO SIMPANG KADILANGU    <br>   FolderPath   PEMKAB SUKOHARJO FIX/ODP SIMPANG PANDAWA TO ODP SIMPANG KADILANGU    <br>   PopupInfo   KU 12 CORE    <br>   Shape_Leng   0.025233]]></description>
        <styleUrl>#line-004DA8-4000</styleUrl>
        <LineString>
          <tessellate>1</tessellate>
          <coordinates>
            110.789595,-7.606202,0
            110.790614,-7.606063,0
            110.791409,-7.605988,0
            110.791626,-7.606107,0
            110.792129,-7.606231,0
            110.792916,-7.606471,0
            110.793935,-7.606844,0
            110.794953,-7.607223,0
            110.796465,-7.607731,0
            110.797913,-7.608211,0
            110.798913,-7.60858,0
            110.800369,-7.60903,0
            110.801111,-7.609279,0
            110.802075,-7.609605,0
            110.803121,-7.609977,0
            110.803265,-7.609883,0
            110.803951,-7.608164,0
            110.804542,-7.60638,0
            110.804817,-7.606208,0
            110.805698,-7.606589,0
            110.807768,-7.607338,0
            110.808883,-7.607784,0
            110.810757,-7.608536,0
            110.810909,-7.608341,0
            110.811069,-7.608282,0
          </coordinates>
        </LineString>
      </Placemark>
      <Placemark>
        <name>KADILANGU TO TUGU LILIN GAWOK</name>
        <description><![CDATA[KADILANGU TO TUGU LILIN GAWOK    <br>       <br>   FID   54    <br>   OID_   0    <br>   Name   KADILANGU TO TUGU LILIN GAWOK    <br>   FolderPath   PEMKAB SUKOHARJO FIX/ODP KADILANGU TO CLOSURE TUGU LILIN GAWOK    <br>   PopupInfo   KU 12 CORE    <br>   Shape_Leng   0.034199]]></description>
        <styleUrl>#line-004DA8-4000</styleUrl>
        <LineString>
          <tessellate>1</tessellate>
          <coordinates>
            110.757483,-7.599701,0
            110.757486,-7.599696,0
            110.758507,-7.600098,0
            110.760033,-7.600655,0
            110.761515,-7.601181,0
            110.762524,-7.601598,0
            110.762824,-7.601608,0
            110.763064,-7.60173,0
            110.763505,-7.602011,0
            110.763828,-7.60225,0
            110.764245,-7.602331,0
            110.765247,-7.602558,0
            110.765791,-7.602735,0
            110.765912,-7.602656,0
            110.766104,-7.602326,0
            110.766292,-7.60222,0
            110.7665,-7.602203,0
            110.767635,-7.602211,0
            110.768644,-7.602267,0
            110.769531,-7.602328,0
            110.770592,-7.602336,0
            110.771478,-7.602386,0
            110.772427,-7.60245,0
            110.773501,-7.602543,0
            110.774587,-7.602637,0
            110.775744,-7.602709,0
            110.776552,-7.602723,0
            110.778224,-7.602612,0
            110.779002,-7.602607,0
            110.779487,-7.602743,0
            110.779981,-7.603045,0
            110.78053,-7.603279,0
            110.781492,-7.603688,0
            110.7819,-7.603971,0
            110.78242,-7.604165,0
            110.782882,-7.604325,0
            110.783438,-7.604572,0
            110.783675,-7.60459,0
            110.783912,-7.604587,0
            110.784337,-7.604686,0
            110.785202,-7.604854,0
            110.785821,-7.604964,0
            110.786607,-7.605138,0
            110.787012,-7.605221,0
            110.787656,-7.605333,0
            110.788399,-7.605477,0
            110.788545,-7.605574,0
            110.788701,-7.605713,0
            110.788608,-7.60618,0
            110.788815,-7.606321,0
            110.789584,-7.606195,0
          </coordinates>
        </LineString>
      </Placemark>
      <Placemark>
        <name>TUGU LILIN GAWOK TO KEC GATAK</name>
        <description><![CDATA[TUGU LILIN GAWOK TO KEC GATAK    <br>       <br>   FID   55    <br>   OID_   0    <br>   Name   TUGU LILIN GAWOK TO KEC GATAK    <br>   FolderPath   PEMKAB SUKOHARJO FIX/CLOSURE TUGU LILIN GAWOK TO ODP KEC GATAK    <br>   PopupInfo   KU 12 CORE    <br>   Shape_Leng   0.017575]]></description>
        <styleUrl>#line-004DA8-4000</styleUrl>
        <LineString>
          <tessellate>1</tessellate>
          <coordinates>
            110.745016,-7.591009,0
            110.74533,-7.59132,0
            110.7458,-7.591826,0
            110.746415,-7.59245,0
            110.746763,-7.592703,0
            110.747141,-7.592891,0
            110.748005,-7.593299,0
            110.749435,-7.59401,0
            110.751307,-7.594949,0
            110.752807,-7.595647,0
            110.753928,-7.596223,0
            110.754433,-7.596494,0
            110.754404,-7.59668,0
            110.754179,-7.597201,0
            110.753931,-7.59778,0
            110.753683,-7.598287,0
            110.753531,-7.598689,0
            110.753577,-7.59885,0
            110.753857,-7.598941,0
            110.755607,-7.599099,0
            110.756459,-7.599327,0
            110.757496,-7.599688,0
          </coordinates>
        </LineString>
      </Placemark>
      <Placemark>
        <name>RERUTE ODP KEC GATAK TO CLOSURE KP ROTAN</name>
        <description><![CDATA[RERUTE ODP KEC GATAK TO CLOSURE KP ROTAN    <br>       <br>   FID   56    <br>   OID_   0    <br>   Name   RERUTE ODP KEC GATAK TO CLOSURE KP ROTAN    <br>   FolderPath   PEMKAB SUKOHARJO FIX/KEC GATAK TO CLOSURE KP ROTAN    <br>   PopupInfo   KU 12 CORE    <br>   Shape_Leng   0.025288]]></description>
        <styleUrl>#line-004DA8-4000</styleUrl>
        <LineString>
          <tessellate>1</tessellate>
          <coordinates>
            110.740409,-7.581831,0
            110.740036,-7.58239,0
            110.74065,-7.582572,0
            110.740932,-7.582619,0
            110.741099,-7.582363,0
            110.741284,-7.582039,0
            110.74155,-7.582082,0
            110.741974,-7.582303,0
            110.742039,-7.582559,0
            110.742316,-7.582678,0
            110.74286,-7.582764,0
            110.743077,-7.582861,0
            110.742951,-7.58326,0
            110.743108,-7.583466,0
            110.743354,-7.583504,0
            110.74374,-7.583579,0
            110.744218,-7.583726,0
            110.74487,-7.583995,0
            110.745011,-7.583875,0
            110.745197,-7.583484,0
            110.745374,-7.583384,0
            110.74573,-7.583578,0
            110.746469,-7.583969,0
            110.747255,-7.584386,0
            110.747679,-7.584593,0
            110.748442,-7.584936,0
            110.74886,-7.585116,0
            110.749206,-7.585275,0
            110.749571,-7.585437,0
            110.749852,-7.585536,0
            110.750523,-7.585071,0
            110.750632,-7.585002,0
            110.75121,-7.584602,0
            110.75117,-7.584538,0
            110.751287,-7.584451,0
            110.751552,-7.584736,0
            110.751605,-7.584685,0
            110.751488,-7.584774,0
            110.750992,-7.585106,0
            110.75023,-7.585643,0
            110.749928,-7.585862,0
            110.749311,-7.586311,0
            110.748019,-7.587246,0
            110.747693,-7.587449,0
            110.746773,-7.588218,0
            110.746127,-7.588821,0
            110.745257,-7.589528,0
            110.744704,-7.589983,0
            110.744343,-7.590206,0
            110.744307,-7.590325,0
            110.744607,-7.590616,0
            110.745012,-7.591028,0
          </coordinates>
        </LineString>
      </Placemark>
      <Placemark>
        <name>CLOSURE ROTAN TO CLOSURE AL KAUTSAR</name>
        <description><![CDATA[CLOSURE ROTAN TO CLOSURE AL KAUTSAR    <br>       <br>   FID   57    <br>   OID_   0    <br>   Name   CLOSURE ROTAN TO CLOSURE AL KAUTSAR    <br>   FolderPath   PEMKAB SUKOHARJO FIX/CLOSURE KP ROTAN TO CLOSURE AL KAUTSAR    <br>   PopupInfo   KU 12 CORE    <br>   Shape_Leng   0.034198]]></description>
        <styleUrl>#line-004DA8-4000</styleUrl>
        <LineString>
          <tessellate>1</tessellate>
          <coordinates>
            110.74155,-7.555022,0
            110.741717,-7.555114,0
            110.741571,-7.555443,0
            110.741415,-7.555753,0
            110.741052,-7.556615,0
            110.740743,-7.557525,0
            110.740468,-7.558509,0
            110.740347,-7.558603,0
            110.739968,-7.558434,0
            110.739937,-7.558632,0
            110.739778,-7.559468,0
            110.739663,-7.560074,0
            110.739553,-7.560679,0
            110.739387,-7.561372,0
            110.739597,-7.561392,0
            110.739998,-7.561442,0
            110.740583,-7.561537,0
            110.741087,-7.561664,0
            110.74133,-7.56176,0
            110.741398,-7.561962,0
            110.74129,-7.562351,0
            110.741064,-7.563242,0
            110.740797,-7.563767,0
            110.740528,-7.563984,0
            110.74038,-7.564362,0
            110.739978,-7.565402,0
            110.739813,-7.565654,0
            110.739716,-7.56709,0
            110.739653,-7.567826,0
            110.739698,-7.568128,0
            110.739659,-7.568567,0
            110.739519,-7.569391,0
            110.739408,-7.570321,0
            110.739333,-7.57063,0
            110.739186,-7.571167,0
            110.738939,-7.572229,0
            110.738841,-7.572558,0
            110.738794,-7.572674,0
            110.739839,-7.572984,0
            110.740518,-7.573212,0
            110.741284,-7.573414,0
            110.741949,-7.573679,0
            110.741822,-7.57405,0
            110.741403,-7.575468,0
            110.741163,-7.576481,0
            110.740922,-7.577387,0
            110.740583,-7.578354,0
            110.741732,-7.578684,0
            110.742192,-7.578843,0
            110.742201,-7.579111,0
            110.741987,-7.579352,0
            110.741512,-7.580092,0
            110.740942,-7.581026,0
            110.740407,-7.581839,0
          </coordinates>
        </LineString>
      </Placemark>
      <Placemark>
        <name>CLOSURE AL KAUTSAR TO SIMPANG KARTOSURO</name>
        <description><![CDATA[CLOSURE AL KAUTSAR TO SIMPANG KARTOSURO    <br>       <br>   FID   58    <br>   OID_   0    <br>   Name   CLOSURE AL KAUTSAR TO SIMPANG KARTOSURO    <br>   FolderPath   PEMKAB SUKOHARJO FIX/CLOSURE AL KAUTSAR TO ODP SIMPANG KARTOSURO    <br>   PopupInfo   KU 12 CORE    <br>   Shape_Leng   0.002835]]></description>
        <styleUrl>#line-004DA8-4000</styleUrl>
        <LineString>
          <tessellate>1</tessellate>
          <coordinates>
            110.742137,-7.552448,0
            110.742076,-7.552663,0
            110.741956,-7.553002,0
            110.741729,-7.553711,0
            110.741589,-7.554092,0
            110.741483,-7.554343,0
            110.741312,-7.554728,0
            110.741381,-7.55492,0
            110.741555,-7.555026,0
          </coordinates>
        </LineString>
      </Placemark>
      <Placemark>
        <name>SIMPANG KARTOSURO TO KEC KARTOSURO</name>
        <description><![CDATA[SIMPANG KARTOSURO TO KEC KARTOSURO    <br>       <br>   FID   59    <br>   OID_   0    <br>   Name   SIMPANG KARTOSURO TO KEC KARTOSURO    <br>   FolderPath   PEMKAB SUKOHARJO FIX/ODP SIMPANG KARTOSURO TO ODP KEC KARTOSURO    <br>   PopupInfo   KU 12 CORE    <br>   Shape_Leng   0.005798]]></description>
        <styleUrl>#line-004DA8-4000</styleUrl>
        <LineString>
          <tessellate>1</tessellate>
          <coordinates>
            110.743813,-7.547125,0
            110.743598,-7.547818,0
            110.743397,-7.548491,0
            110.743177,-7.549368,0
            110.742871,-7.550597,0
            110.742514,-7.552052,0
            110.74242,-7.552312,0
            110.742197,-7.552267,0
            110.742141,-7.552456,0
          </coordinates>
        </LineString>
      </Placemark>
      <Placemark>
        <name>GEDUNG WIJAYA TOCLOSURE JETIS</name>
        <description><![CDATA[GEDUNG WIJAYA TOCLOSURE JETIS    <br>       <br>   FID   60    <br>   OID_   0    <br>   Name   GEDUNG WIJAYA TOCLOSURE JETIS    <br>   FolderPath   PEMKAB SUKOHARJO FIX/GEDUNG WIJAYA TO CLOSURE JETIS    <br>   PopupInfo   KU 12 CORE    <br>   Shape_Leng   0.020003]]></description>
        <styleUrl>#line-004DA8-4000</styleUrl>
        <LineString>
          <tessellate>1</tessellate>
          <coordinates>
            110.836155,-7.665322,0
            110.83615,-7.665266,0
            110.836149,-7.665227,0
            110.836153,-7.665176,0
            110.836125,-7.6651,0
            110.836088,-7.665084,0
            110.836048,-7.665102,0
            110.835989,-7.665113,0
            110.835911,-7.665138,0
            110.835863,-7.665151,0
            110.835832,-7.665191,0
            110.835807,-7.66524,0
            110.835804,-7.665301,0
            110.835805,-7.665365,0
            110.835808,-7.665445,0
            110.835818,-7.665526,0
            110.835818,-7.66553,0
            110.835832,-7.665573,0
            110.83585,-7.665624,0
            110.8359,-7.665668,0
            110.836069,-7.66572,0
            110.836386,-7.665836,0
            110.836686,-7.665947,0
            110.836895,-7.666104,0
            110.837138,-7.666951,0
            110.837273,-7.667401,0
            110.837502,-7.668098,0
            110.837831,-7.669285,0
            110.838225,-7.670299,0
            110.838416,-7.670878,0
            110.838597,-7.671267,0
            110.838505,-7.671585,0
            110.838066,-7.672335,0
            110.837552,-7.673272,0
            110.837214,-7.673895,0
            110.836867,-7.674553,0
            110.83643,-7.675337,0
            110.836032,-7.676053,0
            110.835641,-7.676656,0
            110.835479,-7.676948,0
            110.835405,-7.677271,0
            110.835418,-7.677659,0
            110.835428,-7.677864,0
            110.835213,-7.678285,0
            110.834765,-7.679085,0
            110.834507,-7.679562,0
            110.834329,-7.679905,0
            110.834058,-7.680138,0
            110.833688,-7.68035,0
            110.83291,-7.680901,0
            110.83245,-7.68118,0
            110.832116,-7.68138,0
          </coordinates>
        </LineString>
      </Placemark>
      <Placemark>
        <name>CLOSURE JETIS TO ODP PASAR CUPLIK</name>
        <description><![CDATA[CLOSURE JETIS TO ODP PASAR CUPLIK    <br>       <br>   FID   61    <br>   OID_   0    <br>   Name   CLOSURE JETIS TO ODP PASAR CUPLIK    <br>   FolderPath   PEMKAB SUKOHARJO FIX/CLOSURE SIMPANG JETIS TO ODP PASAR CUPLIK    <br>   PopupInfo   KU 12 CORE    <br>   Shape_Leng   0.035577]]></description>
        <styleUrl>#line-004DA8-4000</styleUrl>
        <LineString>
          <tessellate>1</tessellate>
          <coordinates>
            110.832143,-7.681372,0
            110.831653,-7.681373,0
            110.831416,-7.681366,0
            110.830733,-7.681473,0
            110.829921,-7.681523,0
            110.82929,-7.681583,0
            110.828677,-7.681626,0
            110.827839,-7.681699,0
            110.827134,-7.681779,0
            110.826544,-7.681823,0
            110.825916,-7.681843,0
            110.824967,-7.681921,0
            110.824358,-7.681957,0
            110.823325,-7.681996,0
            110.822209,-7.682096,0
            110.821257,-7.682148,0
            110.820212,-7.682128,0
            110.818736,-7.682074,0
            110.817744,-7.681994,0
            110.816529,-7.681969,0
            110.815642,-7.681901,0
            110.814487,-7.681854,0
            110.812949,-7.681807,0
            110.811965,-7.681778,0
            110.810425,-7.681697,0
            110.808767,-7.68166,0
            110.807714,-7.681615,0
            110.806788,-7.681583,0
            110.806287,-7.681537,0
            110.805987,-7.681398,0
            110.80471,-7.680843,0
            110.803472,-7.680283,0
            110.802716,-7.679925,0
            110.801826,-7.679456,0
            110.800839,-7.678901,0
            110.799994,-7.678397,0
            110.798938,-7.677799,0
            110.797711,-7.677091,0
          </coordinates>
        </LineString>
      </Placemark>
      <Placemark>
        <name>ODP PASAR CUPLIK TO ODP TAMAN WIJAYA</name>
        <description><![CDATA[ODP PASAR CUPLIK TO ODP TAMAN WIJAYA    <br>       <br>   FID   62    <br>   OID_   0    <br>   Name   ODP PASAR CUPLIK TO ODP TAMAN WIJAYA    <br>   FolderPath   PEMKAB SUKOHARJO FIX/ODP PASAR CUPLIK TO ODP TAMAN WIJAYA    <br>   PopupInfo   KU 12 CORE    <br>   Shape_Leng   0.030785]]></description>
        <styleUrl>#line-004DA8-4000</styleUrl>
        <LineString>
          <tessellate>1</tessellate>
          <coordinates>
            110.797753,-7.677082,0
            110.796599,-7.676459,0
            110.795788,-7.67596,0
            110.795495,-7.675769,0
            110.795228,-7.675623,0
            110.794885,-7.675459,0
            110.794651,-7.675384,0
            110.794504,-7.675339,0
            110.794393,-7.675294,0
            110.794474,-7.675114,0
            110.794596,-7.674725,0
            110.794895,-7.673658,0
            110.795238,-7.672301,0
            110.795516,-7.67141,0
            110.795739,-7.670571,0
            110.795847,-7.669569,0
            110.795975,-7.668095,0
            110.796076,-7.666881,0
            110.796326,-7.665638,0
            110.796551,-7.66433,0
            110.796814,-7.662873,0
            110.797116,-7.661474,0
            110.79713,-7.660995,0
            110.797163,-7.660539,0
            110.797121,-7.659623,0
            110.797075,-7.658724,0
            110.797105,-7.657816,0
            110.797325,-7.656671,0
            110.797394,-7.65596,0
            110.797644,-7.654217,0
            110.797839,-7.653202,0
            110.797961,-7.652589,0
            110.798202,-7.651235,0
            110.798479,-7.650079,0
            110.798589,-7.649525,0
            110.798713,-7.648785,0
          </coordinates>
        </LineString>
      </Placemark>
      <Placemark>
        <name>CLOSURE JETIS TO CLOSURE KENEP</name>
        <description><![CDATA[CLOSURE JETIS TO CLOSURE KENEP    <br>       <br>   FID   63    <br>   OID_   0    <br>   Name   CLOSURE JETIS TO CLOSURE KENEP    <br>   FolderPath   PEMKAB SUKOHARJO FIX/CLOSURE JETIS TO CLOSURE KENEP    <br>   PopupInfo   KU 12 CORE    <br>   Shape_Leng   0.03456]]></description>
        <styleUrl>#line-004DA8-4000</styleUrl>
        <LineString>
          <tessellate>1</tessellate>
          <coordinates>
            110.83215,-7.681353,0
            110.831998,-7.681478,0
            110.831819,-7.681705,0
            110.8317,-7.681966,0
            110.831413,-7.68292,0
            110.831078,-7.684064,0
            110.830994,-7.684314,0
            110.830885,-7.684721,0
            110.830749,-7.685434,0
            110.830515,-7.686329,0
            110.830264,-7.687201,0
            110.830025,-7.688037,0
            110.829784,-7.688898,0
            110.829449,-7.689957,0
            110.829104,-7.691055,0
            110.82885,-7.691955,0
            110.828537,-7.692955,0
            110.828275,-7.693834,0
            110.828087,-7.694525,0
            110.827837,-7.695351,0
            110.827629,-7.695862,0
            110.827236,-7.696574,0
            110.826731,-7.697367,0
            110.826264,-7.698083,0
            110.825701,-7.698977,0
            110.825166,-7.699866,0
            110.824684,-7.700661,0
            110.824212,-7.701408,0
            110.824055,-7.701662,0
            110.823584,-7.702427,0
            110.823102,-7.703223,0
            110.822536,-7.703968,0
            110.822422,-7.704392,0
            110.821837,-7.705024,0
            110.821189,-7.705795,0
            110.820668,-7.706407,0
            110.820115,-7.707071,0
            110.816299,-7.711367,0
          </coordinates>
        </LineString>
      </Placemark>
      <Placemark>
        <name>CLOSURE KENEP TO ODP KEC TW SARI</name>
        <description><![CDATA[CLOSURE KENEP TO ODP KEC TW SARI    <br>       <br>   FID   64    <br>   OID_   0    <br>   Name   CLOSURE KENEP TO ODP KEC TW SARI    <br>   FolderPath   PEMKAB SUKOHARJO FIX/CLOSURE KENEP TO ODP KEC TW SARI    <br>   PopupInfo   KU 12 CORE    <br>   Shape_Leng   0.034723]]></description>
        <styleUrl>#line-004DA8-4000</styleUrl>
        <LineString>
          <tessellate>1</tessellate>
          <coordinates>
            110.816311,-7.711354,0
            110.81589,-7.711851,0
            110.815646,-7.71181,0
            110.814968,-7.711589,0
            110.814431,-7.711476,0
            110.813978,-7.711362,0
            110.813528,-7.711257,0
            110.812602,-7.71107,0
            110.811611,-7.710853,0
            110.81136,-7.712228,0
            110.811137,-7.713235,0
            110.810967,-7.714083,0
            110.810966,-7.71436,0
            110.810867,-7.7158,0
            110.810801,-7.716906,0
            110.810761,-7.717178,0
            110.810665,-7.717423,0
            110.810433,-7.717676,0
            110.809953,-7.718174,0
            110.809119,-7.719052,0
            110.808572,-7.719635,0
            110.808077,-7.720172,0
            110.807546,-7.720727,0
            110.806949,-7.721293,0
            110.806569,-7.72168,0
            110.806402,-7.721854,0
            110.806237,-7.722079,0
            110.806058,-7.722302,0
            110.805247,-7.723125,0
            110.804749,-7.723633,0
            110.804561,-7.723777,0
            110.804417,-7.723986,0
            110.804173,-7.724229,0
            110.80364,-7.724747,0
            110.803019,-7.72539,0
            110.802514,-7.725911,0
            110.801982,-7.726402,0
            110.801456,-7.726989,0
            110.801233,-7.727226,0
            110.800963,-7.727486,0
            110.800649,-7.727842,0
            110.80044,-7.728005,0
            110.799852,-7.728609,0
            110.799314,-7.729175,0
            110.799043,-7.729518,0
            110.798526,-7.730045,0
            110.798064,-7.730536,0
            110.797817,-7.73064,0
            110.797688,-7.730941,0
            110.797466,-7.731461,0
            110.797321,-7.731902,0
            110.797275,-7.732203,0
            110.797255,-7.732486,0
            110.797262,-7.732743,0
            110.797272,-7.733008,0
            110.797228,-7.733702,0
            110.797365,-7.73392,0
            110.79721,-7.734557,0
            110.797082,-7.735002,0
          </coordinates>
        </LineString>
      </Placemark>
      <Placemark>
        <name>ODP TWSARI TO CLOSURE TENGKLIK</name>
        <description><![CDATA[ODP TWSARI TO CLOSURE TENGKLIK    <br>       <br>   FID   65    <br>   OID_   0    <br>   Name   ODP TWSARI TO CLOSURE TENGKLIK    <br>   FolderPath   PEMKAB SUKOHARJO FIX/ODP KEC TW SARI TO CLOSURE TENGKLIK    <br>   PopupInfo   KU 12 CORE    <br>   Shape_Leng   0.034105]]></description>
        <styleUrl>#line-004DA8-4000</styleUrl>
        <LineString>
          <tessellate>1</tessellate>
          <coordinates>
            110.797095,-7.734964,0
            110.796962,-7.735269,0
            110.796753,-7.735364,0
            110.796372,-7.73539,0
            110.796087,-7.735394,0
            110.796085,-7.735543,0
            110.795633,-7.735604,0
            110.794794,-7.735766,0
            110.793939,-7.735917,0
            110.792915,-7.736078,0
            110.791958,-7.736259,0
            110.791034,-7.736422,0
            110.79012,-7.736576,0
            110.789101,-7.736722,0
            110.788275,-7.736836,0
            110.787269,-7.737008,0
            110.786008,-7.737169,0
            110.785062,-7.737321,0
            110.784002,-7.737481,0
            110.782953,-7.737616,0
            110.781943,-7.737768,0
            110.780637,-7.737966,0
            110.779814,-7.738056,0
            110.778833,-7.738232,0
            110.777833,-7.738372,0
            110.776802,-7.738502,0
            110.775771,-7.73866,0
            110.775296,-7.73871,0
            110.77492,-7.73877,0
            110.77493,-7.738635,0
            110.774555,-7.73866,0
            110.774117,-7.738678,0
            110.773785,-7.738718,0
            110.773605,-7.73884,0
            110.773352,-7.739045,0
            110.773067,-7.739473,0
            110.772894,-7.73989,0
            110.772654,-7.740319,0
            110.772552,-7.740492,0
            110.772293,-7.740843,0
            110.772173,-7.74124,0
            110.77208,-7.741732,0
            110.771963,-7.742101,0
            110.771739,-7.742371,0
            110.771515,-7.742514,0
            110.771095,-7.74276,0
            110.770665,-7.74314,0
            110.770307,-7.743481,0
            110.769825,-7.744004,0
            110.769481,-7.744418,0
            110.769104,-7.744728,0
            110.7684,-7.745311,0
            110.768154,-7.745525,0
            110.767874,-7.745808,0
            110.767507,-7.746206,0
          </coordinates>
        </LineString>
      </Placemark>
      <Placemark>
        <name>CLOSURE TENGKLIK TO ODP KEC WERU</name>
        <description><![CDATA[CLOSURE TENGKLIK TO ODP KEC WERU    <br>       <br>   FID   66    <br>   OID_   0    <br>   Name   CLOSURE TENGKLIK TO ODP KEC WERU    <br>   FolderPath   PEMKAB SUKOHARJO FIX/CLOSURE TENGKLIK TO ODP KEC WERU    <br>   PopupInfo   KU 12 CORE    <br>   Shape_Leng   0.016573]]></description>
        <styleUrl>#line-004DA8-4000</styleUrl>
        <LineString>
          <tessellate>1</tessellate>
          <coordinates>
            110.767505,-7.746208,0
            110.767023,-7.746595,0
            110.767169,-7.746713,0
            110.766884,-7.74692,0
            110.766358,-7.747417,0
            110.765803,-7.747919,0
            110.765356,-7.748367,0
            110.764848,-7.748709,0
            110.764289,-7.749224,0
            110.763742,-7.749686,0
            110.763077,-7.750274,0
            110.762884,-7.750484,0
            110.762301,-7.751438,0
            110.761852,-7.752109,0
            110.761615,-7.752432,0
            110.761383,-7.752772,0
            110.760841,-7.753679,0
            110.760506,-7.754312,0
            110.760332,-7.75462,0
            110.760134,-7.754923,0
            110.759855,-7.755171,0
            110.759641,-7.755512,0
            110.759526,-7.755816,0
            110.759432,-7.756186,0
            110.759423,-7.756816,0
            110.759425,-7.757546,0
            110.75947,-7.758195,0
            110.759629,-7.758529,0
            110.759785,-7.758788,0
            110.759902,-7.758993,0
            110.759991,-7.759163,0
            110.760012,-7.759393,0
          </coordinates>
        </LineString>
      </Placemark>
      <Placemark>
        <name>COLSURE NGUTRAN TO KEC TW SARI</name>
        <description><![CDATA[COLSURE NGUTRAN TO KEC TW SARI    <br>       <br>   FID   67    <br>   OID_   0    <br>   Name   COLSURE NGUTRAN TO KEC TW SARI    <br>   FolderPath   PEMKAB SUKOHARJO FIX/ODP TW SARI TO CLOSURE NGUTRAN    <br>   PopupInfo   KU 12 CORE    <br>   Shape_Leng   0.035172]]></description>
        <styleUrl>#line-004DA8-4000</styleUrl>
        <LineString>
          <tessellate>1</tessellate>
          <coordinates>
            110.797097,-7.734976,0
            110.796956,-7.735281,0
            110.796914,-7.735479,0
            110.796499,-7.737006,0
            110.796361,-7.737029,0
            110.796123,-7.737929,0
            110.795937,-7.738584,0
            110.795765,-7.739468,0
            110.795665,-7.739899,0
            110.795445,-7.74121,0
            110.795357,-7.74178,0
            110.795275,-7.74261,0
            110.795272,-7.742926,0
            110.795294,-7.74318,0
            110.79544,-7.743453,0
            110.795645,-7.743743,0
            110.795871,-7.744049,0
            110.796296,-7.744574,0
            110.79633,-7.744833,0
            110.796248,-7.745282,0
            110.796152,-7.745833,0
            110.796212,-7.746234,0
            110.796522,-7.747663,0
            110.796676,-7.748222,0
            110.796755,-7.748621,0
            110.796892,-7.749155,0
            110.796995,-7.749825,0
            110.797178,-7.750647,0
            110.797349,-7.750842,0
            110.797907,-7.750756,0
            110.798117,-7.750771,0
            110.798419,-7.75079,0
            110.798746,-7.750803,0
            110.799191,-7.750795,0
            110.799562,-7.750735,0
            110.800013,-7.75069,0
            110.800368,-7.750637,0
            110.800783,-7.750601,0
            110.801346,-7.750513,0
            110.80162,-7.750414,0
            110.801819,-7.75035,0
            110.802005,-7.750106,0
            110.802064,-7.749868,0
            110.802199,-7.749493,0
            110.802385,-7.749353,0
            110.802614,-7.749232,0
            110.802974,-7.749264,0
            110.80361,-7.749454,0
            110.804185,-7.749635,0
            110.804446,-7.749685,0
            110.805088,-7.749751,0
            110.806066,-7.749856,0
            110.807868,-7.750139,0
            110.80875,-7.75031,0
            110.809243,-7.750419,0
            110.809481,-7.750399,0
            110.809956,-7.750577,0
            110.81033,-7.750757,0
            110.810788,-7.751017,0
            110.811387,-7.751405,0
            110.8135,-7.752766,0
            110.812801,-7.752319,0
          </coordinates>
        </LineString>
      </Placemark>
      <Placemark>
        <name>KEC BULU TO CLOSURE NGUTRAN</name>
        <description><![CDATA[KEC BULU TO CLOSURE NGUTRAN    <br>       <br>   FID   68    <br>   OID_   0    <br>   Name   KEC BULU TO CLOSURE NGUTRAN    <br>   FolderPath   PEMKAB SUKOHARJO FIX/CLOSURE NGUTRAN TO ODP KEC BULU    <br>   PopupInfo   KU 12 CORE    <br>   Shape_Leng   0.024071]]></description>
        <styleUrl>#line-004DA8-4000</styleUrl>
        <LineString>
          <tessellate>1</tessellate>
          <coordinates>
            110.813445,-7.752742,0
            110.814846,-7.753634,0
            110.816685,-7.75475,0
            110.817079,-7.754997,0
            110.817995,-7.755566,0
            110.818468,-7.755841,0
            110.819333,-7.756273,0
            110.819828,-7.756545,0
            110.820234,-7.756739,0
            110.821087,-7.757183,0
            110.821478,-7.757394,0
            110.82179,-7.757753,0
            110.82218,-7.758444,0
            110.822478,-7.758779,0
            110.823389,-7.759399,0
            110.824116,-7.759924,0
            110.824267,-7.759819,0
            110.824849,-7.760221,0
            110.825474,-7.760659,0
            110.82601,-7.761003,0
            110.82661,-7.761369,0
            110.827328,-7.761833,0
            110.828134,-7.762376,0
            110.828518,-7.762554,0
            110.829798,-7.763051,0
            110.830606,-7.763366,0
            110.83109,-7.763542,0
            110.831666,-7.763753,0
            110.832195,-7.763952,0
            110.832796,-7.764154,0
            110.83299,-7.764272,0
            110.833077,-7.764448,0
            110.833154,-7.764753,0
            110.833202,-7.765027,0
            110.833012,-7.765169,0
          </coordinates>
        </LineString>
      </Placemark>
      <Placemark>
        <name>GEDUNG WIJAYA TO ODP TENTARA PELAJAR</name>
        <description><![CDATA[GEDUNG WIJAYA TO ODP TENTARA PELAJAR    <br>       <br>   FID   69    <br>   OID_   0    <br>   Name   GEDUNG WIJAYA TO ODP TENTARA PELAJAR    <br>   FolderPath   PEMKAB SUKOHARJO FIX/GEDUNG WIJAYA TO TENTARA PELAJAR TO DINAS KERSIPAN TO DINAS SOSIAL/GEDUNG WIJAYA TO ODP TENTARA PELAJAR    <br>   PopupInfo   KU 12 CORE    <br>   Shape_Leng   0.009459]]></description>
        <styleUrl>#line-004DA8-4000</styleUrl>
        <LineString>
          <tessellate>1</tessellate>
          <coordinates>
            110.83927,-7.67282,0
            110.838905,-7.671791,0
            110.838498,-7.670726,0
            110.837871,-7.66883,0
            110.837293,-7.666918,0
            110.837115,-7.666117,0
            110.836895,-7.666113,0
            110.836702,-7.665944,0
            110.836411,-7.665834,0
            110.836403,-7.665834,0
            110.836048,-7.665716,0
            110.835907,-7.665669,0
            110.835841,-7.665651,0
            110.835832,-7.665609,0
            110.835832,-7.665605,0
            110.835815,-7.665537,0
            110.835798,-7.665461,0
            110.835791,-7.665361,0
            110.8358,-7.665251,0
            110.835847,-7.665157,0
            110.835916,-7.66512,0
            110.835925,-7.665115,0
            110.836,-7.66511,0
            110.836093,-7.665078,0
            110.836134,-7.665098,0
            110.836155,-7.66517,0
            110.836151,-7.66523,0
            110.836155,-7.665302,0
          </coordinates>
        </LineString>
      </Placemark>
      <Placemark>
        <name>ODP TENTARA PELAJAR TO ODP DINAS KEARSIPAN</name>
        <description><![CDATA[ODP TENTARA PELAJAR TO ODP DINAS KEARSIPAN    <br>       <br>   FID   70    <br>   OID_   0    <br>   Name   ODP TENTARA PELAJAR TO ODP DINAS KEARSIPAN    <br>   FolderPath   PEMKAB SUKOHARJO FIX/GEDUNG WIJAYA TO TENTARA PELAJAR TO DINAS KERSIPAN TO DINAS SOSIAL/ODP TENTARA PELAJAR TO ODP DINAS KEARSIPAN    <br>   PopupInfo   KU 12 CORE    <br>   Shape_Leng   0.011253]]></description>
        <styleUrl>#line-004DA8-4000</styleUrl>
        <LineString>
          <tessellate>1</tessellate>
          <coordinates>
            110.843237,-7.683333,0
            110.842508,-7.681617,0
            110.841806,-7.679923,0
            110.841583,-7.679385,0
            110.841429,-7.678879,0
            110.84099,-7.677754,0
            110.840354,-7.676015,0
            110.839452,-7.67336,0
            110.839268,-7.672809,0
          </coordinates>
        </LineString>
      </Placemark>
      <Placemark>
        <name>ODP DINAS KEARSIPAN TO ODP DINAS SOSIAL</name>
        <description><![CDATA[ODP DINAS KEARSIPAN TO ODP DINAS SOSIAL    <br>       <br>   FID   71    <br>   OID_   0    <br>   Name   ODP DINAS KEARSIPAN TO ODP DINAS SOSIAL    <br>   FolderPath   PEMKAB SUKOHARJO FIX/GEDUNG WIJAYA TO TENTARA PELAJAR TO DINAS KERSIPAN TO DINAS SOSIAL/ODP DINAS KEARSIPAN TO ODP DINAS SOSIAL    <br>   PopupInfo   KU 12 CORE    <br>   Shape_Leng   0.0108]]></description>
        <styleUrl>#line-004DA8-4000</styleUrl>
        <LineString>
          <tessellate>1</tessellate>
          <coordinates>
            110.833239,-7.681468,0
            110.834308,-7.681606,0
            110.836062,-7.681793,0
            110.837686,-7.681963,0
            110.838335,-7.682079,0
            110.8394,-7.682168,0
            110.840962,-7.682328,0
            110.842503,-7.682545,0
            110.842638,-7.682424,0
            110.842842,-7.682331,0
            110.842936,-7.682504,0
            110.843069,-7.682854,0
            110.84323,-7.683321,0
          </coordinates>
        </LineString>
      </Placemark>
      <Placemark>
        <name>ODP DINAS KEARSIPAN TO ODP DINAS KESEHATAN</name>
        <description><![CDATA[ODP DINAS KEARSIPAN TO ODP DINAS KESEHATAN    <br>       <br>   FID   72    <br>   OID_   0    <br>   Name   ODP DINAS KEARSIPAN TO ODP DINAS KESEHATAN    <br>   FolderPath   PEMKAB SUKOHARJO FIX/DINAS KEARSIPAN TO DINAS KESEHATAN TO POLSEK BENDOSARI/ODP DINAS KEARSIPAN TO ODP DINAS KESEHATAN    <br>   PopupInfo   KU 12 CORE    <br>   Shape_Leng   0.007962]]></description>
        <styleUrl>#line-004DA8-4000</styleUrl>
        <LineString>
          <tessellate>1</tessellate>
          <coordinates>
            110.850016,-7.684579,0
            110.849714,-7.684483,0
            110.84969,-7.684483,0
            110.84965,-7.68447,0
            110.849615,-7.684463,0
            110.849116,-7.684305,0
            110.847825,-7.684028,0
            110.84693,-7.683786,0
            110.844871,-7.683159,0
            110.844336,-7.683092,0
            110.843851,-7.683006,0
            110.842978,-7.682712,0
            110.8432,-7.683341,0
          </coordinates>
        </LineString>
      </Placemark>
      <Placemark>
        <name>ODP DINAS KESEHATAN TO ODP POLSEK BENDOSARI</name>
        <description><![CDATA[ODP DINAS KESEHATAN TO ODP POLSEK BENDOSARI    <br>       <br>   FID   73    <br>   OID_   0    <br>   Name   ODP DINAS KESEHATAN TO ODP POLSEK BENDOSARI    <br>   FolderPath   PEMKAB SUKOHARJO FIX/DINAS KEARSIPAN TO DINAS KESEHATAN TO POLSEK BENDOSARI/ODP DINAS KESEHATAN TO ODP POLSEK BENDOSARI    <br>   PopupInfo   KU 12 CORE    <br>   Shape_Leng   0.025202]]></description>
        <styleUrl>#line-004DA8-4000</styleUrl>
        <LineString>
          <tessellate>1</tessellate>
          <coordinates>
            110.873735,-7.692134,0
            110.873381,-7.692157,0
            110.873317,-7.691973,0
            110.873178,-7.691926,0
            110.869983,-7.690713,0
            110.867457,-7.689768,0
            110.865036,-7.688917,0
            110.861871,-7.68792,0
            110.857354,-7.686465,0
            110.855393,-7.686024,0
            110.853376,-7.685493,0
            110.85255,-7.685313,0
            110.851066,-7.684906,0
            110.849844,-7.684519,0
          </coordinates>
        </LineString>
      </Placemark>
      <Placemark>
        <name>ODP DINAS KEARSIPAN TO ODP KEL BEGAJAH</name>
        <description><![CDATA[ODP DINAS KEARSIPAN TO ODP KEL BEGAJAH    <br>       <br>   FID   74    <br>   OID_   0    <br>   Name   ODP DINAS KEARSIPAN TO ODP KEL BEGAJAH    <br>   FolderPath   PEMKAB SUKOHARJO FIX/ODP DINAS KEARSIPAN TO ODP BEGAJAH    <br>   PopupInfo   KU 12 CORE    <br>   Shape_Leng   0.034283]]></description>
        <styleUrl>#line-004DA8-4000</styleUrl>
        <LineString>
          <tessellate>1</tessellate>
          <coordinates>
            110.860263,-7.712743,0
            110.858751,-7.709926,0
            110.856687,-7.706854,0
            110.854659,-7.703815,0
            110.852269,-7.700119,0
            110.850893,-7.698076,0
            110.850007,-7.696698,0
            110.849011,-7.69506,0
            110.848167,-7.69362,0
            110.848282,-7.693549,0
            110.848011,-7.693049,0
            110.846198,-7.689775,0
            110.845738,-7.688985,0
            110.844874,-7.687308,0
            110.844483,-7.68651,0
            110.843445,-7.683945,0
            110.843161,-7.683263,0
          </coordinates>
        </LineString>
      </Placemark>
      <Placemark>
        <name>ODP KEL BEGAJAH TO CLOSURE SONGGORUNGGI</name>
        <description><![CDATA[ODP KEL BEGAJAH TO CLOSURE SONGGORUNGGI    <br>       <br>   FID   75    <br>   OID_   0    <br>   Name   ODP KEL BEGAJAH TO CLOSURE SONGGORUNGGI    <br>   FolderPath   PEMKAB SUKOHARJO FIX/ODP KEL BEGAJAH TO CLOSURE SONGGORUNGGI    <br>   PopupInfo   KU 12 CORE    <br>   Shape_Leng   0.005807]]></description>
        <styleUrl>#line-004DA8-4000</styleUrl>
        <LineString>
          <tessellate>1</tessellate>
          <coordinates>
            110.862812,-7.717778,0
            110.861596,-7.715261,0
            110.86094,-7.714093,0
            110.860163,-7.712612,0
          </coordinates>
        </LineString>
      </Placemark>
      <Placemark>
        <name>SONGGORUNGGI TO ODP KRETEK NAMBANGAN</name>
        <description><![CDATA[SONGGORUNGGI TO ODP KRETEK NAMBANGAN    <br>       <br>   FID   76    <br>   OID_   0    <br>   Name   SONGGORUNGGI TO ODP KRETEK NAMBANGAN    <br>   FolderPath   PEMKAB SUKOHARJO FIX/CLOSURE SONGGORUNGGI TO ODP DESA NGUTER    <br>   PopupInfo   KU 12 CORE    <br>   Shape_Leng   0.034251]]></description>
        <styleUrl>#line-004DA8-4000</styleUrl>
        <LineString>
          <tessellate>1</tessellate>
          <coordinates>
            110.879957,-7.746555,0
            110.879673,-7.746389,0
            110.878542,-7.745908,0
            110.877745,-7.745299,0
            110.877151,-7.744632,0
            110.876612,-7.743745,0
            110.875355,-7.741462,0
            110.871415,-7.734017,0
            110.869655,-7.730817,0
            110.868513,-7.728627,0
            110.866298,-7.724332,0
            110.8646,-7.721193,0
            110.862657,-7.717463,0
          </coordinates>
        </LineString>
      </Placemark>
    </Folder>
    <Folder>
      <name>OBYEK - Layer Legenda</name>
      <Placemark>
        <name>Upper Left</name>
      </Placemark>
      <Placemark>
        <name>Upper Center</name>
      </Placemark>
      <Placemark>
        <name>Upper Right</name>
      </Placemark>
      <Placemark>
        <name>Center Left</name>
      </Placemark>
      <Placemark>
        <name>Center</name>
      </Placemark>
      <Placemark>
        <name>Center Right</name>
      </Placemark>
      <Placemark>
        <name>Lower Left</name>
      </Placemark>
      <Placemark>
        <name>Lower Center</name>
      </Placemark>
      <Placemark>
        <name>Lower Right</name>
      </Placemark>
    </Folder>
    <Folder>
      <name>Lokasi_Tersambung_Tahap_1</name>
      <Placemark>
        <name>GEDUNG WIJAYA</name>
        <description><![CDATA[GEDUNG WIJAYA    <br>       <br>   FID   0    <br>   OID_   0    <br>   Name   GEDUNG WIJAYA    <br>   FolderPath   PEMKAB SUKOHARJO FIX    <br>   Fungsi   OLT]]></description>
        <styleUrl>#icon-1899-DB4436</styleUrl>
        <Point>
          <coordinates>
            110.836155,-7.665356,0
          </coordinates>
        </Point>
      </Placemark>
      <Placemark>
        <name>CLOSURE DELTA MERLIN</name>
        <description><![CDATA[CLOSURE DELTA MERLIN    <br>       <br>   FID   1    <br>   OID_   0    <br>   Name   CLOSURE DELTA MERLIN    <br>   FolderPath   PEMKAB SUKOHARJO FIX/GEDUNG WIJAYA TO CLOSURE DELTA MERLIN    <br>   Fungsi   Closure]]></description>
        <styleUrl>#icon-1899-DB4436</styleUrl>
        <Point>
          <coordinates>
            110.828131,-7.636323,0
          </coordinates>
        </Point>
      </Placemark>
      <Placemark>
        <name>CLOSURE TELUKAN</name>
        <description><![CDATA[CLOSURE TELUKAN    <br>       <br>   FID   2    <br>   OID_   0    <br>   Name   CLOSURE TELUKAN    <br>   FolderPath   PEMKAB SUKOHARJO FIX/CLOSURE DELTA MERLIN TO CLOSURE TELUKAN    <br>   Fungsi   Closure]]></description>
        <styleUrl>#icon-1899-DB4436</styleUrl>
        <Point>
          <coordinates>
            110.821799,-7.621952,0
          </coordinates>
        </Point>
      </Placemark>
      <Placemark>
        <name>ODP KANTOR DESA TELUKAN</name>
        <description><![CDATA[ODP KANTOR DESA TELUKAN    <br>       <br>   FID   3    <br>   OID_   0    <br>   Name   ODP KANTOR DESA TELUKAN    <br>   FolderPath   PEMKAB SUKOHARJO FIX/CLOSURE TELUKAN TO ODP KEL TELUKAN    <br>   Fungsi   ODP]]></description>
        <styleUrl>#icon-1899-DB4436</styleUrl>
        <Point>
          <coordinates>
            110.821081,-7.620188,0
          </coordinates>
        </Point>
      </Placemark>
      <Placemark>
        <name>ODP PUSKESMAS GROGOL</name>
        <description><![CDATA[ODP PUSKESMAS GROGOL    <br>       <br>   FID   4    <br>   OID_   0    <br>   Name   ODP PUSKESMAS GROGOL    <br>   FolderPath   PEMKAB SUKOHARJO FIX/CLOSURE BACEM TO PUSKESMAS GROGOL    <br>   Fungsi   ODP]]></description>
        <styleUrl>#icon-1899-DB4436</styleUrl>
        <Point>
          <coordinates>
            110.819385,-7.600329,0
          </coordinates>
        </Point>
      </Placemark>
      <Placemark>
        <name>CLOSURE TEGALMADE</name>
        <description><![CDATA[CLOSURE TEGALMADE    <br>       <br>   FID   5    <br>   OID_   0    <br>   Name   CLOSURE TEGALMADE    <br>   FolderPath   PEMKAB SUKOHARJO FIX/CLOSURE TELUKAN TO CLOSURE TEGALMADE    <br>   Fungsi   Closure]]></description>
        <styleUrl>#icon-1899-DB4436</styleUrl>
        <Point>
          <coordinates>
            110.851539,-7.627442,0
          </coordinates>
        </Point>
      </Placemark>
      <Placemark>
        <name>CLOSURE BEKONANG</name>
        <description><![CDATA[CLOSURE BEKONANG    <br>       <br>   FID   6    <br>   OID_   0    <br>   Name   CLOSURE BEKONANG    <br>   FolderPath   PEMKAB SUKOHARJO FIX/CLOSURE TELUKAN TO CLOSURE TEGALMADE    <br>   Fungsi   Closure]]></description>
        <styleUrl>#icon-1899-DB4436</styleUrl>
        <Point>
          <coordinates>
            110.871552,-7.613948,0
          </coordinates>
        </Point>
      </Placemark>
      <Placemark>
        <name>ODP SIMPANG MOJOLABAN</name>
        <description><![CDATA[ODP SIMPANG MOJOLABAN    <br>       <br>   FID   7    <br>   OID_   0    <br>   Name   ODP SIMPANG MOJOLABAN    <br>   FolderPath   PEMKAB SUKOHARJO FIX/CLOSURE TEGALMADE TO ODP SIMPANG MOJOLABAN    <br>   Fungsi   ODP]]></description>
        <styleUrl>#icon-1899-DB4436</styleUrl>
        <Point>
          <coordinates>
            110.873381,-7.609545,0
          </coordinates>
        </Point>
      </Placemark>
      <Placemark>
        <name>ODP PASAR POLOKARTO</name>
        <description><![CDATA[ODP PASAR POLOKARTO    <br>       <br>   FID   8    <br>   OID_   0    <br>   Name   ODP PASAR POLOKARTO    <br>   FolderPath   PEMKAB SUKOHARJO FIX/ODP SIMPANG TUGU MOJOLABAN TO ODP PASAR POLOKARTO    <br>   Fungsi   ODP]]></description>
        <styleUrl>#icon-1899-DB4436</styleUrl>
        <Point>
          <coordinates>
            110.893965,-7.625691,0
          </coordinates>
        </Point>
      </Placemark>
      <Placemark>
        <name>CLOSURE POLOKARTO</name>
        <description><![CDATA[CLOSURE POLOKARTO    <br>       <br>   FID   9    <br>   OID_   0    <br>   Name   CLOSURE POLOKARTO    <br>   FolderPath   PEMKAB SUKOHARJO FIX/ODP SIMPANG TUGU MOJOLABAN TO ODP PASAR POLOKARTO    <br>   Fungsi   Closure]]></description>
        <styleUrl>#icon-1899-DB4436</styleUrl>
        <Point>
          <coordinates>
            110.893395,-7.622834,0
          </coordinates>
        </Point>
      </Placemark>
      <Placemark>
        <name>ODP SIMPANG PANDAWA</name>
        <description><![CDATA[ODP SIMPANG PANDAWA    <br>       <br>   FID   10    <br>   OID_   0    <br>   Name   ODP SIMPANG PANDAWA    <br>   FolderPath   PEMKAB SUKOHARJO FIX/CLOSURE BACEM TO ODP SIMPANG PANDAWA    <br>   Fungsi   ODP]]></description>
        <styleUrl>#icon-1899-DB4436</styleUrl>
        <Point>
          <coordinates>
            110.811065,-7.608299,0
          </coordinates>
        </Point>
      </Placemark>
      <Placemark>
        <name>CLOSURE BACEM</name>
        <description><![CDATA[CLOSURE BACEM    <br>       <br>   FID   11    <br>   OID_   0    <br>   Name   CLOSURE BACEM    <br>   FolderPath   PEMKAB SUKOHARJO FIX/CLOSURE BACEM TO ODP SIMPANG PANDAWA    <br>   Fungsi   Closure]]></description>
        <styleUrl>#icon-1899-DB4436</styleUrl>
        <Point>
          <coordinates>
            110.818928,-7.611969,0
          </coordinates>
        </Point>
      </Placemark>
      <Placemark>
        <name>ODP SIMPANG KADILANGU</name>
        <description><![CDATA[ODP SIMPANG KADILANGU    <br>       <br>   FID   12    <br>   OID_   0    <br>   Name   ODP SIMPANG KADILANGU    <br>   FolderPath   PEMKAB SUKOHARJO FIX/ODP SIMPANG PANDAWA TO ODP SIMPANG KADILANGU    <br>   Fungsi   ODP]]></description>
        <styleUrl>#icon-1899-DB4436</styleUrl>
        <Point>
          <coordinates>
            110.789554,-7.606186,0
          </coordinates>
        </Point>
      </Placemark>
      <Placemark>
        <name>CLOSURE TUGU LILIN GAWOK</name>
        <description><![CDATA[CLOSURE TUGU LILIN GAWOK    <br>       <br>   FID   13    <br>   OID_   0    <br>   Name   CLOSURE TUGU LILIN GAWOK    <br>   FolderPath   PEMKAB SUKOHARJO FIX/ODP KADILANGU TO CLOSURE TUGU LILIN GAWOK    <br>   Fungsi   Closure]]></description>
        <styleUrl>#icon-1899-DB4436</styleUrl>
        <Point>
          <coordinates>
            110.757485,-7.599723,0
          </coordinates>
        </Point>
      </Placemark>
      <Placemark>
        <name>ODP KEC GATAK</name>
        <description><![CDATA[ODP KEC GATAK    <br>       <br>   FID   14    <br>   OID_   0    <br>   Name   ODP KEC GATAK    <br>   FolderPath   PEMKAB SUKOHARJO FIX/CLOSURE TUGU LILIN GAWOK TO ODP KEC GATAK    <br>   Fungsi   ODP]]></description>
        <styleUrl>#icon-1899-DB4436</styleUrl>
        <Point>
          <coordinates>
            110.745017,-7.591039,0
          </coordinates>
        </Point>
      </Placemark>
      <Placemark>
        <name>CROSS</name>
        <description><![CDATA[CROSS    <br>       <br>   FID   15    <br>   OID_   0    <br>   Name   CROSS    <br>   FolderPath   PEMKAB SUKOHARJO FIX/KEC GATAK TO CLOSURE KP ROTAN    <br>   Fungsi   Cross]]></description>
        <styleUrl>#icon-1899-DB4436</styleUrl>
        <Point>
          <coordinates>
            110.751289,-7.584449,0
          </coordinates>
        </Point>
      </Placemark>
      <Placemark>
        <name>CROSS</name>
        <description><![CDATA[CROSS    <br>       <br>   FID   16    <br>   OID_   0    <br>   Name   CROSS    <br>   FolderPath   PEMKAB SUKOHARJO FIX/KEC GATAK TO CLOSURE KP ROTAN    <br>   Fungsi   Cross]]></description>
        <styleUrl>#icon-1899-DB4436</styleUrl>
        <Point>
          <coordinates>
            110.751554,-7.584731,0
          </coordinates>
        </Point>
      </Placemark>
      <Placemark>
        <name>CLOSURE KP ROTAN</name>
        <description><![CDATA[CLOSURE KP ROTAN    <br>       <br>   FID   17    <br>   OID_   0    <br>   Name   CLOSURE KP ROTAN    <br>   FolderPath   PEMKAB SUKOHARJO FIX/KEC GATAK TO CLOSURE KP ROTAN    <br>   Fungsi   Closure]]></description>
        <styleUrl>#icon-1899-DB4436</styleUrl>
        <Point>
          <coordinates>
            110.740342,-7.581815,0
          </coordinates>
        </Point>
      </Placemark>
      <Placemark>
        <name>CLOSURE ALKAUTSAR</name>
        <description><![CDATA[CLOSURE ALKAUTSAR    <br>       <br>   FID   18    <br>   OID_   0    <br>   Name   CLOSURE ALKAUTSAR    <br>   FolderPath   PEMKAB SUKOHARJO FIX/CLOSURE KP ROTAN TO CLOSURE AL KAUTSAR    <br>   Fungsi   Closure]]></description>
        <styleUrl>#icon-1899-DB4436</styleUrl>
        <Point>
          <coordinates>
            110.741543,-7.555096,0
          </coordinates>
        </Point>
      </Placemark>
      <Placemark>
        <name>ODP SIMPANG KARTOSURO</name>
        <description><![CDATA[ODP SIMPANG KARTOSURO    <br>       <br>   FID   19    <br>   OID_   0    <br>   Name   ODP SIMPANG KARTOSURO    <br>   FolderPath   PEMKAB SUKOHARJO FIX/CLOSURE AL KAUTSAR TO ODP SIMPANG KARTOSURO    <br>   Fungsi   ODP]]></description>
        <styleUrl>#icon-1899-DB4436</styleUrl>
        <Point>
          <coordinates>
            110.742162,-7.552468,0
          </coordinates>
        </Point>
      </Placemark>
      <Placemark>
        <name>ODP KEC KARTOSURO</name>
        <description><![CDATA[ODP KEC KARTOSURO    <br>       <br>   FID   20    <br>   OID_   0    <br>   Name   ODP KEC KARTOSURO    <br>   FolderPath   PEMKAB SUKOHARJO FIX/ODP SIMPANG KARTOSURO TO ODP KEC KARTOSURO    <br>   Fungsi   ODP]]></description>
        <styleUrl>#icon-1899-DB4436</styleUrl>
        <Point>
          <coordinates>
            110.743815,-7.547136,0
          </coordinates>
        </Point>
      </Placemark>
      <Placemark>
        <name>ODP SIMPANG 4 UNIVET</name>
        <description><![CDATA[ODP SIMPANG 4 UNIVET    <br>       <br>   FID   21    <br>   OID_   0    <br>   Name   ODP SIMPANG 4 UNIVET    <br>   FolderPath   PEMKAB SUKOHARJO FIX/GEDUNG WIJAYA TO CLOSURE JETIS    <br>   Fungsi   ODP]]></description>
        <styleUrl>#icon-1899-DB4436</styleUrl>
        <Point>
          <coordinates>
            110.836865,-7.66617,0
          </coordinates>
        </Point>
      </Placemark>
      <Placemark>
        <name>CLOSURE SIMPANG JETIS</name>
        <description><![CDATA[CLOSURE SIMPANG JETIS    <br>       <br>   FID   22    <br>   OID_   0    <br>   Name   CLOSURE SIMPANG JETIS    <br>   FolderPath   PEMKAB SUKOHARJO FIX/GEDUNG WIJAYA TO CLOSURE JETIS    <br>   Fungsi   Closure]]></description>
        <styleUrl>#icon-1899-DB4436</styleUrl>
        <Point>
          <coordinates>
            110.832129,-7.681376,0
          </coordinates>
        </Point>
      </Placemark>
      <Placemark>
        <name>ODP PASAR CUPLIK</name>
        <description><![CDATA[ODP PASAR CUPLIK    <br>       <br>   FID   23    <br>   OID_   0    <br>   Name   ODP PASAR CUPLIK    <br>   FolderPath   PEMKAB SUKOHARJO FIX/CLOSURE SIMPANG JETIS TO ODP PASAR CUPLIK    <br>   Fungsi   ODP]]></description>
        <styleUrl>#icon-1899-DB4436</styleUrl>
        <Point>
          <coordinates>
            110.797709,-7.677167,0
          </coordinates>
        </Point>
      </Placemark>
      <Placemark>
        <name>ODP TAMAN WIJAYA KUSUMA</name>
        <description><![CDATA[ODP TAMAN WIJAYA KUSUMA    <br>       <br>   FID   24    <br>   OID_   0    <br>   Name   ODP TAMAN WIJAYA KUSUMA    <br>   FolderPath   PEMKAB SUKOHARJO FIX/ODP PASAR CUPLIK TO ODP TAMAN WIJAYA    <br>   Fungsi   ODP]]></description>
        <styleUrl>#icon-1899-DB4436</styleUrl>
        <Point>
          <coordinates>
            110.79868,-7.64876,0
          </coordinates>
        </Point>
      </Placemark>
      <Placemark>
        <name>CLOSURE KENEP</name>
        <description><![CDATA[CLOSURE KENEP    <br>       <br>   FID   25    <br>   OID_   0    <br>   Name   CLOSURE KENEP    <br>   FolderPath   PEMKAB SUKOHARJO FIX/CLOSURE JETIS TO CLOSURE KENEP    <br>   Fungsi   Closure]]></description>
        <styleUrl>#icon-1899-DB4436</styleUrl>
        <Point>
          <coordinates>
            110.816347,-7.711358,0
          </coordinates>
        </Point>
      </Placemark>
      <Placemark>
        <name>CLOSURE TENGKLIK</name>
        <description><![CDATA[CLOSURE TENGKLIK    <br>       <br>   FID   26    <br>   OID_   0    <br>   Name   CLOSURE TENGKLIK    <br>   FolderPath   PEMKAB SUKOHARJO FIX/ODP KEC TW SARI TO CLOSURE TENGKLIK    <br>   Fungsi   Closure]]></description>
        <styleUrl>#icon-1899-DB4436</styleUrl>
        <Point>
          <coordinates>
            110.767551,-7.746233,0
          </coordinates>
        </Point>
      </Placemark>
      <Placemark>
        <name>ODP KEC WERU</name>
        <description><![CDATA[ODP KEC WERU    <br>       <br>   FID   27    <br>   OID_   0    <br>   Name   ODP KEC WERU    <br>   FolderPath   PEMKAB SUKOHARJO FIX/CLOSURE TENGKLIK TO ODP KEC WERU    <br>   Fungsi   ODP]]></description>
        <styleUrl>#icon-1899-DB4436</styleUrl>
        <Point>
          <coordinates>
            110.759991,-7.759377,0
          </coordinates>
        </Point>
      </Placemark>
      <Placemark>
        <name>CLOSURE NGUTRAN</name>
        <description><![CDATA[CLOSURE NGUTRAN    <br>       <br>   FID   28    <br>   OID_   0    <br>   Name   CLOSURE NGUTRAN    <br>   FolderPath   PEMKAB SUKOHARJO FIX/ODP TW SARI TO CLOSURE NGUTRAN    <br>   Fungsi   Closure]]></description>
        <styleUrl>#icon-1899-DB4436</styleUrl>
        <Point>
          <coordinates>
            110.814139,-7.753317,0
          </coordinates>
        </Point>
      </Placemark>
      <Placemark>
        <name>ODP KEC TAWANGSARI</name>
        <description><![CDATA[ODP KEC TAWANGSARI    <br>       <br>   FID   29    <br>   OID_   0    <br>   Name   ODP KEC TAWANGSARI    <br>   FolderPath   PEMKAB SUKOHARJO FIX/ODP TW SARI TO CLOSURE NGUTRAN    <br>   Fungsi   ODP]]></description>
        <styleUrl>#icon-1899-DB4436</styleUrl>
        <Point>
          <coordinates>
            110.79711,-7.734998,0
          </coordinates>
        </Point>
      </Placemark>
      <Placemark>
        <name>ODP KEC BULU</name>
        <description><![CDATA[ODP KEC BULU    <br>       <br>   FID   30    <br>   OID_   0    <br>   Name   ODP KEC BULU    <br>   FolderPath   PEMKAB SUKOHARJO FIX/CLOSURE NGUTRAN TO ODP KEC BULU    <br>   Fungsi   ODP]]></description>
        <styleUrl>#icon-1899-DB4436</styleUrl>
        <Point>
          <coordinates>
            110.833034,-7.765163,0
          </coordinates>
        </Point>
      </Placemark>
      <Placemark>
        <name>ODP SIMPANG TENTARA PELAJAR</name>
        <description><![CDATA[ODP SIMPANG TENTARA PELAJAR    <br>       <br>   FID   31    <br>   OID_   0    <br>   Name   ODP SIMPANG TENTARA PELAJAR    <br>   FolderPath   PEMKAB SUKOHARJO FIX/GEDUNG WIJAYA TO TENTARA PELAJAR TO DINAS KERSIPAN TO DINAS SOSIAL/GEDUNG WIJAYA TO ODP TENTARA PELAJAR    <br>   Fungsi   ODP]]></description>
        <styleUrl>#icon-1899-DB4436</styleUrl>
        <Point>
          <coordinates>
            110.839258,-7.672807,0
          </coordinates>
        </Point>
      </Placemark>
      <Placemark>
        <name>ODP DINAS KEARSIPAN PERPUSTAKAAN</name>
        <description><![CDATA[ODP DINAS KEARSIPAN PERPUSTAKAAN    <br>       <br>   FID   32    <br>   OID_   0    <br>   Name   ODP DINAS KEARSIPAN PERPUSTAKAAN    <br>   FolderPath   PEMKAB SUKOHARJO FIX/GEDUNG WIJAYA TO TENTARA PELAJAR TO DINAS KERSIPAN TO DINAS SOSIAL/ODP TENTARA PELAJAR TO ODP DINAS KEARSIPAN    <br>   Fungsi   ODP]]></description>
        <styleUrl>#icon-1899-DB4436</styleUrl>
        <Point>
          <coordinates>
            110.843232,-7.683321,0
          </coordinates>
        </Point>
      </Placemark>
      <Placemark>
        <name>ODP DINAS SOSIAL</name>
        <description><![CDATA[ODP DINAS SOSIAL    <br>       <br>   FID   33    <br>   OID_   0    <br>   Name   ODP DINAS SOSIAL    <br>   FolderPath   PEMKAB SUKOHARJO FIX/GEDUNG WIJAYA TO TENTARA PELAJAR TO DINAS KERSIPAN TO DINAS SOSIAL/ODP DINAS KEARSIPAN TO ODP DINAS SOSIAL    <br>   Fungsi   ODP]]></description>
        <styleUrl>#icon-1899-DB4436</styleUrl>
        <Point>
          <coordinates>
            110.833261,-7.681471,0
          </coordinates>
        </Point>
      </Placemark>
      <Placemark>
        <name>ODP DINAS KESEHATAN</name>
        <description><![CDATA[ODP DINAS KESEHATAN    <br>       <br>   FID   34    <br>   OID_   0    <br>   Name   ODP DINAS KESEHATAN    <br>   FolderPath   PEMKAB SUKOHARJO FIX/DINAS KEARSIPAN TO DINAS KESEHATAN TO POLSEK BENDOSARI/ODP DINAS KEARSIPAN TO ODP DINAS KESEHATAN    <br>   Fungsi   ODP]]></description>
        <styleUrl>#icon-1899-DB4436</styleUrl>
        <Point>
          <coordinates>
            110.850029,-7.68467,0
          </coordinates>
        </Point>
      </Placemark>
      <Placemark>
        <name>ODP POLSEK BENDOSARI</name>
        <description><![CDATA[ODP POLSEK BENDOSARI    <br>       <br>   FID   35    <br>   OID_   0    <br>   Name   ODP POLSEK BENDOSARI    <br>   FolderPath   PEMKAB SUKOHARJO FIX/DINAS KEARSIPAN TO DINAS KESEHATAN TO POLSEK BENDOSARI/ODP DINAS KESEHATAN TO ODP POLSEK BENDOSARI    <br>   Fungsi   ODP]]></description>
        <styleUrl>#icon-1899-DB4436</styleUrl>
        <Point>
          <coordinates>
            110.873746,-7.692157,0
          </coordinates>
        </Point>
      </Placemark>
      <Placemark>
        <name>ODP KELURAHAN BEGAJAH</name>
        <description><![CDATA[ODP KELURAHAN BEGAJAH    <br>       <br>   FID   36    <br>   OID_   0    <br>   Name   ODP KELURAHAN BEGAJAH    <br>   FolderPath   PEMKAB SUKOHARJO FIX/ODP DINAS KEARSIPAN TO ODP BEGAJAH    <br>   Fungsi   ODP]]></description>
        <styleUrl>#icon-1899-DB4436</styleUrl>
        <Point>
          <coordinates>
            110.854694,-7.703848,0
          </coordinates>
        </Point>
      </Placemark>
      <Placemark>
        <name>CLOSURE BEGAJAH</name>
        <description><![CDATA[CLOSURE BEGAJAH    <br>       <br>   FID   37    <br>   OID_   0    <br>   Name   CLOSURE BEGAJAH    <br>   FolderPath   PEMKAB SUKOHARJO FIX/ODP KEL BEGAJAH TO CLOSURE SONGGORUNGGI    <br>   Fungsi   Closure]]></description>
        <styleUrl>#icon-1899-DB4436</styleUrl>
        <Point>
          <coordinates>
            110.86038,-7.712874,0
          </coordinates>
        </Point>
      </Placemark>
      <Placemark>
        <name>CLOSURE SONGGORUNGGI</name>
        <description><![CDATA[CLOSURE SONGGORUNGGI    <br>       <br>   FID   38    <br>   OID_   0    <br>   Name   CLOSURE SONGGORUNGGI    <br>   FolderPath   PEMKAB SUKOHARJO FIX/ODP KEL BEGAJAH TO CLOSURE SONGGORUNGGI    <br>   Fungsi   Closure]]></description>
        <styleUrl>#icon-1899-DB4436</styleUrl>
        <Point>
          <coordinates>
            110.862802,-7.717729,0
          </coordinates>
        </Point>
      </Placemark>
      <Placemark>
        <name>ODP KANTOR DESA NGUTER</name>
        <description><![CDATA[ODP KANTOR DESA NGUTER    <br>       <br>   FID   39    <br>   OID_   0    <br>   Name   ODP KANTOR DESA NGUTER    <br>   FolderPath   PEMKAB SUKOHARJO FIX/CLOSURE SONGGORUNGGI TO ODP DESA NGUTER    <br>   Fungsi   ODP]]></description>
        <styleUrl>#icon-1899-DB4436</styleUrl>
        <Point>
          <coordinates>
            110.870541,-7.732521,0
          </coordinates>
        </Point>
      </Placemark>
      <Placemark>
        <name>ODP SIMPANG KRETEK NAMBANGAN</name>
        <description><![CDATA[ODP SIMPANG KRETEK NAMBANGAN    <br>       <br>   FID   40    <br>   OID_   0    <br>   Name   ODP SIMPANG KRETEK NAMBANGAN    <br>   FolderPath   PEMKAB SUKOHARJO FIX/ODP DESA NGUTER TO ODP KRETEK NAMBANGAN    <br>   Fungsi   ODP]]></description>
        <styleUrl>#icon-1899-DB4436</styleUrl>
        <Point>
          <coordinates>
            110.879947,-7.746594,0
          </coordinates>
        </Point>
      </Placemark>
    </Folder>
    <Folder>
      <name>Jaringan_Tersambung_Tahap_1</name>
      <Placemark>
        <name>ODP DESA NGUTER TO ONT KEC NGUTER</name>
        <description><![CDATA[ODP DESA NGUTER TO ONT KEC NGUTER    <br>       <br>   FID   0    <br>   OID_   0    <br>   Name   ODP DESA NGUTER TO ONT KEC NGUTER    <br>   FolderPath   PEMKAB SUKOHARJO FIX/DROP CORE    <br>   PopupInfo   DROP CORE    <br>   Shape_Leng   0.00047]]></description>
        <styleUrl>#line-73DFFF-2000</styleUrl>
        <LineString>
          <tessellate>1</tessellate>
          <coordinates>
            110.870932,-7.73222,0
            110.870541,-7.732482,0
          </coordinates>
        </LineString>
      </Placemark>
      <Placemark>
        <name>DINAS PENDIDIKAN TO DPRD SKH</name>
        <description><![CDATA[DINAS PENDIDIKAN TO DPRD SKH    <br>       <br>   FID   1    <br>   OID_   0    <br>   Name   DINAS PENDIDIKAN TO DPRD SKH    <br>   FolderPath   PEMKAB SUKOHARJO FIX/DROP CORE    <br>   PopupInfo   DROP CORE    <br>   Shape_Leng   0.00506]]></description>
        <styleUrl>#line-73DFFF-2000</styleUrl>
        <LineString>
          <tessellate>1</tessellate>
          <coordinates>
            110.836069,-7.700629,0
            110.837096,-7.701129,0
            110.837841,-7.697665,0
            110.837478,-7.697576,0
          </coordinates>
        </LineString>
      </Placemark>
      <Placemark>
        <name>ONT DISHUB TO ROUTER KEC SUKOHARJO</name>
        <description><![CDATA[ONT DISHUB TO ROUTER KEC SUKOHARJO    <br>       <br>   FID   2    <br>   OID_   0    <br>   Name   ONT DISHUB TO ROUTER KEC SUKOHARJO    <br>   FolderPath   PEMKAB SUKOHARJO FIX/DROP CORE    <br>   PopupInfo   DROP CORE    <br>   Shape_Leng   0.002344]]></description>
        <styleUrl>#line-73DFFF-2000</styleUrl>
        <LineString>
          <tessellate>1</tessellate>
          <coordinates>
            110.844783,-7.694275,0
            110.844825,-7.693857,0
            110.846436,-7.693936,0
            110.846428,-7.694247,0
          </coordinates>
        </LineString>
      </Placemark>
      <Placemark>
        <name>ONT DISHUB TO ROUTER DPUPR</name>
        <description><![CDATA[ONT DISHUB TO ROUTER DPUPR    <br>       <br>   FID   3    <br>   OID_   0    <br>   Name   ONT DISHUB TO ROUTER DPUPR    <br>   FolderPath   PEMKAB SUKOHARJO FIX/DROP CORE    <br>   PopupInfo   DROP CORE    <br>   Shape_Leng   0.001411]]></description>
        <styleUrl>#line-73DFFF-2000</styleUrl>
        <LineString>
          <tessellate>1</tessellate>
          <coordinates>
            110.845657,-7.69421,0
            110.845663,-7.693907,0
            110.846441,-7.693937,0
            110.846431,-7.694265,0
          </coordinates>
        </LineString>
      </Placemark>
      <Placemark>
        <name>GEDUNG WIJAYA TO CCTV PINTU AIR BPN</name>
        <description><![CDATA[GEDUNG WIJAYA TO CCTV PINTU AIR BPN    <br>       <br>   FID   4    <br>   OID_   0    <br>   Name   GEDUNG WIJAYA TO CCTV PINTU AIR BPN    <br>   FolderPath   PEMKAB SUKOHARJO FIX/DROP CORE    <br>   PopupInfo   DROP CORE    <br>   Shape_Leng   0.010217]]></description>
        <styleUrl>#line-73DFFF-2000</styleUrl>
        <LineString>
          <tessellate>1</tessellate>
          <coordinates>
            110.836888,-7.666129,0
            110.837113,-7.666122,0
            110.83703,-7.665905,0
            110.836832,-7.665097,0
            110.835612,-7.660431,0
            110.834847,-7.657744,0
            110.834464,-7.656491,0
          </coordinates>
        </LineString>
      </Placemark>
      <Placemark>
        <name>ODP KRETEK NAMBANGAN TO PASAR NGUTER</name>
        <description><![CDATA[ODP KRETEK NAMBANGAN TO PASAR NGUTER    <br>       <br>   FID   5    <br>   OID_   0    <br>   Name   ODP KRETEK NAMBANGAN TO PASAR NGUTER    <br>   FolderPath   PEMKAB SUKOHARJO FIX/DROP CORE    <br>   PopupInfo   DROP CORE    <br>   Shape_Leng   0.003217]]></description>
        <styleUrl>#line-73DFFF-2000</styleUrl>
        <LineString>
          <tessellate>1</tessellate>
          <coordinates>
            110.878256,-7.744784,0
            110.877791,-7.745288,0
            110.878517,-7.745908,0
            110.879588,-7.746351,0
            110.879955,-7.74655,0
          </coordinates>
        </LineString>
      </Placemark>
      <Placemark>
        <name>ODP KRETEK NAMBANGAN TO CCTV PASAR NGUTER</name>
        <description><![CDATA[ODP KRETEK NAMBANGAN TO CCTV PASAR NGUTER    <br>       <br>   FID   6    <br>   OID_   0    <br>   Name   ODP KRETEK NAMBANGAN TO CCTV PASAR NGUTER    <br>   FolderPath   PEMKAB SUKOHARJO FIX/DROP CORE    <br>   PopupInfo   DROP CORE    <br>   Shape_Leng   0.003329]]></description>
        <styleUrl>#line-73DFFF-2000</styleUrl>
        <LineString>
          <tessellate>1</tessellate>
          <coordinates>
            110.877229,-7.744741,0
            110.877759,-7.745303,0
            110.878089,-7.745542,0
            110.878511,-7.745895,0
            110.879593,-7.746337,0
            110.879964,-7.746553,0
          </coordinates>
        </LineString>
      </Placemark>
      <Placemark>
        <name>ODP POLSEK BENDOSARI TO KEC BENDOSARI</name>
        <description><![CDATA[ODP POLSEK BENDOSARI TO KEC BENDOSARI    <br>       <br>   FID   8    <br>   OID_   0    <br>   Name   ODP POLSEK BENDOSARI TO KEC BENDOSARI    <br>   FolderPath   PEMKAB SUKOHARJO FIX/DROP CORE    <br>   PopupInfo   DROP CORE    <br>   Shape_Leng   0.000697]]></description>
        <styleUrl>#line-73DFFF-2000</styleUrl>
        <LineString>
          <tessellate>1</tessellate>
          <coordinates>
            110.873657,-7.691554,0
            110.873794,-7.691589,0
            110.873749,-7.691954,0
            110.873729,-7.69214,0
          </coordinates>
        </LineString>
      </Placemark>
      <Placemark>
        <name>ODP DINAS KESEHATAN TO KEL GAYAM</name>
        <description><![CDATA[ODP DINAS KESEHATAN TO KEL GAYAM    <br>       <br>   FID   9    <br>   OID_   0    <br>   Name   ODP DINAS KESEHATAN TO KEL GAYAM    <br>   FolderPath   PEMKAB SUKOHARJO FIX/DROP CORE    <br>   PopupInfo   DROP CORE    <br>   Shape_Leng   0.004142]]></description>
        <styleUrl>#line-73DFFF-2000</styleUrl>
        <LineString>
          <tessellate>1</tessellate>
          <coordinates>
            110.849105,-7.68801,0
            110.848864,-7.688001,0
            110.848863,-7.687877,0
            110.848946,-7.687512,0
            110.849063,-7.687129,0
            110.849146,-7.686957,0
            110.849396,-7.686504,0
            110.849665,-7.685986,0
            110.849962,-7.685354,0
            110.850022,-7.685064,0
            110.850241,-7.68465,0
            110.850006,-7.684572,0
          </coordinates>
        </LineString>
      </Placemark>
      <Placemark>
        <name>ODP DINAS KESEHATAN TO RS SUKARNO</name>
        <description><![CDATA[ODP DINAS KESEHATAN TO RS SUKARNO    <br>       <br>   FID   10    <br>   OID_   0    <br>   Name   ODP DINAS KESEHATAN TO RS SUKARNO    <br>   FolderPath   PEMKAB SUKOHARJO FIX/DROP CORE    <br>   PopupInfo   DROP CORE    <br>   Shape_Leng   0.001106]]></description>
        <styleUrl>#line-73DFFF-2000</styleUrl>
        <LineString>
          <tessellate>1</tessellate>
          <coordinates>
            110.849737,-7.683878,0
            110.849562,-7.684446,0
            110.850054,-7.684593,0
          </coordinates>
        </LineString>
      </Placemark>
      <Placemark>
        <name>ODP DINAS KEARSIPAN TO DINAS PERTANIAN</name>
        <description><![CDATA[ODP DINAS KEARSIPAN TO DINAS PERTANIAN    <br>       <br>   FID   11    <br>   OID_   0    <br>   Name   ODP DINAS KEARSIPAN TO DINAS PERTANIAN    <br>   FolderPath   PEMKAB SUKOHARJO FIX/DROP CORE    <br>   PopupInfo   DROP CORE    <br>   Shape_Leng   0.003932]]></description>
        <styleUrl>#line-73DFFF-2000</styleUrl>
        <LineString>
          <tessellate>1</tessellate>
          <coordinates>
            110.845637,-7.683813,0
            110.84572,-7.68344,0
            110.844835,-7.683195,0
            110.843968,-7.682991,0
            110.842959,-7.682702,0
            110.843229,-7.683334,0
            110.843229,-7.683329,0
          </coordinates>
        </LineString>
      </Placemark>
      <Placemark>
        <name>ODP DINAS KEARSIPAN TO BPBD</name>
        <description><![CDATA[ODP DINAS KEARSIPAN TO BPBD    <br>       <br>   FID   12    <br>   OID_   0    <br>   Name   ODP DINAS KEARSIPAN TO BPBD    <br>   FolderPath   PEMKAB SUKOHARJO FIX/DROP CORE    <br>   PopupInfo   DROP CORE    <br>   Shape_Leng   0.004758]]></description>
        <styleUrl>#line-73DFFF-2000</styleUrl>
        <LineString>
          <tessellate>1</tessellate>
          <coordinates>
            110.84517,-7.68732,0
            110.844909,-7.687442,0
            110.844226,-7.685795,0
            110.843459,-7.683947,0
            110.843218,-7.683305,0
          </coordinates>
        </LineString>
      </Placemark>
      <Placemark>
        <name>ODP DINAS KEARSIPAN TO PASAR IR SUKARNO</name>
        <description><![CDATA[ODP DINAS KEARSIPAN TO PASAR IR SUKARNO    <br>       <br>   FID   13    <br>   OID_   0    <br>   Name   ODP DINAS KEARSIPAN TO PASAR IR SUKARNO    <br>   FolderPath   PEMKAB SUKOHARJO FIX/DROP CORE    <br>   PopupInfo   DROP CORE    <br>   Shape_Leng   0.005522]]></description>
        <styleUrl>#line-73DFFF-2000</styleUrl>
        <LineString>
          <tessellate>1</tessellate>
          <coordinates>
            110.840723,-7.678888,0
            110.841427,-7.678877,0
            110.841838,-7.67991,0
            110.842238,-7.680987,0
            110.842618,-7.681867,0
            110.84276,-7.682117,0
            110.843044,-7.682873,0
            110.84321,-7.683325,0
            110.843216,-7.683303,0
          </coordinates>
        </LineString>
      </Placemark>
      <Placemark>
        <name>ODP DINAS KEARSIPAN TO RUMAH DINAS BUPATI</name>
        <description><![CDATA[ODP DINAS KEARSIPAN TO RUMAH DINAS BUPATI    <br>       <br>   FID   14    <br>   OID_   0    <br>   Name   ODP DINAS KEARSIPAN TO RUMAH DINAS BUPATI    <br>   FolderPath   PEMKAB SUKOHARJO FIX/DROP CORE    <br>   PopupInfo   DROP CORE    <br>   Shape_Leng   0.002047]]></description>
        <styleUrl>#line-73DFFF-2000</styleUrl>
        <LineString>
          <tessellate>1</tessellate>
          <coordinates>
            110.84325,-7.68238,0
            110.843041,-7.682007,0
            110.842755,-7.682078,0
            110.842942,-7.682525,0
            110.84305,-7.682876,0
            110.843228,-7.683314,0
          </coordinates>
        </LineString>
      </Placemark>
      <Placemark>
        <name>ODP DINAS KEARSIPAN TO GRAHA WIJAYA</name>
        <description><![CDATA[ODP DINAS KEARSIPAN TO GRAHA WIJAYA    <br>       <br>   FID   15    <br>   OID_   0    <br>   Name   ODP DINAS KEARSIPAN TO GRAHA WIJAYA    <br>   FolderPath   PEMKAB SUKOHARJO FIX/DROP CORE    <br>   PopupInfo   DROP CORE    <br>   Shape_Leng   0.002516]]></description>
        <styleUrl>#line-73DFFF-2000</styleUrl>
        <LineString>
          <tessellate>1</tessellate>
          <coordinates>
            110.841719,-7.682075,0
            110.841658,-7.68242,0
            110.842496,-7.682527,0
            110.842937,-7.682499,0
            110.843009,-7.682771,0
            110.843238,-7.683324,0
          </coordinates>
        </LineString>
      </Placemark>
      <Placemark>
        <name>ODP DINAS KEARSIPAN TO CCTV SIMPANG 5 BARAT</name>
        <description><![CDATA[ODP DINAS KEARSIPAN TO CCTV SIMPANG 5 BARAT    <br>       <br>   FID   16    <br>   OID_   0    <br>   Name   ODP DINAS KEARSIPAN TO CCTV SIMPANG 5 BARAT    <br>   FolderPath   PEMKAB SUKOHARJO FIX/DROP CORE    <br>   PopupInfo   DROP CORE    <br>   Shape_Leng   0.001361]]></description>
        <styleUrl>#line-73DFFF-2000</styleUrl>
        <LineString>
          <tessellate>1</tessellate>
          <coordinates>
            110.84249,-7.682593,0
            110.842497,-7.682523,0
            110.842909,-7.682497,0
            110.842989,-7.682782,0
            110.843227,-7.683313,0
          </coordinates>
        </LineString>
      </Placemark>
      <Placemark>
        <name>ODP TENTARA PELAJAR TO CCTV SIMPANG 4 KEJAKSAAN</name>
        <description><![CDATA[ODP TENTARA PELAJAR TO CCTV SIMPANG 4 KEJAKSAAN    <br>       <br>   FID   17    <br>   OID_   0    <br>   Name   ODP TENTARA PELAJAR TO CCTV SIMPANG 4 KEJAKSAAN    <br>   FolderPath   PEMKAB SUKOHARJO FIX/DROP CORE    <br>   PopupInfo   DROP CORE    <br>   Shape_Leng   0.001553]]></description>
        <styleUrl>#line-73DFFF-2000</styleUrl>
        <LineString>
          <tessellate>1</tessellate>
          <coordinates>
            110.838732,-7.671356,0
            110.839078,-7.672294,0
            110.839269,-7.672814,0
          </coordinates>
        </LineString>
      </Placemark>
      <Placemark>
        <name>ODP TENTARA PELAJAR TO UPTD SAMPAH</name>
        <description><![CDATA[ODP TENTARA PELAJAR TO UPTD SAMPAH    <br>       <br>   FID   18    <br>   OID_   0    <br>   Name   ODP TENTARA PELAJAR TO UPTD SAMPAH    <br>   FolderPath   PEMKAB SUKOHARJO FIX/DROP CORE    <br>   PopupInfo   DROP CORE    <br>   Shape_Leng   0.003717]]></description>
        <styleUrl>#line-73DFFF-2000</styleUrl>
        <LineString>
          <tessellate>1</tessellate>
          <coordinates>
            110.839246,-7.672798,0
            110.839401,-7.672887,0
            110.83977,-7.673002,0
            110.840188,-7.67309,0
            110.84047,-7.673121,0
            110.840979,-7.673257,0
            110.841414,-7.671676,0
            110.841683,-7.671731,0
          </coordinates>
        </LineString>
      </Placemark>
      <Placemark>
        <name>ODP TENTARA PELAJAR TO KEL JOMBOR</name>
        <description><![CDATA[ODP TENTARA PELAJAR TO KEL JOMBOR    <br>       <br>   FID   19    <br>   OID_   0    <br>   Name   ODP TENTARA PELAJAR TO KEL JOMBOR    <br>   FolderPath   PEMKAB SUKOHARJO FIX/DROP CORE    <br>   PopupInfo   DROP CORE    <br>   Shape_Leng   0.001901]]></description>
        <styleUrl>#line-73DFFF-2000</styleUrl>
        <LineString>
          <tessellate>1</tessellate>
          <coordinates>
            110.839265,-7.672792,0
            110.8394,-7.672882,0
            110.839754,-7.672989,0
            110.840185,-7.673077,0
            110.840486,-7.673103,0
            110.840872,-7.673206,0
            110.840907,-7.672982,0
          </coordinates>
        </LineString>
      </Placemark>
      <Placemark>
        <name>ODP TENTARA PELAJAR TO KEL SUKOHARJO</name>
        <description><![CDATA[ODP TENTARA PELAJAR TO KEL SUKOHARJO    <br>       <br>   FID   20    <br>   OID_   0    <br>   Name   ODP TENTARA PELAJAR TO KEL SUKOHARJO    <br>   FolderPath   PEMKAB SUKOHARJO FIX/DROP CORE    <br>   PopupInfo   DROP CORE    <br>   Shape_Leng   0.006183]]></description>
        <styleUrl>#line-73DFFF-2000</styleUrl>
        <LineString>
          <tessellate>1</tessellate>
          <coordinates>
            110.83927,-7.672816,0
            110.839241,-7.672702,0
            110.838508,-7.672644,0
            110.837907,-7.672594,0
            110.837195,-7.673895,0
            110.83671,-7.674771,0
            110.836211,-7.675701,0
            110.836023,-7.676065,0
            110.835411,-7.675972,0
            110.83538,-7.676128,0
          </coordinates>
        </LineString>
      </Placemark>
      <Placemark>
        <name>ODP PASAR POLOKARTO TO KEC POLOKARTO</name>
        <description><![CDATA[ODP PASAR POLOKARTO TO KEC POLOKARTO    <br>       <br>   FID   21    <br>   OID_   0    <br>   Name   ODP PASAR POLOKARTO TO KEC POLOKARTO    <br>   FolderPath   PEMKAB SUKOHARJO FIX/DROP CORE    <br>   PopupInfo   DROP CORE    <br>   Shape_Leng   0.004573]]></description>
        <styleUrl>#line-73DFFF-2000</styleUrl>
        <LineString>
          <tessellate>1</tessellate>
          <coordinates>
            110.896273,-7.628681,0
            110.896677,-7.628428,0
            110.896452,-7.62813,0
            110.895953,-7.627426,0
            110.89503,-7.626297,0
            110.894746,-7.625975,0
            110.894426,-7.625784,0
            110.894052,-7.625551,0
            110.893949,-7.625671,0
          </coordinates>
        </LineString>
      </Placemark>
      <Placemark>
        <name>ODP SIMPANG MOJOLABAN TO SIMPANG PASAR BEKONANG</name>
        <description><![CDATA[ODP SIMPANG MOJOLABAN TO SIMPANG PASAR BEKONANG    <br>       <br>   FID   22    <br>   OID_   0    <br>   Name   ODP SIMPANG MOJOLABAN TO SIMPANG PASAR BEKONANG    <br>   FolderPath   PEMKAB SUKOHARJO FIX/DROP CORE    <br>   PopupInfo   DROP CORE    <br>   Shape_Leng   0.000251]]></description>
        <styleUrl>#line-73DFFF-2000</styleUrl>
        <LineString>
          <tessellate>1</tessellate>
          <coordinates>
            110.873521,-7.609592,0
            110.873593,-7.609478,0
            110.873478,-7.609461,0
          </coordinates>
        </LineString>
      </Placemark>
      <Placemark>
        <name>ODP SIMPANG MOJOLABAN TO KANTOR KECAMATAN MOJOLABAN</name>
        <description><![CDATA[ODP SIMPANG MOJOLABAN TO KANTOR KECAMATAN MOJOLABAN    <br>       <br>   FID   23    <br>   OID_   0    <br>   Name   ODP SIMPANG MOJOLABAN TO KANTOR KECAMATAN MOJOLABAN    <br>   FolderPath   PEMKAB SUKOHARJO FIX/DROP CORE    <br>   PopupInfo   DROP CORE    <br>   Shape_Leng   0.005381]]></description>
        <styleUrl>#line-73DFFF-2000</styleUrl>
        <LineString>
          <tessellate>1</tessellate>
          <coordinates>
            110.870996,-7.606201,0
            110.870648,-7.606195,0
            110.870519,-7.606481,0
            110.870409,-7.606749,0
            110.87036,-7.607001,0
            110.871995,-7.60865,0
            110.872502,-7.609156,0
            110.872702,-7.609305,0
            110.87288,-7.609377,0
            110.872892,-7.609378,0
            110.873157,-7.609482,0
            110.873381,-7.60955,0
            110.87354,-7.609577,0
          </coordinates>
        </LineString>
      </Placemark>
      <Placemark>
        <name>ODP PUSKESMAS GROGOL TO  KEC GROGOL</name>
        <description><![CDATA[ODP PUSKESMAS GROGOL TO  KEC GROGOL    <br>       <br>   FID   24    <br>   OID_   0    <br>   Name   ODP PUSKESMAS GROGOL TO  KEC GROGOL    <br>   FolderPath   PEMKAB SUKOHARJO FIX/DROP CORE    <br>   PopupInfo   DROP CORE    <br>   Shape_Leng   0.002023]]></description>
        <styleUrl>#line-73DFFF-2000</styleUrl>
        <LineString>
          <tessellate>1</tessellate>
          <coordinates>
            110.819409,-7.600224,0
            110.819165,-7.600903,0
            110.818878,-7.601821,0
            110.818568,-7.601961,0
          </coordinates>
        </LineString>
      </Placemark>
      <Placemark>
        <name>ODP PUSKESMAS GROGOL TO SIMPANG THE PARK</name>
        <description><![CDATA[ODP PUSKESMAS GROGOL TO SIMPANG THE PARK    <br>       <br>   FID   25    <br>   OID_   0    <br>   Name   ODP PUSKESMAS GROGOL TO SIMPANG THE PARK    <br>   FolderPath   PEMKAB SUKOHARJO FIX/DROP CORE    <br>   PopupInfo   DROP CORE    <br>   Shape_Leng   0.009304]]></description>
        <styleUrl>#line-73DFFF-2000</styleUrl>
        <LineString>
          <tessellate>1</tessellate>
          <coordinates>
            110.814466,-7.59942,0
            110.813921,-7.601031,0
            110.814091,-7.60111,0
            110.813971,-7.60142,0
            110.815655,-7.601782,0
            110.816448,-7.601906,0
            110.817386,-7.602026,0
            110.81873,-7.602247,0
            110.818848,-7.601876,0
            110.819094,-7.601131,0
            110.81942,-7.600207,0
            110.819375,-7.600293,0
          </coordinates>
        </LineString>
      </Placemark>
      <Placemark>
        <name>ODP SIMPANG KARTOSURO TO KEL KARTOSURO</name>
        <description><![CDATA[ODP SIMPANG KARTOSURO TO KEL KARTOSURO    <br>       <br>   FID   26    <br>   OID_   0    <br>   Name   ODP SIMPANG KARTOSURO TO KEL KARTOSURO    <br>   FolderPath   PEMKAB SUKOHARJO FIX/DROP CORE    <br>   PopupInfo   DROP CORE    <br>   Shape_Leng   0.008208]]></description>
        <styleUrl>#line-73DFFF-2000</styleUrl>
        <LineString>
          <tessellate>1</tessellate>
          <coordinates>
            110.736704,-7.552218,0
            110.736589,-7.5522,0
            110.736647,-7.552066,0
            110.736691,-7.551948,0
            110.737509,-7.552408,0
            110.738952,-7.553271,0
            110.741303,-7.55473,0
            110.741462,-7.554355,0
            110.741711,-7.553707,0
            110.74195,-7.553001,0
            110.742071,-7.552667,0
            110.742133,-7.552445,0
          </coordinates>
        </LineString>
      </Placemark>
      <Placemark>
        <name>ODP SIMPANG KARTOSURO TO CCTV SIMPANG TUGU KARTOSURO</name>
        <description><![CDATA[ODP SIMPANG KARTOSURO TO CCTV SIMPANG TUGU KARTOSURO    <br>       <br>   FID   27    <br>   OID_   0    <br>   Name   ODP SIMPANG KARTOSURO TO CCTV SIMPANG TUGU KARTOSURO    <br>   FolderPath   PEMKAB SUKOHARJO FIX/DROP CORE    <br>   PopupInfo   DROP CORE    <br>   Shape_Leng   0.005685]]></description>
        <styleUrl>#line-73DFFF-2000</styleUrl>
        <LineString>
          <tessellate>1</tessellate>
          <coordinates>
            110.736934,-7.550402,0
            110.73703,-7.550544,0
            110.737312,-7.550587,0
            110.737418,-7.550606,0
            110.738169,-7.550767,0
            110.739035,-7.550998,0
            110.73966,-7.5512,0
            110.740852,-7.551799,0
            110.741735,-7.552255,0
            110.742167,-7.552446,0
          </coordinates>
        </LineString>
      </Placemark>
      <Placemark>
        <name>ODP SIMPANG KARTOSURO TO CCTV SIMPANG 4 KARTOSURO</name>
        <description><![CDATA[ODP SIMPANG KARTOSURO TO CCTV SIMPANG 4 KARTOSURO    <br>       <br>   FID   28    <br>   OID_   0    <br>   Name   ODP SIMPANG KARTOSURO TO CCTV SIMPANG 4 KARTOSURO    <br>   FolderPath   PEMKAB SUKOHARJO FIX/DROP CORE    <br>   PopupInfo   DROP CORE    <br>   Shape_Leng   0.000177]]></description>
        <styleUrl>#line-73DFFF-2000</styleUrl>
        <LineString>
          <tessellate>1</tessellate>
          <coordinates>
            110.742194,-7.552284,0
            110.742139,-7.552453,0
          </coordinates>
        </LineString>
      </Placemark>
      <Placemark>
        <name>ODP SIMPANG PANDAWA TO CCTV SIMPANG 4 PANDAWA SELATAN</name>
        <description><![CDATA[ODP SIMPANG PANDAWA TO CCTV SIMPANG 4 PANDAWA SELATAN    <br>       <br>   FID   30    <br>   OID_   0    <br>   Name   ODP SIMPANG PANDAWA TO CCTV SIMPANG 4 PANDAWA SELATAN    <br>   FolderPath   PEMKAB SUKOHARJO FIX/DROP CORE    <br>   PopupInfo   DROP CORE    <br>   Shape_Leng   0.00073]]></description>
        <styleUrl>#line-73DFFF-2000</styleUrl>
        <LineString>
          <tessellate>1</tessellate>
          <coordinates>
            110.811206,-7.608863,0
            110.810904,-7.608732,0
            110.810764,-7.608538,0
            110.810902,-7.608456,0
          </coordinates>
        </LineString>
      </Placemark>
      <Placemark>
        <name>ODP SIMPANG PANDAWA TO CCTV SIMPANG 4 PANDAWA BARAT</name>
        <description><![CDATA[ODP SIMPANG PANDAWA TO CCTV SIMPANG 4 PANDAWA BARAT    <br>       <br>   FID   31    <br>   OID_   0    <br>   Name   ODP SIMPANG PANDAWA TO CCTV SIMPANG 4 PANDAWA BARAT    <br>   FolderPath   PEMKAB SUKOHARJO FIX/DROP CORE    <br>   PopupInfo   DROP CORE    <br>   Shape_Leng   0.000291]]></description>
        <styleUrl>#line-73DFFF-2000</styleUrl>
        <LineString>
          <tessellate>1</tessellate>
          <coordinates>
            110.810902,-7.608456,0
            110.810901,-7.608336,0
            110.811066,-7.608292,0
          </coordinates>
        </LineString>
      </Placemark>
      <Placemark>
        <name>ODP SIMPANG KADILANGU TO SIMPANG 3 AL AZHAR</name>
        <description><![CDATA[ODP SIMPANG KADILANGU TO SIMPANG 3 AL AZHAR    <br>       <br>   FID   32    <br>   OID_   0    <br>   Name   ODP SIMPANG KADILANGU TO SIMPANG 3 AL AZHAR    <br>   FolderPath   PEMKAB SUKOHARJO FIX/DROP CORE    <br>   PopupInfo   DROP CORE    <br>   Shape_Leng   0.002095]]></description>
        <styleUrl>#line-73DFFF-2000</styleUrl>
        <LineString>
          <tessellate>1</tessellate>
          <coordinates>
            110.791627,-7.606095,0
            110.79143,-7.605982,0
            110.791196,-7.606009,0
            110.790959,-7.606029,0
            110.790612,-7.606064,0
            110.790072,-7.606141,0
            110.789574,-7.606192,0
          </coordinates>
        </LineString>
      </Placemark>
      <Placemark>
        <name>ODP SIMPANG KADILANGU TO KECAMATAN BAKI</name>
        <description><![CDATA[ODP SIMPANG KADILANGU TO KECAMATAN BAKI    <br>       <br>   FID   33    <br>   OID_   0    <br>   Name   ODP SIMPANG KADILANGU TO KECAMATAN BAKI    <br>   FolderPath   PEMKAB SUKOHARJO FIX/DROP CORE    <br>   PopupInfo   DROP CORE    <br>   Shape_Leng   0.009688]]></description>
        <styleUrl>#line-73DFFF-2000</styleUrl>
        <LineString>
          <tessellate>1</tessellate>
          <coordinates>
            110.789602,-7.606209,0
            110.789203,-7.606269,0
            110.788826,-7.60634,0
            110.788612,-7.606198,0
            110.788307,-7.606388,0
            110.788087,-7.606407,0
            110.787338,-7.606519,0
            110.786632,-7.606603,0
            110.785825,-7.606707,0
            110.785337,-7.60681,0
            110.785006,-7.606957,0
            110.784568,-7.607163,0
            110.78418,-7.607404,0
            110.784051,-7.607832,0
            110.783963,-7.608793,0
            110.783879,-7.609653,0
            110.783654,-7.610856,0
            110.783792,-7.610919,0
            110.78376,-7.611058,0
            110.783856,-7.61108,0
            110.783845,-7.611167,0
          </coordinates>
        </LineString>
      </Placemark>
      <Placemark>
        <name>ODP SIMPANG KADILANGU TO CCTV SIMPANG 4 KADILANGU</name>
        <description><![CDATA[ODP SIMPANG KADILANGU TO CCTV SIMPANG 4 KADILANGU    <br>       <br>   FID   34    <br>   OID_   0    <br>   Name   ODP SIMPANG KADILANGU TO CCTV SIMPANG 4 KADILANGU    <br>   FolderPath   PEMKAB SUKOHARJO FIX/DROP CORE    <br>   PopupInfo   DROP CORE    <br>   Shape_Leng   0.001374]]></description>
        <styleUrl>#line-73DFFF-2000</styleUrl>
        <LineString>
          <tessellate>1</tessellate>
          <coordinates>
            110.788337,-7.606386,0
            110.788613,-7.606201,0
            110.788821,-7.606326,0
            110.789612,-7.606215,0
          </coordinates>
        </LineString>
      </Placemark>
      <Placemark>
        <name>GEDUNG WIJAYA TO CCTV SIMPANG 4 UNIVET</name>
        <description><![CDATA[GEDUNG WIJAYA TO CCTV SIMPANG 4 UNIVET    <br>       <br>   FID   35    <br>   OID_   0    <br>   Name   GEDUNG WIJAYA TO CCTV SIMPANG 4 UNIVET    <br>   FolderPath   PEMKAB SUKOHARJO FIX/DROP CORE    <br>   PopupInfo   DROP CORE    <br>   Shape_Leng   0.000465]]></description>
        <styleUrl>#line-73DFFF-2000</styleUrl>
        <LineString>
          <tessellate>1</tessellate>
          <coordinates>
            110.837019,-7.665916,0
            110.837038,-7.665917,0
            110.837119,-7.666118,0
            110.83689,-7.666117,0
          </coordinates>
        </LineString>
      </Placemark>
      <Placemark>
        <name>GEDUNG WIJAYA TO BLK</name>
        <description><![CDATA[GEDUNG WIJAYA TO BLK    <br>       <br>   FID   36    <br>   OID_   0    <br>   Name   GEDUNG WIJAYA TO BLK    <br>   FolderPath   PEMKAB SUKOHARJO FIX/DROP CORE    <br>   PopupInfo   DROP CORE    <br>   Shape_Leng   0.002821]]></description>
        <styleUrl>#line-73DFFF-2000</styleUrl>
        <LineString>
          <tessellate>1</tessellate>
          <coordinates>
            110.834483,-7.665362,0
            110.834764,-7.665461,0
            110.834836,-7.665208,0
            110.835238,-7.665363,0
            110.836678,-7.665947,0
            110.836895,-7.666117,0
          </coordinates>
        </LineString>
      </Placemark>
      <Placemark>
        <name>ODP PASAR CUPLIK TO KEL BULAKAN</name>
        <description><![CDATA[ODP PASAR CUPLIK TO KEL BULAKAN    <br>       <br>   FID   37    <br>   OID_   0    <br>   Name   ODP PASAR CUPLIK TO KEL BULAKAN    <br>   FolderPath   PEMKAB SUKOHARJO FIX/DROP CORE    <br>   PopupInfo   DROP CORE    <br>   Shape_Leng   0.015302]]></description>
        <styleUrl>#line-73DFFF-2000</styleUrl>
        <LineString>
          <tessellate>1</tessellate>
          <coordinates>
            110.797728,-7.677086,0
            110.797094,-7.676728,0
            110.79616,-7.676209,0
            110.79522,-7.675621,0
            110.794877,-7.67547,0
            110.794393,-7.675297,0
            110.793493,-7.674943,0
            110.79178,-7.674321,0
            110.789811,-7.673577,0
            110.788714,-7.673174,0
            110.787705,-7.672776,0
            110.786826,-7.674931,0
            110.786471,-7.675854,0
            110.786153,-7.676563,0
            110.786009,-7.676491,0
            110.786054,-7.676394,0
          </coordinates>
        </LineString>
      </Placemark>
      <Placemark>
        <name>OPD PASAR CUPLIK TO KEL KRIWEN</name>
        <description><![CDATA[OPD PASAR CUPLIK TO KEL KRIWEN    <br>       <br>   FID   38    <br>   OID_   0    <br>   Name   OPD PASAR CUPLIK TO KEL KRIWEN    <br>   FolderPath   PEMKAB SUKOHARJO FIX/DROP CORE    <br>   PopupInfo   DROP CORE    <br>   Shape_Leng   0.010916]]></description>
        <styleUrl>#line-73DFFF-2000</styleUrl>
        <LineString>
          <tessellate>1</tessellate>
          <coordinates>
            110.797354,-7.686862,0
            110.797367,-7.686785,0
            110.797092,-7.686733,0
            110.797227,-7.686077,0
            110.797492,-7.684782,0
            110.797676,-7.683899,0
            110.797855,-7.683132,0
            110.797951,-7.682652,0
            110.798305,-7.68094,0
            110.798461,-7.680153,0
            110.798474,-7.680133,0
            110.798663,-7.679166,0
            110.798961,-7.677819,0
            110.79826,-7.677402,0
            110.797708,-7.677094,0
          </coordinates>
        </LineString>
      </Placemark>
      <Placemark>
        <name>ODP PASAR CUPLIK TO KEL DUKUH</name>
        <description><![CDATA[ODP PASAR CUPLIK TO KEL DUKUH    <br>       <br>   FID   39    <br>   OID_   0    <br>   Name   ODP PASAR CUPLIK TO KEL DUKUH    <br>   FolderPath   PEMKAB SUKOHARJO FIX/DROP CORE    <br>   PopupInfo   DROP CORE    <br>   Shape_Leng   0.012725]]></description>
        <styleUrl>#line-73DFFF-2000</styleUrl>
        <LineString>
          <tessellate>1</tessellate>
          <coordinates>
            110.795857,-7.666734,0
            110.795855,-7.66681,0
            110.796079,-7.666883,0
            110.795949,-7.668521,0
            110.795734,-7.670559,0
            110.795506,-7.671407,0
            110.795244,-7.672301,0
            110.795067,-7.672937,0
            110.794688,-7.674339,0
            110.794484,-7.675119,0
            110.794392,-7.675294,0
            110.794497,-7.675331,0
            110.794642,-7.67538,0
            110.794879,-7.675454,0
            110.795224,-7.675623,0
            110.79578,-7.675956,0
            110.796595,-7.676457,0
            110.79709,-7.676732,0
            110.79772,-7.677094,0
          </coordinates>
        </LineString>
      </Placemark>
      <Placemark>
        <name>ODP TAMAN WIJAYA TO KEL SONOREJO</name>
        <description><![CDATA[ODP TAMAN WIJAYA TO KEL SONOREJO    <br>       <br>   FID   40    <br>   OID_   0    <br>   Name   ODP TAMAN WIJAYA TO KEL SONOREJO    <br>   FolderPath   PEMKAB SUKOHARJO FIX/DROP CORE    <br>   PopupInfo   DROP CORE    <br>   Shape_Leng   0.001019]]></description>
        <styleUrl>#line-73DFFF-2000</styleUrl>
        <LineString>
          <tessellate>1</tessellate>
          <coordinates>
            110.798547,-7.648079,0
            110.798624,-7.648033,0
            110.798823,-7.648076,0
            110.798709,-7.648792,0
          </coordinates>
        </LineString>
      </Placemark>
      <Placemark>
        <name>ODP TAWANGSARI TO CCTV PASAR TAWANGSARI</name>
        <description><![CDATA[ODP TAWANGSARI TO CCTV PASAR TAWANGSARI    <br>       <br>   FID   41    <br>   OID_   0    <br>   Name   ODP TAWANGSARI TO CCTV PASAR TAWANGSARI    <br>   FolderPath   PEMKAB SUKOHARJO FIX/DROP CORE    <br>   PopupInfo   DROP CORE    <br>   Shape_Leng   0.001902]]></description>
        <styleUrl>#line-73DFFF-2000</styleUrl>
        <LineString>
          <tessellate>1</tessellate>
          <coordinates>
            110.795574,-7.735611,0
            110.796074,-7.735558,0
            110.796088,-7.735413,0
            110.796741,-7.735369,0
            110.796741,-7.735364,0
            110.796957,-7.735289,0
            110.797102,-7.734954,0
          </coordinates>
        </LineString>
      </Placemark>
      <Placemark>
        <name>ODP WERU TO CCTV SIMPANG 4 TENGKLIK</name>
        <description><![CDATA[ODP WERU TO CCTV SIMPANG 4 TENGKLIK    <br>       <br>   FID   42    <br>   OID_   0    <br>   Name   ODP WERU TO CCTV SIMPANG 4 TENGKLIK    <br>   FolderPath   PEMKAB SUKOHARJO FIX/DROP CORE    <br>   PopupInfo   DROP CORE    <br>   Shape_Leng   0.013334]]></description>
        <styleUrl>#line-73DFFF-2000</styleUrl>
        <LineString>
          <tessellate>1</tessellate>
          <coordinates>
            110.765354,-7.748332,0
            110.764841,-7.748701,0
            110.764283,-7.749222,0
            110.763066,-7.750274,0
            110.762872,-7.750489,0
            110.762659,-7.750796,0
            110.761833,-7.752103,0
            110.761606,-7.752426,0
            110.761155,-7.753123,0
            110.761016,-7.753367,0
            110.760631,-7.754057,0
            110.760125,-7.754915,0
            110.759833,-7.755166,0
            110.759628,-7.755504,0
            110.759515,-7.755802,0
            110.759425,-7.756193,0
            110.759407,-7.756803,0
            110.759428,-7.757898,0
            110.759454,-7.758191,0
            110.759621,-7.758536,0
            110.75998,-7.759163,0
            110.760011,-7.759383,0
          </coordinates>
        </LineString>
      </Placemark>
      <Placemark>
        <name>ODP KRETEK NAMBANGAN TO TIKUNGAN JEMBATAN COLO</name>
        <description><![CDATA[ODP KRETEK NAMBANGAN TO TIKUNGAN JEMBATAN COLO    <br>       <br>   FID   7    <br>   OID_   0    <br>   Name   ODP KRETEK NAMBANGAN TO TIKUNGAN JEMBATAN COLO    <br>   FolderPath   PEMKAB SUKOHARJO FIX/DROP CORE    <br>   PopupInfo   DROP CORE    <br>   Shape_Leng   0.008524]]></description>
        <styleUrl>#line-73DFFF-2000</styleUrl>
        <LineString>
          <tessellate>1</tessellate>
          <coordinates>
            110.887246,-7.750345,0
            110.887123,-7.750194,0
            110.886409,-7.749814,0
            110.886026,-7.749653,0
            110.884855,-7.749148,0
            110.883721,-7.748674,0
            110.883131,-7.748395,0
            110.882569,-7.748166,0
            110.8819,-7.747731,0
            110.881222,-7.747239,0
            110.880287,-7.746606,0
            110.879954,-7.746385,0
            110.879954,-7.746561,0
          </coordinates>
        </LineString>
      </Placemark>
      <Placemark>
        <name>ODP KEC KARTOSURO TO SIMPANG SINGOPURAN</name>
        <description><![CDATA[ODP KEC KARTOSURO TO SIMPANG SINGOPURAN    <br>       <br>   FID   29    <br>   OID_   0    <br>   Name   ODP KEC KARTOSURO TO SIMPANG SINGOPURAN    <br>   FolderPath   PEMKAB SUKOHARJO FIX/DROP CORE    <br>   PopupInfo   DROP CORE    <br>   Shape_Leng   0.000812]]></description>
        <styleUrl>#line-73DFFF-2000</styleUrl>
        <LineString>
          <tessellate>1</tessellate>
          <coordinates>
            110.744072,-7.546359,0
            110.743809,-7.547128,0
          </coordinates>
        </LineString>
      </Placemark>
    </Folder>
    <Folder>
      <name>JALUR cc</name>
      <Placemark>
        <name>GEDUNG WIJAYA TO CLOSURE DELTA MERLIN</name>
        <description><![CDATA[GEDUNG WIJAYA TO CLOSURE DELTA MERLIN    <br>       <br>   FID   43    <br>   OID_   0    <br>   Name   GEDUNG WIJAYA TO CLOSURE DELTA MERLIN    <br>   FolderPath   PEMKAB SUKOHARJO FIX/GEDUNG WIJAYA TO CLOSURE DELTA MERLIN    <br>   PopupInfo   KU 24 CORE    <br>   Shape_Leng   0.033733]]></description>
        <styleUrl>#line-73DFFF-2000</styleUrl>
        <LineString>
          <tessellate>1</tessellate>
          <coordinates>
            110.836156,-7.665321,0
            110.836156,-7.665269,0
            110.836156,-7.665218,0
            110.836144,-7.665129,0
            110.836115,-7.665094,0
            110.836059,-7.665091,0
            110.835975,-7.665098,0
            110.835929,-7.66511,0
            110.835877,-7.665125,0
            110.835836,-7.665149,0
            110.835809,-7.665188,0
            110.835788,-7.665249,0
            110.835784,-7.665341,0
            110.835791,-7.665411,0
            110.835801,-7.665485,0
            110.835821,-7.665563,0
            110.835847,-7.665613,0
            110.835887,-7.665666,0
            110.836374,-7.665833,0
            110.836695,-7.665946,0
            110.836915,-7.666128,0
            110.837096,-7.666098,0
            110.836923,-7.665451,0
            110.836532,-7.663982,0
            110.835386,-7.659533,0
            110.834035,-7.655114,0
            110.832488,-7.650614,0
            110.831903,-7.649143,0
            110.830786,-7.646215,0
            110.830308,-7.644505,0
            110.829422,-7.641211,0
            110.828753,-7.639121,0
            110.828018,-7.636142,0
          </coordinates>
        </LineString>
      </Placemark>
      <Placemark>
        <name>CLOSURE DELTA MERLIN TO CLOSURE TELUKAN</name>
        <description><![CDATA[CLOSURE DELTA MERLIN TO CLOSURE TELUKAN    <br>       <br>   FID   44    <br>   OID_   0    <br>   Name   CLOSURE DELTA MERLIN TO CLOSURE TELUKAN    <br>   FolderPath   PEMKAB SUKOHARJO FIX/CLOSURE DELTA MERLIN TO CLOSURE TELUKAN    <br>   PopupInfo   KU 24 CORE    <br>   Shape_Leng   0.015755]]></description>
        <styleUrl>#line-73DFFF-2000</styleUrl>
        <LineString>
          <tessellate>1</tessellate>
          <coordinates>
            110.821797,-7.621905,0
            110.822295,-7.623217,0
            110.823161,-7.625242,0
            110.824074,-7.627335,0
            110.825213,-7.629631,0
            110.826173,-7.631604,0
            110.826842,-7.633047,0
            110.827208,-7.633787,0
            110.828108,-7.636325,0
          </coordinates>
        </LineString>
      </Placemark>
      <Placemark>
        <name>CLOSURE TELUKAN TO ODP KEL TELUKAN</name>
        <description><![CDATA[CLOSURE TELUKAN TO ODP KEL TELUKAN    <br>       <br>   FID   45    <br>   OID_   0    <br>   Name   CLOSURE TELUKAN TO ODP KEL TELUKAN    <br>   FolderPath   PEMKAB SUKOHARJO FIX/CLOSURE TELUKAN TO ODP KEL TELUKAN    <br>   PopupInfo   KU 12 CORE    <br>   Shape_Leng   0.001937]]></description>
        <styleUrl>#line-73DFFF-2000</styleUrl>
        <LineString>
          <tessellate>1</tessellate>
          <coordinates>
            110.821054,-7.620133,0
            110.821802,-7.621919,0
          </coordinates>
        </LineString>
      </Placemark>
      <Placemark>
        <name>ODP KEL TELUKAN TO CLOSURE BACEM</name>
        <description><![CDATA[ODP KEL TELUKAN TO CLOSURE BACEM    <br>       <br>   FID   46    <br>   OID_   0    <br>   Name   ODP KEL TELUKAN TO CLOSURE BACEM    <br>   FolderPath   PEMKAB SUKOHARJO FIX/ODP KEL TELUKAN TO CLOSURE BACEM    <br>   PopupInfo   KU 12 CORE    <br>   Shape_Leng   0.008636]]></description>
        <styleUrl>#line-73DFFF-2000</styleUrl>
        <LineString>
          <tessellate>1</tessellate>
          <coordinates>
            110.81886,-7.611919,0
            110.818997,-7.612844,0
            110.819027,-7.613181,0
            110.81922,-7.614187,0
            110.819279,-7.614307,0
            110.819423,-7.615607,0
            110.819465,-7.615935,0
            110.819558,-7.616337,0
            110.819654,-7.61669,0
            110.820526,-7.618834,0
            110.820741,-7.61931,0
            110.82109,-7.620194,0
          </coordinates>
        </LineString>
      </Placemark>
      <Placemark>
        <name>CLOSURE BACEM TO PUSKESMAS GROGOL</name>
        <description><![CDATA[KU 12 CORE    <br>       <br>   FID   47    <br>   OID_   0    <br>   Name   KU 12 CORE    <br>   FolderPath   PEMKAB SUKOHARJO FIX/CLOSURE BACEM TO PUSKESMAS GROGOL    <br>   PopupInfo   KU 12 CORE    <br>   Shape_Leng   0.01176]]></description>
        <styleUrl>#line-73DFFF-2000</styleUrl>
        <LineString>
          <tessellate>1</tessellate>
          <coordinates>
            110.819376,-7.60032,0
            110.819475,-7.600421,0
            110.819161,-7.601179,0
            110.818837,-7.602258,0
            110.818821,-7.603535,0
            110.818886,-7.605193,0
            110.818877,-7.606554,0
            110.81888,-7.608075,0
            110.81886,-7.609646,0
            110.818835,-7.610663,0
            110.818824,-7.610966,0
            110.818818,-7.611157,0
            110.818796,-7.611474,0
            110.81886,-7.611921,0
          </coordinates>
        </LineString>
      </Placemark>
      <Placemark>
        <name>RERUTE CLOSURE TELUKAN TO TEGALMADE</name>
        <description><![CDATA[RERUTE CLOSURE TELUKAN TO TEGALMADE    <br>       <br>   FID   48    <br>   OID_   0    <br>   Name   RERUTE CLOSURE TELUKAN TO TEGALMADE    <br>   FolderPath   PEMKAB SUKOHARJO FIX/CLOSURE TELUKAN TO CLOSURE TEGALMADE    <br>   PopupInfo   KU 12 CORE    <br>   Shape_Leng   0.033629]]></description>
        <styleUrl>#line-73DFFF-2000</styleUrl>
        <LineString>
          <tessellate>1</tessellate>
          <coordinates>
            110.85154,-7.627469,0
            110.850338,-7.627206,0
            110.849585,-7.627026,0
            110.848284,-7.626719,0
            110.847064,-7.62646,0
            110.846223,-7.626276,0
            110.845282,-7.626055,0
            110.844523,-7.625877,0
            110.843344,-7.625606,0
            110.843223,-7.625696,0
            110.843096,-7.626367,0
            110.84296,-7.62666,0
            110.842878,-7.626964,0
            110.84273,-7.627733,0
            110.842609,-7.628119,0
            110.842511,-7.628128,0
            110.842381,-7.628116,0
            110.840881,-7.627424,0
            110.839756,-7.627092,0
            110.839562,-7.627097,0
            110.838687,-7.627321,0
            110.838293,-7.627327,0
            110.837407,-7.62723,0
            110.835946,-7.627095,0
            110.833761,-7.626396,0
            110.833375,-7.626257,0
            110.833068,-7.626127,0
            110.832724,-7.625951,0
            110.831645,-7.62528,0
            110.831377,-7.625132,0
            110.831415,-7.624881,0
            110.831477,-7.624513,0
            110.831267,-7.624394,0
            110.83045,-7.624122,0
            110.828718,-7.623682,0
            110.82658,-7.62313,0
            110.824883,-7.622686,0
            110.823619,-7.622367,0
            110.822656,-7.622129,0
            110.822237,-7.622015,0
            110.821799,-7.621913,0
          </coordinates>
        </LineString>
      </Placemark>
      <Placemark>
        <name>RERUTE CLOSURE TELUKAN TO MOJOLABAN</name>
        <description><![CDATA[RERUTE CLOSURE TELUKAN TO MOJOLABAN    <br>       <br>   FID   49    <br>   OID_   0    <br>   Name   RERUTE CLOSURE TELUKAN TO MOJOLABAN    <br>   FolderPath   PEMKAB SUKOHARJO FIX/CLOSURE TEGALMADE TO ODP SIMPANG MOJOLABAN    <br>   PopupInfo   KU 12 CORE    <br>   Shape_Leng   0.03597]]></description>
        <styleUrl>#line-73DFFF-2000</styleUrl>
        <LineString>
          <tessellate>1</tessellate>
          <coordinates>
            110.872074,-7.612055,0
            110.871946,-7.612347,0
            110.871709,-7.612834,0
            110.871591,-7.613267,0
            110.871597,-7.613608,0
            110.871619,-7.614753,0
            110.871619,-7.615505,0
            110.871646,-7.616354,0
            110.871499,-7.617222,0
            110.871164,-7.618957,0
            110.870876,-7.620408,0
            110.870631,-7.621614,0
            110.87037,-7.622613,0
            110.87022,-7.623018,0
            110.870056,-7.623385,0
            110.869929,-7.623735,0
            110.869859,-7.624103,0
            110.86974,-7.624947,0
            110.869588,-7.626086,0
            110.869311,-7.62769,0
            110.868081,-7.627462,0
            110.86628,-7.627121,0
            110.866052,-7.627145,0
            110.865945,-7.627374,0
            110.865841,-7.628749,0
            110.865748,-7.629176,0
            110.863996,-7.629341,0
            110.862553,-7.629736,0
            110.861733,-7.629821,0
            110.861429,-7.629821,0
            110.86042,-7.629607,0
            110.858242,-7.629078,0
            110.85663,-7.628694,0
            110.854877,-7.628294,0
            110.853349,-7.627929,0
            110.851497,-7.627466,0
          </coordinates>
        </LineString>
      </Placemark>
      <Placemark>
        <name>ODP SIMPANG TUGU MOJOLABAN TO ODP PASAR POLOKARTO</name>
        <description><![CDATA[ODP SIMPANG TUGU MOJOLABAN TO ODP PASAR POLOKARTO    <br>       <br>   FID   50    <br>   OID_   0    <br>   Name   ODP SIMPANG TUGU MOJOLABAN TO ODP PASAR POLOKARTO    <br>   FolderPath   PEMKAB SUKOHARJO FIX/ODP SIMPANG TUGU MOJOLABAN TO ODP PASAR POLOKARTO    <br>   PopupInfo   KU 12 CORE    <br>   Shape_Leng   0.031649]]></description>
        <styleUrl>#line-73DFFF-2000</styleUrl>
        <LineString>
          <tessellate>1</tessellate>
          <coordinates>
            110.893404,-7.622857,0
            110.893311,-7.622083,0
            110.89314,-7.620882,0
            110.892973,-7.619628,0
            110.892829,-7.618695,0
            110.892665,-7.617338,0
            110.892553,-7.616363,0
            110.892367,-7.615026,0
            110.89224,-7.614177,0
            110.892253,-7.613983,0
            110.892379,-7.61378,0
            110.892229,-7.613713,0
            110.891369,-7.61342,0
            110.89116,-7.613445,0
            110.89063,-7.613266,0
            110.889759,-7.612941,0
            110.88908,-7.612641,0
            110.887742,-7.612142,0
            110.886296,-7.611708,0
            110.885796,-7.611581,0
            110.88545,-7.611522,0
            110.883649,-7.611287,0
            110.882094,-7.611108,0
            110.880299,-7.610848,0
            110.878456,-7.610652,0
            110.876708,-7.610423,0
            110.874979,-7.610144,0
            110.874546,-7.609964,0
            110.873744,-7.609647,0
            110.87337,-7.609527,0
            110.873158,-7.61002,0
            110.872342,-7.611585,0
            110.872047,-7.612048,0
          </coordinates>
        </LineString>
      </Placemark>
      <Placemark>
        <name>CLOSURE POLOKARTO TO ODP PASAR POLOAKRTO</name>
        <description><![CDATA[CLOSURE POLOKARTO TO ODP PASAR POLOAKRTO    <br>       <br>   FID   51    <br>   OID_   0    <br>   Name   CLOSURE POLOKARTO TO ODP PASAR POLOAKRTO    <br>   FolderPath   PEMKAB SUKOHARJO FIX/ODP SIMPANG TUGU MOJOLABAN TO ODP PASAR POLOKARTO    <br>   PopupInfo   KU 12 CORE    <br>   Shape_Leng   0.003055]]></description>
        <styleUrl>#line-73DFFF-2000</styleUrl>
        <LineString>
          <tessellate>1</tessellate>
          <coordinates>
            110.893952,-7.625695,0
            110.893846,-7.625429,0
            110.893801,-7.625181,0
            110.893725,-7.624198,0
            110.893511,-7.623645,0
            110.893391,-7.622715,0
          </coordinates>
        </LineString>
      </Placemark>
      <Placemark>
        <name>CLOSURE BACEM TO SIMPANG PANDAWA</name>
        <description><![CDATA[CLOSURE BACEM TO SIMPANG PANDAWA    <br>       <br>   FID   52    <br>   OID_   0    <br>   Name   CLOSURE BACEM TO SIMPANG PANDAWA    <br>   FolderPath   PEMKAB SUKOHARJO FIX/CLOSURE BACEM TO ODP SIMPANG PANDAWA    <br>   PopupInfo   KU 12 CORE    <br>   Shape_Leng   0.009128]]></description>
        <styleUrl>#line-73DFFF-2000</styleUrl>
        <LineString>
          <tessellate>1</tessellate>
          <coordinates>
            110.811057,-7.608283,0
            110.811136,-7.608264,0
            110.811287,-7.608301,0
            110.811452,-7.608361,0
            110.811494,-7.608493,0
            110.811865,-7.608679,0
            110.812864,-7.609079,0
            110.813045,-7.609084,0
            110.813136,-7.60919,0
            110.814442,-7.609647,0
            110.814384,-7.60978,0
            110.81439,-7.609956,0
            110.81482,-7.610107,0
            110.816367,-7.610729,0
            110.817883,-7.611295,0
            110.818413,-7.611541,0
            110.818586,-7.61173,0
            110.818638,-7.611963,0
            110.818872,-7.611912,0
          </coordinates>
        </LineString>
      </Placemark>
      <Placemark>
        <name>SIMPANG PANDAWA TO SIMPANG KADILANGU</name>
        <description><![CDATA[SIMPANG PANDAWA TO SIMPANG KADILANGU    <br>       <br>   FID   53    <br>   OID_   0    <br>   Name   SIMPANG PANDAWA TO SIMPANG KADILANGU    <br>   FolderPath   PEMKAB SUKOHARJO FIX/ODP SIMPANG PANDAWA TO ODP SIMPANG KADILANGU    <br>   PopupInfo   KU 12 CORE    <br>   Shape_Leng   0.025233]]></description>
        <styleUrl>#line-73DFFF-2000</styleUrl>
        <LineString>
          <tessellate>1</tessellate>
          <coordinates>
            110.789595,-7.606202,0
            110.790614,-7.606063,0
            110.791409,-7.605988,0
            110.791626,-7.606107,0
            110.792129,-7.606231,0
            110.792916,-7.606471,0
            110.793935,-7.606844,0
            110.794953,-7.607223,0
            110.796465,-7.607731,0
            110.797913,-7.608211,0
            110.798913,-7.60858,0
            110.800369,-7.60903,0
            110.801111,-7.609279,0
            110.802075,-7.609605,0
            110.803121,-7.609977,0
            110.803265,-7.609883,0
            110.803951,-7.608164,0
            110.804542,-7.60638,0
            110.804817,-7.606208,0
            110.805698,-7.606589,0
            110.807768,-7.607338,0
            110.808883,-7.607784,0
            110.810757,-7.608536,0
            110.810909,-7.608341,0
            110.811069,-7.608282,0
          </coordinates>
        </LineString>
      </Placemark>
      <Placemark>
        <name>KADILANGU TO TUGU LILIN GAWOK</name>
        <description><![CDATA[KADILANGU TO TUGU LILIN GAWOK    <br>       <br>   FID   54    <br>   OID_   0    <br>   Name   KADILANGU TO TUGU LILIN GAWOK    <br>   FolderPath   PEMKAB SUKOHARJO FIX/ODP KADILANGU TO CLOSURE TUGU LILIN GAWOK    <br>   PopupInfo   KU 12 CORE    <br>   Shape_Leng   0.034199]]></description>
        <styleUrl>#line-73DFFF-2000</styleUrl>
        <LineString>
          <tessellate>1</tessellate>
          <coordinates>
            110.757483,-7.599701,0
            110.757486,-7.599696,0
            110.758507,-7.600098,0
            110.760033,-7.600655,0
            110.761515,-7.601181,0
            110.762524,-7.601598,0
            110.762824,-7.601608,0
            110.763064,-7.60173,0
            110.763505,-7.602011,0
            110.763828,-7.60225,0
            110.764245,-7.602331,0
            110.765247,-7.602558,0
            110.765791,-7.602735,0
            110.765912,-7.602656,0
            110.766104,-7.602326,0
            110.766292,-7.60222,0
            110.7665,-7.602203,0
            110.767635,-7.602211,0
            110.768644,-7.602267,0
            110.769531,-7.602328,0
            110.770592,-7.602336,0
            110.771478,-7.602386,0
            110.772427,-7.60245,0
            110.773501,-7.602543,0
            110.774587,-7.602637,0
            110.775744,-7.602709,0
            110.776552,-7.602723,0
            110.778224,-7.602612,0
            110.779002,-7.602607,0
            110.779487,-7.602743,0
            110.779981,-7.603045,0
            110.78053,-7.603279,0
            110.781492,-7.603688,0
            110.7819,-7.603971,0
            110.78242,-7.604165,0
            110.782882,-7.604325,0
            110.783438,-7.604572,0
            110.783675,-7.60459,0
            110.783912,-7.604587,0
            110.784337,-7.604686,0
            110.785202,-7.604854,0
            110.785821,-7.604964,0
            110.786607,-7.605138,0
            110.787012,-7.605221,0
            110.787656,-7.605333,0
            110.788399,-7.605477,0
            110.788545,-7.605574,0
            110.788701,-7.605713,0
            110.788608,-7.60618,0
            110.788815,-7.606321,0
            110.789584,-7.606195,0
          </coordinates>
        </LineString>
      </Placemark>
      <Placemark>
        <name>TUGU LILIN GAWOK TO KEC GATAK</name>
        <description><![CDATA[TUGU LILIN GAWOK TO KEC GATAK    <br>       <br>   FID   55    <br>   OID_   0    <br>   Name   TUGU LILIN GAWOK TO KEC GATAK    <br>   FolderPath   PEMKAB SUKOHARJO FIX/CLOSURE TUGU LILIN GAWOK TO ODP KEC GATAK    <br>   PopupInfo   KU 12 CORE    <br>   Shape_Leng   0.017575]]></description>
        <styleUrl>#line-73DFFF-2000</styleUrl>
        <LineString>
          <tessellate>1</tessellate>
          <coordinates>
            110.745016,-7.591009,0
            110.74533,-7.59132,0
            110.7458,-7.591826,0
            110.746415,-7.59245,0
            110.746763,-7.592703,0
            110.747141,-7.592891,0
            110.748005,-7.593299,0
            110.749435,-7.59401,0
            110.751307,-7.594949,0
            110.752807,-7.595647,0
            110.753928,-7.596223,0
            110.754433,-7.596494,0
            110.754404,-7.59668,0
            110.754179,-7.597201,0
            110.753931,-7.59778,0
            110.753683,-7.598287,0
            110.753531,-7.598689,0
            110.753577,-7.59885,0
            110.753857,-7.598941,0
            110.755607,-7.599099,0
            110.756459,-7.599327,0
            110.757496,-7.599688,0
          </coordinates>
        </LineString>
      </Placemark>
      <Placemark>
        <name>RERUTE ODP KEC GATAK TO CLOSURE KP ROTAN</name>
        <description><![CDATA[RERUTE ODP KEC GATAK TO CLOSURE KP ROTAN    <br>       <br>   FID   56    <br>   OID_   0    <br>   Name   RERUTE ODP KEC GATAK TO CLOSURE KP ROTAN    <br>   FolderPath   PEMKAB SUKOHARJO FIX/KEC GATAK TO CLOSURE KP ROTAN    <br>   PopupInfo   KU 12 CORE    <br>   Shape_Leng   0.025288]]></description>
        <styleUrl>#line-73DFFF-2000</styleUrl>
        <LineString>
          <tessellate>1</tessellate>
          <coordinates>
            110.740409,-7.581831,0
            110.740036,-7.58239,0
            110.74065,-7.582572,0
            110.740932,-7.582619,0
            110.741099,-7.582363,0
            110.741284,-7.582039,0
            110.74155,-7.582082,0
            110.741974,-7.582303,0
            110.742039,-7.582559,0
            110.742316,-7.582678,0
            110.74286,-7.582764,0
            110.743077,-7.582861,0
            110.742951,-7.58326,0
            110.743108,-7.583466,0
            110.743354,-7.583504,0
            110.74374,-7.583579,0
            110.744218,-7.583726,0
            110.74487,-7.583995,0
            110.745011,-7.583875,0
            110.745197,-7.583484,0
            110.745374,-7.583384,0
            110.74573,-7.583578,0
            110.746469,-7.583969,0
            110.747255,-7.584386,0
            110.747679,-7.584593,0
            110.748442,-7.584936,0
            110.74886,-7.585116,0
            110.749206,-7.585275,0
            110.749571,-7.585437,0
            110.749852,-7.585536,0
            110.750523,-7.585071,0
            110.750632,-7.585002,0
            110.75121,-7.584602,0
            110.75117,-7.584538,0
            110.751287,-7.584451,0
            110.751552,-7.584736,0
            110.751605,-7.584685,0
            110.751488,-7.584774,0
            110.750992,-7.585106,0
            110.75023,-7.585643,0
            110.749928,-7.585862,0
            110.749311,-7.586311,0
            110.748019,-7.587246,0
            110.747693,-7.587449,0
            110.746773,-7.588218,0
            110.746127,-7.588821,0
            110.745257,-7.589528,0
            110.744704,-7.589983,0
            110.744343,-7.590206,0
            110.744307,-7.590325,0
            110.744607,-7.590616,0
            110.745012,-7.591028,0
          </coordinates>
        </LineString>
      </Placemark>
      <Placemark>
        <name>CLOSURE ROTAN TO CLOSURE AL KAUTSAR</name>
        <description><![CDATA[CLOSURE ROTAN TO CLOSURE AL KAUTSAR    <br>       <br>   FID   57    <br>   OID_   0    <br>   Name   CLOSURE ROTAN TO CLOSURE AL KAUTSAR    <br>   FolderPath   PEMKAB SUKOHARJO FIX/CLOSURE KP ROTAN TO CLOSURE AL KAUTSAR    <br>   PopupInfo   KU 12 CORE    <br>   Shape_Leng   0.034198]]></description>
        <styleUrl>#line-73DFFF-2000</styleUrl>
        <LineString>
          <tessellate>1</tessellate>
          <coordinates>
            110.74155,-7.555022,0
            110.741717,-7.555114,0
            110.741571,-7.555443,0
            110.741415,-7.555753,0
            110.741052,-7.556615,0
            110.740743,-7.557525,0
            110.740468,-7.558509,0
            110.740347,-7.558603,0
            110.739968,-7.558434,0
            110.739937,-7.558632,0
            110.739778,-7.559468,0
            110.739663,-7.560074,0
            110.739553,-7.560679,0
            110.739387,-7.561372,0
            110.739597,-7.561392,0
            110.739998,-7.561442,0
            110.740583,-7.561537,0
            110.741087,-7.561664,0
            110.74133,-7.56176,0
            110.741398,-7.561962,0
            110.74129,-7.562351,0
            110.741064,-7.563242,0
            110.740797,-7.563767,0
            110.740528,-7.563984,0
            110.74038,-7.564362,0
            110.739978,-7.565402,0
            110.739813,-7.565654,0
            110.739716,-7.56709,0
            110.739653,-7.567826,0
            110.739698,-7.568128,0
            110.739659,-7.568567,0
            110.739519,-7.569391,0
            110.739408,-7.570321,0
            110.739333,-7.57063,0
            110.739186,-7.571167,0
            110.738939,-7.572229,0
            110.738841,-7.572558,0
            110.738794,-7.572674,0
            110.739839,-7.572984,0
            110.740518,-7.573212,0
            110.741284,-7.573414,0
            110.741949,-7.573679,0
            110.741822,-7.57405,0
            110.741403,-7.575468,0
            110.741163,-7.576481,0
            110.740922,-7.577387,0
            110.740583,-7.578354,0
            110.741732,-7.578684,0
            110.742192,-7.578843,0
            110.742201,-7.579111,0
            110.741987,-7.579352,0
            110.741512,-7.580092,0
            110.740942,-7.581026,0
            110.740407,-7.581839,0
          </coordinates>
        </LineString>
      </Placemark>
      <Placemark>
        <name>CLOSURE AL KAUTSAR TO SIMPANG KARTOSURO</name>
        <description><![CDATA[CLOSURE AL KAUTSAR TO SIMPANG KARTOSURO    <br>       <br>   FID   58    <br>   OID_   0    <br>   Name   CLOSURE AL KAUTSAR TO SIMPANG KARTOSURO    <br>   FolderPath   PEMKAB SUKOHARJO FIX/CLOSURE AL KAUTSAR TO ODP SIMPANG KARTOSURO    <br>   PopupInfo   KU 12 CORE    <br>   Shape_Leng   0.002835]]></description>
        <styleUrl>#line-73DFFF-2000</styleUrl>
        <LineString>
          <tessellate>1</tessellate>
          <coordinates>
            110.742137,-7.552448,0
            110.742076,-7.552663,0
            110.741956,-7.553002,0
            110.741729,-7.553711,0
            110.741589,-7.554092,0
            110.741483,-7.554343,0
            110.741312,-7.554728,0
            110.741381,-7.55492,0
            110.741555,-7.555026,0
          </coordinates>
        </LineString>
      </Placemark>
      <Placemark>
        <name>SIMPANG KARTOSURO TO KEC KARTOSURO</name>
        <description><![CDATA[SIMPANG KARTOSURO TO KEC KARTOSURO    <br>       <br>   FID   59    <br>   OID_   0    <br>   Name   SIMPANG KARTOSURO TO KEC KARTOSURO    <br>   FolderPath   PEMKAB SUKOHARJO FIX/ODP SIMPANG KARTOSURO TO ODP KEC KARTOSURO    <br>   PopupInfo   KU 12 CORE    <br>   Shape_Leng   0.005798]]></description>
        <styleUrl>#line-73DFFF-2000</styleUrl>
        <LineString>
          <tessellate>1</tessellate>
          <coordinates>
            110.743813,-7.547125,0
            110.743598,-7.547818,0
            110.743397,-7.548491,0
            110.743177,-7.549368,0
            110.742871,-7.550597,0
            110.742514,-7.552052,0
            110.74242,-7.552312,0
            110.742197,-7.552267,0
            110.742141,-7.552456,0
          </coordinates>
        </LineString>
      </Placemark>
      <Placemark>
        <name>GEDUNG WIJAYA TOCLOSURE JETIS</name>
        <description><![CDATA[GEDUNG WIJAYA TOCLOSURE JETIS    <br>       <br>   FID   60    <br>   OID_   0    <br>   Name   GEDUNG WIJAYA TOCLOSURE JETIS    <br>   FolderPath   PEMKAB SUKOHARJO FIX/GEDUNG WIJAYA TO CLOSURE JETIS    <br>   PopupInfo   KU 12 CORE    <br>   Shape_Leng   0.020003]]></description>
        <styleUrl>#line-73DFFF-2000</styleUrl>
        <LineString>
          <tessellate>1</tessellate>
          <coordinates>
            110.836155,-7.665322,0
            110.83615,-7.665266,0
            110.836149,-7.665227,0
            110.836153,-7.665176,0
            110.836125,-7.6651,0
            110.836088,-7.665084,0
            110.836048,-7.665102,0
            110.835989,-7.665113,0
            110.835911,-7.665138,0
            110.835863,-7.665151,0
            110.835832,-7.665191,0
            110.835807,-7.66524,0
            110.835804,-7.665301,0
            110.835805,-7.665365,0
            110.835808,-7.665445,0
            110.835818,-7.665526,0
            110.835818,-7.66553,0
            110.835832,-7.665573,0
            110.83585,-7.665624,0
            110.8359,-7.665668,0
            110.836069,-7.66572,0
            110.836386,-7.665836,0
            110.836686,-7.665947,0
            110.836895,-7.666104,0
            110.837138,-7.666951,0
            110.837273,-7.667401,0
            110.837502,-7.668098,0
            110.837831,-7.669285,0
            110.838225,-7.670299,0
            110.838416,-7.670878,0
            110.838597,-7.671267,0
            110.838505,-7.671585,0
            110.838066,-7.672335,0
            110.837552,-7.673272,0
            110.837214,-7.673895,0
            110.836867,-7.674553,0
            110.83643,-7.675337,0
            110.836032,-7.676053,0
            110.835641,-7.676656,0
            110.835479,-7.676948,0
            110.835405,-7.677271,0
            110.835418,-7.677659,0
            110.835428,-7.677864,0
            110.835213,-7.678285,0
            110.834765,-7.679085,0
            110.834507,-7.679562,0
            110.834329,-7.679905,0
            110.834058,-7.680138,0
            110.833688,-7.68035,0
            110.83291,-7.680901,0
            110.83245,-7.68118,0
            110.832116,-7.68138,0
          </coordinates>
        </LineString>
      </Placemark>
      <Placemark>
        <name>CLOSURE JETIS TO ODP PASAR CUPLIK</name>
        <description><![CDATA[CLOSURE JETIS TO ODP PASAR CUPLIK    <br>       <br>   FID   61    <br>   OID_   0    <br>   Name   CLOSURE JETIS TO ODP PASAR CUPLIK    <br>   FolderPath   PEMKAB SUKOHARJO FIX/CLOSURE SIMPANG JETIS TO ODP PASAR CUPLIK    <br>   PopupInfo   KU 12 CORE    <br>   Shape_Leng   0.035577]]></description>
        <styleUrl>#line-73DFFF-2000</styleUrl>
        <LineString>
          <tessellate>1</tessellate>
          <coordinates>
            110.832143,-7.681372,0
            110.831653,-7.681373,0
            110.831416,-7.681366,0
            110.830733,-7.681473,0
            110.829921,-7.681523,0
            110.82929,-7.681583,0
            110.828677,-7.681626,0
            110.827839,-7.681699,0
            110.827134,-7.681779,0
            110.826544,-7.681823,0
            110.825916,-7.681843,0
            110.824967,-7.681921,0
            110.824358,-7.681957,0
            110.823325,-7.681996,0
            110.822209,-7.682096,0
            110.821257,-7.682148,0
            110.820212,-7.682128,0
            110.818736,-7.682074,0
            110.817744,-7.681994,0
            110.816529,-7.681969,0
            110.815642,-7.681901,0
            110.814487,-7.681854,0
            110.812949,-7.681807,0
            110.811965,-7.681778,0
            110.810425,-7.681697,0
            110.808767,-7.68166,0
            110.807714,-7.681615,0
            110.806788,-7.681583,0
            110.806287,-7.681537,0
            110.805987,-7.681398,0
            110.80471,-7.680843,0
            110.803472,-7.680283,0
            110.802716,-7.679925,0
            110.801826,-7.679456,0
            110.800839,-7.678901,0
            110.799994,-7.678397,0
            110.798938,-7.677799,0
            110.797711,-7.677091,0
          </coordinates>
        </LineString>
      </Placemark>
      <Placemark>
        <name>ODP PASAR CUPLIK TO ODP TAMAN WIJAYA</name>
        <description><![CDATA[ODP PASAR CUPLIK TO ODP TAMAN WIJAYA    <br>       <br>   FID   62    <br>   OID_   0    <br>   Name   ODP PASAR CUPLIK TO ODP TAMAN WIJAYA    <br>   FolderPath   PEMKAB SUKOHARJO FIX/ODP PASAR CUPLIK TO ODP TAMAN WIJAYA    <br>   PopupInfo   KU 12 CORE    <br>   Shape_Leng   0.030785]]></description>
        <styleUrl>#line-73DFFF-2000</styleUrl>
        <LineString>
          <tessellate>1</tessellate>
          <coordinates>
            110.797753,-7.677082,0
            110.796599,-7.676459,0
            110.795788,-7.67596,0
            110.795495,-7.675769,0
            110.795228,-7.675623,0
            110.794885,-7.675459,0
            110.794651,-7.675384,0
            110.794504,-7.675339,0
            110.794393,-7.675294,0
            110.794474,-7.675114,0
            110.794596,-7.674725,0
            110.794895,-7.673658,0
            110.795238,-7.672301,0
            110.795516,-7.67141,0
            110.795739,-7.670571,0
            110.795847,-7.669569,0
            110.795975,-7.668095,0
            110.796076,-7.666881,0
            110.796326,-7.665638,0
            110.796551,-7.66433,0
            110.796814,-7.662873,0
            110.797116,-7.661474,0
            110.79713,-7.660995,0
            110.797163,-7.660539,0
            110.797121,-7.659623,0
            110.797075,-7.658724,0
            110.797105,-7.657816,0
            110.797325,-7.656671,0
            110.797394,-7.65596,0
            110.797644,-7.654217,0
            110.797839,-7.653202,0
            110.797961,-7.652589,0
            110.798202,-7.651235,0
            110.798479,-7.650079,0
            110.798589,-7.649525,0
            110.798713,-7.648785,0
          </coordinates>
        </LineString>
      </Placemark>
      <Placemark>
        <name>CLOSURE JETIS TO CLOSURE KENEP</name>
        <description><![CDATA[CLOSURE JETIS TO CLOSURE KENEP    <br>       <br>   FID   63    <br>   OID_   0    <br>   Name   CLOSURE JETIS TO CLOSURE KENEP    <br>   FolderPath   PEMKAB SUKOHARJO FIX/CLOSURE JETIS TO CLOSURE KENEP    <br>   PopupInfo   KU 12 CORE    <br>   Shape_Leng   0.03456]]></description>
        <styleUrl>#line-73DFFF-2000</styleUrl>
        <LineString>
          <tessellate>1</tessellate>
          <coordinates>
            110.83215,-7.681353,0
            110.831998,-7.681478,0
            110.831819,-7.681705,0
            110.8317,-7.681966,0
            110.831413,-7.68292,0
            110.831078,-7.684064,0
            110.830994,-7.684314,0
            110.830885,-7.684721,0
            110.830749,-7.685434,0
            110.830515,-7.686329,0
            110.830264,-7.687201,0
            110.830025,-7.688037,0
            110.829784,-7.688898,0
            110.829449,-7.689957,0
            110.829104,-7.691055,0
            110.82885,-7.691955,0
            110.828537,-7.692955,0
            110.828275,-7.693834,0
            110.828087,-7.694525,0
            110.827837,-7.695351,0
            110.827629,-7.695862,0
            110.827236,-7.696574,0
            110.826731,-7.697367,0
            110.826264,-7.698083,0
            110.825701,-7.698977,0
            110.825166,-7.699866,0
            110.824684,-7.700661,0
            110.824212,-7.701408,0
            110.824055,-7.701662,0
            110.823584,-7.702427,0
            110.823102,-7.703223,0
            110.822536,-7.703968,0
            110.822422,-7.704392,0
            110.821837,-7.705024,0
            110.821189,-7.705795,0
            110.820668,-7.706407,0
            110.820115,-7.707071,0
            110.816299,-7.711367,0
          </coordinates>
        </LineString>
      </Placemark>
      <Placemark>
        <name>CLOSURE KENEP TO ODP KEC TW SARI</name>
        <description><![CDATA[CLOSURE KENEP TO ODP KEC TW SARI    <br>       <br>   FID   64    <br>   OID_   0    <br>   Name   CLOSURE KENEP TO ODP KEC TW SARI    <br>   FolderPath   PEMKAB SUKOHARJO FIX/CLOSURE KENEP TO ODP KEC TW SARI    <br>   PopupInfo   KU 12 CORE    <br>   Shape_Leng   0.034723]]></description>
        <styleUrl>#line-73DFFF-2000</styleUrl>
        <LineString>
          <tessellate>1</tessellate>
          <coordinates>
            110.816311,-7.711354,0
            110.81589,-7.711851,0
            110.815646,-7.71181,0
            110.814968,-7.711589,0
            110.814431,-7.711476,0
            110.813978,-7.711362,0
            110.813528,-7.711257,0
            110.812602,-7.71107,0
            110.811611,-7.710853,0
            110.81136,-7.712228,0
            110.811137,-7.713235,0
            110.810967,-7.714083,0
            110.810966,-7.71436,0
            110.810867,-7.7158,0
            110.810801,-7.716906,0
            110.810761,-7.717178,0
            110.810665,-7.717423,0
            110.810433,-7.717676,0
            110.809953,-7.718174,0
            110.809119,-7.719052,0
            110.808572,-7.719635,0
            110.808077,-7.720172,0
            110.807546,-7.720727,0
            110.806949,-7.721293,0
            110.806569,-7.72168,0
            110.806402,-7.721854,0
            110.806237,-7.722079,0
            110.806058,-7.722302,0
            110.805247,-7.723125,0
            110.804749,-7.723633,0
            110.804561,-7.723777,0
            110.804417,-7.723986,0
            110.804173,-7.724229,0
            110.80364,-7.724747,0
            110.803019,-7.72539,0
            110.802514,-7.725911,0
            110.801982,-7.726402,0
            110.801456,-7.726989,0
            110.801233,-7.727226,0
            110.800963,-7.727486,0
            110.800649,-7.727842,0
            110.80044,-7.728005,0
            110.799852,-7.728609,0
            110.799314,-7.729175,0
            110.799043,-7.729518,0
            110.798526,-7.730045,0
            110.798064,-7.730536,0
            110.797817,-7.73064,0
            110.797688,-7.730941,0
            110.797466,-7.731461,0
            110.797321,-7.731902,0
            110.797275,-7.732203,0
            110.797255,-7.732486,0
            110.797262,-7.732743,0
            110.797272,-7.733008,0
            110.797228,-7.733702,0
            110.797365,-7.73392,0
            110.79721,-7.734557,0
            110.797082,-7.735002,0
          </coordinates>
        </LineString>
      </Placemark>
      <Placemark>
        <name>ODP TWSARI TO CLOSURE TENGKLIK</name>
        <description><![CDATA[ODP TWSARI TO CLOSURE TENGKLIK    <br>       <br>   FID   65    <br>   OID_   0    <br>   Name   ODP TWSARI TO CLOSURE TENGKLIK    <br>   FolderPath   PEMKAB SUKOHARJO FIX/ODP KEC TW SARI TO CLOSURE TENGKLIK    <br>   PopupInfo   KU 12 CORE    <br>   Shape_Leng   0.034105]]></description>
        <styleUrl>#line-73DFFF-2000</styleUrl>
        <LineString>
          <tessellate>1</tessellate>
          <coordinates>
            110.797095,-7.734964,0
            110.796962,-7.735269,0
            110.796753,-7.735364,0
            110.796372,-7.73539,0
            110.796087,-7.735394,0
            110.796085,-7.735543,0
            110.795633,-7.735604,0
            110.794794,-7.735766,0
            110.793939,-7.735917,0
            110.792915,-7.736078,0
            110.791958,-7.736259,0
            110.791034,-7.736422,0
            110.79012,-7.736576,0
            110.789101,-7.736722,0
            110.788275,-7.736836,0
            110.787269,-7.737008,0
            110.786008,-7.737169,0
            110.785062,-7.737321,0
            110.784002,-7.737481,0
            110.782953,-7.737616,0
            110.781943,-7.737768,0
            110.780637,-7.737966,0
            110.779814,-7.738056,0
            110.778833,-7.738232,0
            110.777833,-7.738372,0
            110.776802,-7.738502,0
            110.775771,-7.73866,0
            110.775296,-7.73871,0
            110.77492,-7.73877,0
            110.77493,-7.738635,0
            110.774555,-7.73866,0
            110.774117,-7.738678,0
            110.773785,-7.738718,0
            110.773605,-7.73884,0
            110.773352,-7.739045,0
            110.773067,-7.739473,0
            110.772894,-7.73989,0
            110.772654,-7.740319,0
            110.772552,-7.740492,0
            110.772293,-7.740843,0
            110.772173,-7.74124,0
            110.77208,-7.741732,0
            110.771963,-7.742101,0
            110.771739,-7.742371,0
            110.771515,-7.742514,0
            110.771095,-7.74276,0
            110.770665,-7.74314,0
            110.770307,-7.743481,0
            110.769825,-7.744004,0
            110.769481,-7.744418,0
            110.769104,-7.744728,0
            110.7684,-7.745311,0
            110.768154,-7.745525,0
            110.767874,-7.745808,0
            110.767507,-7.746206,0
          </coordinates>
        </LineString>
      </Placemark>
      <Placemark>
        <name>CLOSURE TENGKLIK TO ODP KEC WERU</name>
        <description><![CDATA[CLOSURE TENGKLIK TO ODP KEC WERU    <br>       <br>   FID   66    <br>   OID_   0    <br>   Name   CLOSURE TENGKLIK TO ODP KEC WERU    <br>   FolderPath   PEMKAB SUKOHARJO FIX/CLOSURE TENGKLIK TO ODP KEC WERU    <br>   PopupInfo   KU 12 CORE    <br>   Shape_Leng   0.016573]]></description>
        <styleUrl>#line-73DFFF-2000</styleUrl>
        <LineString>
          <tessellate>1</tessellate>
          <coordinates>
            110.767505,-7.746208,0
            110.767023,-7.746595,0
            110.767169,-7.746713,0
            110.766884,-7.74692,0
            110.766358,-7.747417,0
            110.765803,-7.747919,0
            110.765356,-7.748367,0
            110.764848,-7.748709,0
            110.764289,-7.749224,0
            110.763742,-7.749686,0
            110.763077,-7.750274,0
            110.762884,-7.750484,0
            110.762301,-7.751438,0
            110.761852,-7.752109,0
            110.761615,-7.752432,0
            110.761383,-7.752772,0
            110.760841,-7.753679,0
            110.760506,-7.754312,0
            110.760332,-7.75462,0
            110.760134,-7.754923,0
            110.759855,-7.755171,0
            110.759641,-7.755512,0
            110.759526,-7.755816,0
            110.759432,-7.756186,0
            110.759423,-7.756816,0
            110.759425,-7.757546,0
            110.75947,-7.758195,0
            110.759629,-7.758529,0
            110.759785,-7.758788,0
            110.759902,-7.758993,0
            110.759991,-7.759163,0
            110.760012,-7.759393,0
          </coordinates>
        </LineString>
      </Placemark>
      <Placemark>
        <name>COLSURE NGUTRAN TO KEC TW SARI</name>
        <description><![CDATA[COLSURE NGUTRAN TO KEC TW SARI    <br>       <br>   FID   67    <br>   OID_   0    <br>   Name   COLSURE NGUTRAN TO KEC TW SARI    <br>   FolderPath   PEMKAB SUKOHARJO FIX/ODP TW SARI TO CLOSURE NGUTRAN    <br>   PopupInfo   KU 12 CORE    <br>   Shape_Leng   0.035172]]></description>
        <styleUrl>#line-73DFFF-2000</styleUrl>
        <LineString>
          <tessellate>1</tessellate>
          <coordinates>
            110.797097,-7.734976,0
            110.796956,-7.735281,0
            110.796914,-7.735479,0
            110.796499,-7.737006,0
            110.796361,-7.737029,0
            110.796123,-7.737929,0
            110.795937,-7.738584,0
            110.795765,-7.739468,0
            110.795665,-7.739899,0
            110.795445,-7.74121,0
            110.795357,-7.74178,0
            110.795275,-7.74261,0
            110.795272,-7.742926,0
            110.795294,-7.74318,0
            110.79544,-7.743453,0
            110.795645,-7.743743,0
            110.795871,-7.744049,0
            110.796296,-7.744574,0
            110.79633,-7.744833,0
            110.796248,-7.745282,0
            110.796152,-7.745833,0
            110.796212,-7.746234,0
            110.796522,-7.747663,0
            110.796676,-7.748222,0
            110.796755,-7.748621,0
            110.796892,-7.749155,0
            110.796995,-7.749825,0
            110.797178,-7.750647,0
            110.797349,-7.750842,0
            110.797907,-7.750756,0
            110.798117,-7.750771,0
            110.798419,-7.75079,0
            110.798746,-7.750803,0
            110.799191,-7.750795,0
            110.799562,-7.750735,0
            110.800013,-7.75069,0
            110.800368,-7.750637,0
            110.800783,-7.750601,0
            110.801346,-7.750513,0
            110.80162,-7.750414,0
            110.801819,-7.75035,0
            110.802005,-7.750106,0
            110.802064,-7.749868,0
            110.802199,-7.749493,0
            110.802385,-7.749353,0
            110.802614,-7.749232,0
            110.802974,-7.749264,0
            110.80361,-7.749454,0
            110.804185,-7.749635,0
            110.804446,-7.749685,0
            110.805088,-7.749751,0
            110.806066,-7.749856,0
            110.807868,-7.750139,0
            110.80875,-7.75031,0
            110.809243,-7.750419,0
            110.809481,-7.750399,0
            110.809956,-7.750577,0
            110.81033,-7.750757,0
            110.810788,-7.751017,0
            110.811387,-7.751405,0
            110.8135,-7.752766,0
            110.812801,-7.752319,0
          </coordinates>
        </LineString>
      </Placemark>
      <Placemark>
        <name>KEC BULU TO CLOSURE NGUTRAN</name>
        <description><![CDATA[KEC BULU TO CLOSURE NGUTRAN    <br>       <br>   FID   68    <br>   OID_   0    <br>   Name   KEC BULU TO CLOSURE NGUTRAN    <br>   FolderPath   PEMKAB SUKOHARJO FIX/CLOSURE NGUTRAN TO ODP KEC BULU    <br>   PopupInfo   KU 12 CORE    <br>   Shape_Leng   0.024071]]></description>
        <styleUrl>#line-73DFFF-2000</styleUrl>
        <LineString>
          <tessellate>1</tessellate>
          <coordinates>
            110.813445,-7.752742,0
            110.814846,-7.753634,0
            110.816685,-7.75475,0
            110.817079,-7.754997,0
            110.817995,-7.755566,0
            110.818468,-7.755841,0
            110.819333,-7.756273,0
            110.819828,-7.756545,0
            110.820234,-7.756739,0
            110.821087,-7.757183,0
            110.821478,-7.757394,0
            110.82179,-7.757753,0
            110.82218,-7.758444,0
            110.822478,-7.758779,0
            110.823389,-7.759399,0
            110.824116,-7.759924,0
            110.824267,-7.759819,0
            110.824849,-7.760221,0
            110.825474,-7.760659,0
            110.82601,-7.761003,0
            110.82661,-7.761369,0
            110.827328,-7.761833,0
            110.828134,-7.762376,0
            110.828518,-7.762554,0
            110.829798,-7.763051,0
            110.830606,-7.763366,0
            110.83109,-7.763542,0
            110.831666,-7.763753,0
            110.832195,-7.763952,0
            110.832796,-7.764154,0
            110.83299,-7.764272,0
            110.833077,-7.764448,0
            110.833154,-7.764753,0
            110.833202,-7.765027,0
            110.833012,-7.765169,0
          </coordinates>
        </LineString>
      </Placemark>
      <Placemark>
        <name>ODP TENTARA PELAJAR TO ODP DINAS KEARSIPAN</name>
        <description><![CDATA[ODP TENTARA PELAJAR TO ODP DINAS KEARSIPAN    <br>       <br>   FID   70    <br>   OID_   0    <br>   Name   ODP TENTARA PELAJAR TO ODP DINAS KEARSIPAN    <br>   FolderPath   PEMKAB SUKOHARJO FIX/GEDUNG WIJAYA TO TENTARA PELAJAR TO DINAS KERSIPAN TO DINAS SOSIAL/ODP TENTARA PELAJAR TO ODP DINAS KEARSIPAN    <br>   PopupInfo   KU 12 CORE    <br>   Shape_Leng   0.011253]]></description>
        <styleUrl>#line-73DFFF-2000</styleUrl>
        <LineString>
          <tessellate>1</tessellate>
          <coordinates>
            110.843237,-7.683333,0
            110.842508,-7.681617,0
            110.841806,-7.679923,0
            110.841583,-7.679385,0
            110.841429,-7.678879,0
            110.84099,-7.677754,0
            110.840354,-7.676015,0
            110.839452,-7.67336,0
            110.839268,-7.672809,0
          </coordinates>
        </LineString>
      </Placemark>
      <Placemark>
        <name>ODP DINAS KEARSIPAN TO ODP DINAS SOSIAL</name>
        <description><![CDATA[ODP DINAS KEARSIPAN TO ODP DINAS SOSIAL    <br>       <br>   FID   71    <br>   OID_   0    <br>   Name   ODP DINAS KEARSIPAN TO ODP DINAS SOSIAL    <br>   FolderPath   PEMKAB SUKOHARJO FIX/GEDUNG WIJAYA TO TENTARA PELAJAR TO DINAS KERSIPAN TO DINAS SOSIAL/ODP DINAS KEARSIPAN TO ODP DINAS SOSIAL    <br>   PopupInfo   KU 12 CORE    <br>   Shape_Leng   0.0108]]></description>
        <styleUrl>#line-73DFFF-2000</styleUrl>
        <LineString>
          <tessellate>1</tessellate>
          <coordinates>
            110.833239,-7.681468,0
            110.834308,-7.681606,0
            110.836062,-7.681793,0
            110.837686,-7.681963,0
            110.838335,-7.682079,0
            110.8394,-7.682168,0
            110.840962,-7.682328,0
            110.842503,-7.682545,0
            110.842638,-7.682424,0
            110.842842,-7.682331,0
            110.842936,-7.682504,0
            110.843069,-7.682854,0
            110.84323,-7.683321,0
          </coordinates>
        </LineString>
      </Placemark>
      <Placemark>
        <name>ODP DINAS KEARSIPAN TO ODP DINAS KESEHATAN</name>
        <description><![CDATA[ODP DINAS KEARSIPAN TO ODP DINAS KESEHATAN    <br>       <br>   FID   72    <br>   OID_   0    <br>   Name   ODP DINAS KEARSIPAN TO ODP DINAS KESEHATAN    <br>   FolderPath   PEMKAB SUKOHARJO FIX/DINAS KEARSIPAN TO DINAS KESEHATAN TO POLSEK BENDOSARI/ODP DINAS KEARSIPAN TO ODP DINAS KESEHATAN    <br>   PopupInfo   KU 12 CORE    <br>   Shape_Leng   0.007962]]></description>
        <styleUrl>#line-73DFFF-2000</styleUrl>
        <LineString>
          <tessellate>1</tessellate>
          <coordinates>
            110.850016,-7.684579,0
            110.849714,-7.684483,0
            110.84969,-7.684483,0
            110.84965,-7.68447,0
            110.849615,-7.684463,0
            110.849116,-7.684305,0
            110.847825,-7.684028,0
            110.84693,-7.683786,0
            110.844871,-7.683159,0
            110.844336,-7.683092,0
            110.843851,-7.683006,0
            110.842978,-7.682712,0
            110.8432,-7.683341,0
          </coordinates>
        </LineString>
      </Placemark>
      <Placemark>
        <name>ODP DINAS KESEHATAN TO ODP POLSEK BENDOSARI</name>
        <description><![CDATA[ODP DINAS KESEHATAN TO ODP POLSEK BENDOSARI    <br>       <br>   FID   73    <br>   OID_   0    <br>   Name   ODP DINAS KESEHATAN TO ODP POLSEK BENDOSARI    <br>   FolderPath   PEMKAB SUKOHARJO FIX/DINAS KEARSIPAN TO DINAS KESEHATAN TO POLSEK BENDOSARI/ODP DINAS KESEHATAN TO ODP POLSEK BENDOSARI    <br>   PopupInfo   KU 12 CORE    <br>   Shape_Leng   0.025202]]></description>
        <styleUrl>#line-73DFFF-2000</styleUrl>
        <LineString>
          <tessellate>1</tessellate>
          <coordinates>
            110.873735,-7.692134,0
            110.873381,-7.692157,0
            110.873317,-7.691973,0
            110.873178,-7.691926,0
            110.869983,-7.690713,0
            110.867457,-7.689768,0
            110.865036,-7.688917,0
            110.861871,-7.68792,0
            110.857354,-7.686465,0
            110.855393,-7.686024,0
            110.853376,-7.685493,0
            110.85255,-7.685313,0
            110.851066,-7.684906,0
            110.849844,-7.684519,0
          </coordinates>
        </LineString>
      </Placemark>
      <Placemark>
        <name>ODP DINAS KEARSIPAN TO ODP KEL BEGAJAH</name>
        <description><![CDATA[ODP DINAS KEARSIPAN TO ODP KEL BEGAJAH    <br>       <br>   FID   74    <br>   OID_   0    <br>   Name   ODP DINAS KEARSIPAN TO ODP KEL BEGAJAH    <br>   FolderPath   PEMKAB SUKOHARJO FIX/ODP DINAS KEARSIPAN TO ODP BEGAJAH    <br>   PopupInfo   KU 12 CORE    <br>   Shape_Leng   0.034283]]></description>
        <styleUrl>#line-73DFFF-2000</styleUrl>
        <LineString>
          <tessellate>1</tessellate>
          <coordinates>
            110.860263,-7.712743,0
            110.858751,-7.709926,0
            110.856687,-7.706854,0
            110.854659,-7.703815,0
            110.852269,-7.700119,0
            110.850893,-7.698076,0
            110.850007,-7.696698,0
            110.849011,-7.69506,0
            110.848167,-7.69362,0
            110.848282,-7.693549,0
            110.848011,-7.693049,0
            110.846198,-7.689775,0
            110.845738,-7.688985,0
            110.844874,-7.687308,0
            110.844483,-7.68651,0
            110.843445,-7.683945,0
            110.843161,-7.683263,0
          </coordinates>
        </LineString>
      </Placemark>
      <Placemark>
        <name>ODP KEL BEGAJAH TO CLOSURE SONGGORUNGGI</name>
        <description><![CDATA[ODP KEL BEGAJAH TO CLOSURE SONGGORUNGGI    <br>       <br>   FID   75    <br>   OID_   0    <br>   Name   ODP KEL BEGAJAH TO CLOSURE SONGGORUNGGI    <br>   FolderPath   PEMKAB SUKOHARJO FIX/ODP KEL BEGAJAH TO CLOSURE SONGGORUNGGI    <br>   PopupInfo   KU 12 CORE    <br>   Shape_Leng   0.005807]]></description>
        <styleUrl>#line-73DFFF-2000</styleUrl>
        <LineString>
          <tessellate>1</tessellate>
          <coordinates>
            110.862812,-7.717778,0
            110.861596,-7.715261,0
            110.86094,-7.714093,0
            110.860163,-7.712612,0
          </coordinates>
        </LineString>
      </Placemark>
      <Placemark>
        <name>SONGGORUNGGI TO ODP KRETEK NAMBANGAN</name>
        <description><![CDATA[SONGGORUNGGI TO ODP KRETEK NAMBANGAN    <br>       <br>   FID   76    <br>   OID_   0    <br>   Name   SONGGORUNGGI TO ODP KRETEK NAMBANGAN    <br>   FolderPath   PEMKAB SUKOHARJO FIX/CLOSURE SONGGORUNGGI TO ODP DESA NGUTER    <br>   PopupInfo   KU 12 CORE    <br>   Shape_Leng   0.034251]]></description>
        <styleUrl>#line-73DFFF-2000</styleUrl>
        <LineString>
          <tessellate>1</tessellate>
          <coordinates>
            110.879957,-7.746555,0
            110.879673,-7.746389,0
            110.878542,-7.745908,0
            110.877745,-7.745299,0
            110.877151,-7.744632,0
            110.876612,-7.743745,0
            110.875355,-7.741462,0
            110.871415,-7.734017,0
            110.869655,-7.730817,0
            110.868513,-7.728627,0
            110.866298,-7.724332,0
            110.8646,-7.721193,0
            110.862657,-7.717463,0
          </coordinates>
        </LineString>
      </Placemark>
      <Placemark>
        <name>GEDUNG WIJAYA TO ODP TENTARA PELAJAR</name>
        <description><![CDATA[GEDUNG WIJAYA TO ODP TENTARA PELAJAR    <br>       <br>   FID   69    <br>   OID_   0    <br>   Name   GEDUNG WIJAYA TO ODP TENTARA PELAJAR    <br>   FolderPath   PEMKAB SUKOHARJO FIX/GEDUNG WIJAYA TO TENTARA PELAJAR TO DINAS KERSIPAN TO DINAS SOSIAL/GEDUNG WIJAYA TO ODP TENTARA PELAJAR    <br>   PopupInfo   KU 12 CORE    <br>   Shape_Leng   0.009459]]></description>
        <styleUrl>#line-73DFFF-2000</styleUrl>
        <LineString>
          <tessellate>1</tessellate>
          <coordinates>
            110.83927,-7.67282,0
            110.838905,-7.671791,0
            110.838498,-7.670726,0
            110.837871,-7.66883,0
            110.837293,-7.666918,0
            110.837115,-7.666117,0
            110.836895,-7.666113,0
            110.836702,-7.665944,0
            110.836411,-7.665834,0
            110.836403,-7.665834,0
            110.836048,-7.665716,0
            110.835907,-7.665669,0
            110.835841,-7.665651,0
            110.835832,-7.665609,0
            110.835832,-7.665605,0
            110.835815,-7.665537,0
            110.835798,-7.665461,0
            110.835791,-7.665361,0
            110.8358,-7.665251,0
            110.835847,-7.665157,0
            110.835916,-7.66512,0
            110.835925,-7.665115,0
            110.836,-7.66511,0
            110.836093,-7.665078,0
            110.836134,-7.665098,0
            110.836155,-7.66517,0
            110.836151,-7.66523,0
            110.836155,-7.665302,0
          </coordinates>
        </LineString>
      </Placemark>
    </Folder>
  </Document>
</kml>
