<?xml version="1.0" encoding="UTF-8"?>
<kml xmlns="http://www.opengis.net/kml/2.2" xmlns:gx="http://www.google.com/kml/ext/2.2" xmlns:kml="http://www.opengis.net/kml/2.2" xmlns:atom="http://www.w3.org/2005/Atom">
<Document id="Layers" xsi:schemaLocation="http://www.opengis.net/kml/2.2 http://schemas.opengis.net/kml/2.2.0/ogckml22.xsd http://www.google.com/kml/ext/2.2 http://code.google.com/apis/kml/schema/kml22gx.xsd">
	<name>SUKOHARJO FIX</name>
	<open>1</open>
	<Snippet maxLines="0"></Snippet>
	<Style id="IconStyle0001">
		<IconStyle>
			<color>ff0055ff</color>
			<scale>0.9</scale>
			<Icon>
				<href>http://maps.google.com/mapfiles/kml/pushpin/pink-pushpin.png</href>
			</Icon>
			<hotSpot x="20" y="2" xunits="pixels" yunits="pixels"/>
		</IconStyle>
		<LabelStyle>
			<color>ffffff00</color>
			<scale>0.5</scale>
		</LabelStyle>
		<PolyStyle>
			<color>ff000000</color>
			<outline>0</outline>
		</PolyStyle>
	</Style>
	<Style id="IconStyle00010">
		<IconStyle>
			<Icon>
				<href>http://maps.google.com/mapfiles/kml/shapes/homegardenbusiness.png</href>
			</Icon>
			<hotSpot x="0.5" y="0" xunits="fraction" yunits="fraction"/>
		</IconStyle>
		<LabelStyle>
			<color>ff7f00ff</color>
			<scale>0.7</scale>
		</LabelStyle>
		<PolyStyle>
			<color>ff000000</color>
			<outline>0</outline>
		</PolyStyle>
	</Style>
	<StyleMap id="IconStyle0003">
		<Pair>
			<key>normal</key>
			<styleUrl>#IconStyle00010</styleUrl>
		</Pair>
		<Pair>
			<key>highlight</key>
			<styleUrl>#IconStyle0004</styleUrl>
		</Pair>
	</StyleMap>
	<StyleMap id="IconStyle00030">
		<Pair>
			<key>normal</key>
			<styleUrl>#IconStyle0001</styleUrl>
		</Pair>
		<Pair>
			<key>highlight</key>
			<styleUrl>#IconStyle00040</styleUrl>
		</Pair>
	</StyleMap>
	<Style id="IconStyle0004">
		<IconStyle>
			<Icon>
				<href>http://maps.google.com/mapfiles/kml/shapes/homegardenbusiness.png</href>
			</Icon>
			<hotSpot x="0.5" y="0" xunits="fraction" yunits="fraction"/>
		</IconStyle>
		<LabelStyle>
			<color>ff7f00ff</color>
			<scale>0.7</scale>
		</LabelStyle>
		<PolyStyle>
			<color>ff000000</color>
			<outline>0</outline>
		</PolyStyle>
	</Style>
	<Style id="IconStyle00040">
		<IconStyle>
			<color>ff0055ff</color>
			<scale>0.9</scale>
			<Icon>
				<href>http://maps.google.com/mapfiles/kml/pushpin/pink-pushpin.png</href>
			</Icon>
			<hotSpot x="20" y="2" xunits="pixels" yunits="pixels"/>
		</IconStyle>
		<LabelStyle>
			<color>ffffff00</color>
			<scale>0.5</scale>
		</LabelStyle>
		<PolyStyle>
			<color>ff000000</color>
			<outline>0</outline>
		</PolyStyle>
	</Style>
	<Style id="IconStyle100">
		<IconStyle>
			<scale>1.06364</scale>
			<Icon>
				<href>http://maps.google.com/mapfiles/kml/paddle/grn-stars.png</href>
			</Icon>
			<hotSpot x="32" y="1" xunits="pixels" yunits="pixels"/>
		</IconStyle>
		<LabelStyle>
			<color>ff00ff00</color>
			<scale>0.6</scale>
		</LabelStyle>
		<ListStyle>
			<ItemIcon>
				<href>http://maps.google.com/mapfiles/kml/paddle/grn-stars-lv.png</href>
			</ItemIcon>
		</ListStyle>
		<PolyStyle>
			<color>ff000000</color>
			<outline>0</outline>
		</PolyStyle>
	</Style>
	<Style id="IconStyle1000">
		<IconStyle>
			<scale>0.9</scale>
			<Icon>
				<href>http://maps.google.com/mapfiles/kml/paddle/grn-stars.png</href>
			</Icon>
			<hotSpot x="32" y="1" xunits="pixels" yunits="pixels"/>
		</IconStyle>
		<LabelStyle>
			<color>ff00ff00</color>
			<scale>0.6</scale>
		</LabelStyle>
		<ListStyle>
			<ItemIcon>
				<href>http://maps.google.com/mapfiles/kml/paddle/grn-stars-lv.png</href>
			</ItemIcon>
		</ListStyle>
		<PolyStyle>
			<color>ff000000</color>
			<outline>0</outline>
		</PolyStyle>
	</Style>
	<Style id="IconStyle10000">
		<IconStyle>
			<scale>0.9</scale>
			<Icon>
				<href>http://maps.google.com/mapfiles/kml/paddle/grn-stars.png</href>
			</Icon>
			<hotSpot x="32" y="1" xunits="pixels" yunits="pixels"/>
		</IconStyle>
		<LabelStyle>
			<color>ff00ff00</color>
			<scale>0.6</scale>
		</LabelStyle>
		<ListStyle>
			<ItemIcon>
				<href>http://maps.google.com/mapfiles/kml/paddle/grn-stars-lv.png</href>
			</ItemIcon>
		</ListStyle>
		<PolyStyle>
			<color>ff000000</color>
			<outline>0</outline>
		</PolyStyle>
	</Style>
	<Style id="IconStyle10001">
		<IconStyle>
			<scale>0.9</scale>
			<Icon>
				<href>http://maps.google.com/mapfiles/kml/paddle/grn-stars.png</href>
			</Icon>
			<hotSpot x="32" y="1" xunits="pixels" yunits="pixels"/>
		</IconStyle>
		<LabelStyle>
			<color>ff00ff00</color>
			<scale>0.6</scale>
		</LabelStyle>
		<ListStyle>
			<ItemIcon>
				<href>http://maps.google.com/mapfiles/kml/paddle/grn-stars-lv.png</href>
			</ItemIcon>
		</ListStyle>
		<PolyStyle>
			<color>ff000000</color>
			<outline>0</outline>
		</PolyStyle>
	</Style>
	<StyleMap id="IconStyle1001">
		<Pair>
			<key>normal</key>
			<styleUrl>#IconStyle10001</styleUrl>
		</Pair>
		<Pair>
			<key>highlight</key>
			<styleUrl>#IconStyle10020</styleUrl>
		</Pair>
	</StyleMap>
	<StyleMap id="IconStyle10010">
		<Pair>
			<key>normal</key>
			<styleUrl>#IconStyle1000</styleUrl>
		</Pair>
		<Pair>
			<key>highlight</key>
			<styleUrl>#IconStyle1002</styleUrl>
		</Pair>
	</StyleMap>
	<StyleMap id="IconStyle100100">
		<Pair>
			<key>normal</key>
			<styleUrl>#IconStyle10000</styleUrl>
		</Pair>
		<Pair>
			<key>highlight</key>
			<styleUrl>#IconStyle100</styleUrl>
		</Pair>
	</StyleMap>
	<Style id="IconStyle1002">
		<IconStyle>
			<scale>1.06364</scale>
			<Icon>
				<href>http://maps.google.com/mapfiles/kml/paddle/grn-stars.png</href>
			</Icon>
			<hotSpot x="32" y="1" xunits="pixels" yunits="pixels"/>
		</IconStyle>
		<LabelStyle>
			<color>ff00ff00</color>
			<scale>0.6</scale>
		</LabelStyle>
		<ListStyle>
			<ItemIcon>
				<href>http://maps.google.com/mapfiles/kml/paddle/grn-stars-lv.png</href>
			</ItemIcon>
		</ListStyle>
		<PolyStyle>
			<color>ff000000</color>
			<outline>0</outline>
		</PolyStyle>
	</Style>
	<Style id="IconStyle10020">
		<IconStyle>
			<scale>1.06364</scale>
			<Icon>
				<href>http://maps.google.com/mapfiles/kml/paddle/grn-stars.png</href>
			</Icon>
			<hotSpot x="32" y="1" xunits="pixels" yunits="pixels"/>
		</IconStyle>
		<LabelStyle>
			<color>ff00ff00</color>
			<scale>0.6</scale>
		</LabelStyle>
		<ListStyle>
			<ItemIcon>
				<href>http://maps.google.com/mapfiles/kml/paddle/grn-stars-lv.png</href>
			</ItemIcon>
		</ListStyle>
		<PolyStyle>
			<color>ff000000</color>
			<outline>0</outline>
		</PolyStyle>
	</Style>
	<Style id="LegendRadioFolder00">
		<IconStyle>
			<scale>0</scale>
		</IconStyle>
		<ListStyle>
			<listItemType>radioFolder</listItemType>
		</ListStyle>
	</Style>
	<StyleMap id="LineStyle2170">
		<Pair>
			<key>normal</key>
			<styleUrl>#LineStyle217000</styleUrl>
		</Pair>
		<Pair>
			<key>highlight</key>
			<styleUrl>#LineStyle217010</styleUrl>
		</Pair>
	</StyleMap>
	<Style id="LineStyle217000">
		<LabelStyle>
			<color>00000000</color>
			<scale>0</scale>
		</LabelStyle>
		<LineStyle>
			<color>ff0055ff</color>
			<width>2</width>
		</LineStyle>
		<PolyStyle>
			<color>00000000</color>
			<outline>0</outline>
		</PolyStyle>
	</Style>
	<Style id="LineStyle217010">
		<LabelStyle>
			<color>00000000</color>
			<scale>0</scale>
		</LabelStyle>
		<LineStyle>
			<color>ff0055ff</color>
			<width>2</width>
		</LineStyle>
		<PolyStyle>
			<color>00000000</color>
			<outline>0</outline>
		</PolyStyle>
	</Style>
	<Style id="LineStyle26000">
		<LabelStyle>
			<color>00000000</color>
			<scale>0</scale>
		</LabelStyle>
		<LineStyle>
			<color>ffe600a9</color>
			<width>2</width>
		</LineStyle>
		<PolyStyle>
			<color>00000000</color>
			<outline>0</outline>
		</PolyStyle>
	</Style>
	<Style id="LineStyle260002">
		<LabelStyle>
			<color>00000000</color>
			<scale>0</scale>
		</LabelStyle>
		<LineStyle>
			<color>ffe600a9</color>
			<width>2</width>
		</LineStyle>
		<PolyStyle>
			<color>00000000</color>
			<outline>0</outline>
		</PolyStyle>
	</Style>
	<StyleMap id="LineStyle2601">
		<Pair>
			<key>normal</key>
			<styleUrl>#LineStyle26011</styleUrl>
		</Pair>
		<Pair>
			<key>highlight</key>
			<styleUrl>#LineStyle260002</styleUrl>
		</Pair>
	</StyleMap>
	<Style id="LineStyle26010">
		<LabelStyle>
			<color>00000000</color>
			<scale>0</scale>
		</LabelStyle>
		<LineStyle>
			<color>ffe600a9</color>
			<width>2</width>
		</LineStyle>
		<PolyStyle>
			<color>00000000</color>
			<outline>0</outline>
		</PolyStyle>
	</Style>
	<Style id="LineStyle26011">
		<LabelStyle>
			<color>00000000</color>
			<scale>0</scale>
		</LabelStyle>
		<LineStyle>
			<color>ffe600a9</color>
			<width>2</width>
		</LineStyle>
		<PolyStyle>
			<color>00000000</color>
			<outline>0</outline>
		</PolyStyle>
	</Style>
	<StyleMap id="LineStyle2602">
		<Pair>
			<key>normal</key>
			<styleUrl>#LineStyle26010</styleUrl>
		</Pair>
		<Pair>
			<key>highlight</key>
			<styleUrl>#LineStyle26000</styleUrl>
		</Pair>
	</StyleMap>
	<Style id="LineStyle261">
		<LabelStyle>
			<color>00000000</color>
			<scale>0</scale>
		</LabelStyle>
		<LineStyle>
			<color>ffe600a9</color>
			<width>2</width>
		</LineStyle>
		<PolyStyle>
			<color>00000000</color>
			<outline>0</outline>
		</PolyStyle>
	</Style>
	<Style id="LineStyle262">
		<LabelStyle>
			<color>00000000</color>
			<scale>0</scale>
		</LabelStyle>
		<LineStyle>
			<color>ffe600a9</color>
			<width>2</width>
		</LineStyle>
		<PolyStyle>
			<color>00000000</color>
			<outline>0</outline>
		</PolyStyle>
	</Style>
	<StyleMap id="LineStyle263">
		<Pair>
			<key>normal</key>
			<styleUrl>#LineStyle262</styleUrl>
		</Pair>
		<Pair>
			<key>highlight</key>
			<styleUrl>#LineStyle261</styleUrl>
		</Pair>
	</StyleMap>
	<StyleMap id="LineStyle300">
		<Pair>
			<key>normal</key>
			<styleUrl>#LineStyle3001</styleUrl>
		</Pair>
		<Pair>
			<key>highlight</key>
			<styleUrl>#LineStyle3000</styleUrl>
		</Pair>
	</StyleMap>
	<Style id="LineStyle3000">
		<LabelStyle>
			<color>00000000</color>
			<scale>0</scale>
		</LabelStyle>
		<LineStyle>
			<color>ffffdf73</color>
			<width>1.5</width>
		</LineStyle>
		<PolyStyle>
			<color>00000000</color>
			<outline>0</outline>
		</PolyStyle>
	</Style>
	<Style id="LineStyle3001">
		<LabelStyle>
			<color>00000000</color>
			<scale>0</scale>
		</LabelStyle>
		<LineStyle>
			<color>ffffdf73</color>
			<width>1.5</width>
		</LineStyle>
		<PolyStyle>
			<color>00000000</color>
			<outline>0</outline>
		</PolyStyle>
	</Style>
	<StyleMap id="m_ylw-pushpin37">
		<Pair>
			<key>normal</key>
			<styleUrl>#s_ylw-pushpin39</styleUrl>
		</Pair>
		<Pair>
			<key>highlight</key>
			<styleUrl>#s_ylw-pushpin_hl45</styleUrl>
		</Pair>
	</StyleMap>
	<Style id="s_ylw-pushpin39">
		<IconStyle>
			<scale>1.1</scale>
			<Icon>
				<href>http://maps.google.com/mapfiles/kml/pushpin/ylw-pushpin.png</href>
			</Icon>
			<hotSpot x="20" y="2" xunits="pixels" yunits="pixels"/>
		</IconStyle>
		<LineStyle>
			<color>ff00ff00</color>
		</LineStyle>
	</Style>
	<Style id="s_ylw-pushpin_hl45">
		<IconStyle>
			<scale>1.3</scale>
			<Icon>
				<href>http://maps.google.com/mapfiles/kml/pushpin/ylw-pushpin.png</href>
			</Icon>
			<hotSpot x="20" y="2" xunits="pixels" yunits="pixels"/>
		</IconStyle>
		<LineStyle>
			<color>ff00ff00</color>
		</LineStyle>
	</Style>
	<Folder id="legend0">
		<name>Legenda</name>
		<visibility>0</visibility>
		<Style id="LegendRadioFolder00">
			<IconStyle>
				<scale>0</scale>
			</IconStyle>
			<ListStyle>
				<listItemType>radioFolder</listItemType>
				<bgColor>00ffffff</bgColor>
				<maxSnippetLines>2</maxSnippetLines>
			</ListStyle>
		</Style>
		<ScreenOverlay id="A0">
			<name>Upper Left</name>
			<visibility>0</visibility>
			<color>b0ffffff</color>
			<Icon>
				<href>files/legend0.png</href>
			</Icon>
			<overlayXY x="0.01" y="0.99" xunits="fraction" yunits="fraction"/>
			<screenXY x="0.01" y="0.99" xunits="fraction" yunits="fraction"/>
			<rotationXY x="0.5" y="0.5" xunits="fraction" yunits="fraction"/>
			<size x="-1" y="-1" xunits="pixels" yunits="pixels"/>
		</ScreenOverlay>
		<ScreenOverlay id="B0">
			<name>Upper Center</name>
			<visibility>0</visibility>
			<color>b0ffffff</color>
			<Icon>
				<href>files/legend0.png</href>
			</Icon>
			<overlayXY x="0.5" y="0.99" xunits="fraction" yunits="fraction"/>
			<screenXY x="0.5" y="0.99" xunits="fraction" yunits="fraction"/>
			<rotationXY x="0.5" y="0.5" xunits="fraction" yunits="fraction"/>
			<size x="-1" y="-1" xunits="pixels" yunits="pixels"/>
		</ScreenOverlay>
		<ScreenOverlay id="C0">
			<name>Upper Right</name>
			<visibility>0</visibility>
			<color>b0ffffff</color>
			<Icon>
				<href>files/legend0.png</href>
			</Icon>
			<overlayXY x="0.99" y="0.99" xunits="fraction" yunits="fraction"/>
			<screenXY x="0.99" y="0.99" xunits="fraction" yunits="fraction"/>
			<rotationXY x="0.5" y="0.5" xunits="fraction" yunits="fraction"/>
			<size x="-1" y="-1" xunits="pixels" yunits="pixels"/>
		</ScreenOverlay>
		<ScreenOverlay id="D0">
			<name>Center Left</name>
			<visibility>0</visibility>
			<color>b0ffffff</color>
			<Icon>
				<href>files/legend0.png</href>
			</Icon>
			<overlayXY x="0.01" y="0.5" xunits="fraction" yunits="fraction"/>
			<screenXY x="0.01" y="0.5" xunits="fraction" yunits="fraction"/>
			<rotationXY x="0.5" y="0.5" xunits="fraction" yunits="fraction"/>
			<size x="-1" y="-1" xunits="pixels" yunits="pixels"/>
		</ScreenOverlay>
		<ScreenOverlay id="E0">
			<name>Center</name>
			<visibility>0</visibility>
			<color>b0ffffff</color>
			<Icon>
				<href>files/legend0.png</href>
			</Icon>
			<overlayXY x="0.5" y="0.5" xunits="fraction" yunits="fraction"/>
			<screenXY x="0.5" y="0.5" xunits="fraction" yunits="fraction"/>
			<rotationXY x="0.5" y="0.5" xunits="fraction" yunits="fraction"/>
			<size x="-1" y="-1" xunits="pixels" yunits="pixels"/>
		</ScreenOverlay>
		<ScreenOverlay id="F0">
			<name>Center Right</name>
			<visibility>0</visibility>
			<color>b0ffffff</color>
			<Icon>
				<href>files/legend0.png</href>
			</Icon>
			<overlayXY x="0.99" y="0.5" xunits="fraction" yunits="fraction"/>
			<screenXY x="0.99" y="0.5" xunits="fraction" yunits="fraction"/>
			<rotationXY x="0.5" y="0.5" xunits="fraction" yunits="fraction"/>
			<size x="-1" y="-1" xunits="pixels" yunits="pixels"/>
		</ScreenOverlay>
		<ScreenOverlay id="G0">
			<name>Lower Left</name>
			<visibility>0</visibility>
			<color>b0ffffff</color>
			<Icon>
				<href>files/legend0.png</href>
			</Icon>
			<overlayXY x="0.01" y="0.01" xunits="fraction" yunits="fraction"/>
			<screenXY x="0.01" y="0.01" xunits="fraction" yunits="fraction"/>
			<rotationXY x="0.5" y="0.5" xunits="fraction" yunits="fraction"/>
			<size x="-1" y="-1" xunits="pixels" yunits="pixels"/>
		</ScreenOverlay>
		<ScreenOverlay id="H0">
			<name>Lower Center</name>
			<visibility>0</visibility>
			<color>b0ffffff</color>
			<Icon>
				<href>files/legend0.png</href>
			</Icon>
			<overlayXY x="0.5" y="0.01" xunits="fraction" yunits="fraction"/>
			<screenXY x="0.5" y="0.01" xunits="fraction" yunits="fraction"/>
			<rotationXY x="0.5" y="0.5" xunits="fraction" yunits="fraction"/>
			<size x="-1" y="-1" xunits="pixels" yunits="pixels"/>
		</ScreenOverlay>
		<ScreenOverlay id="I0">
			<name>Lower Right</name>
			<visibility>0</visibility>
			<color>b0ffffff</color>
			<Icon>
				<href>files/legend0.png</href>
			</Icon>
			<overlayXY x="0.99" y="0.01" xunits="fraction" yunits="fraction"/>
			<screenXY x="0.99" y="0.01" xunits="fraction" yunits="fraction"/>
			<rotationXY x="0.5" y="0.5" xunits="fraction" yunits="fraction"/>
			<size x="-1" y="-1" xunits="pixels" yunits="pixels"/>
		</ScreenOverlay>
		<Placemark id="ID_0">
			<name>None</name>
			<visibility>0</visibility>
			<styleUrl>#LegendRadioFolder00</styleUrl>
		</Placemark>
	</Folder>
	<Folder>
		<name>TAHAP - 1</name>
		<open>1</open>
		<Folder id="FeatureLayer0">
			<name>Lokasi_Tersambung_Tahap_1</name>
			<Snippet maxLines="0"></Snippet>
			<Placemark id="ID_00000">
				<name>GEDUNG WIJAYA</name>
				<Snippet maxLines="0"></Snippet>
				<description><![CDATA[<html xmlns:fo="http://www.w3.org/1999/XSL/Format" xmlns:msxsl="urn:schemas-microsoft-com:xslt">

<head>

<META http-equiv="Content-Type" content="text/html">

<meta http-equiv="content-type" content="text/html; charset=UTF-8">

</head>

<body style="margin:0px 0px 0px 0px;overflow:auto;background:#FFFFFF;">

<table style="font-family:Arial,Verdana,Times;font-size:12px;text-align:left;width:100%;border-collapse:collapse;padding:3px 3px 3px 3px">

<tr style="text-align:center;font-weight:bold;background:#9CBCE2">

<td>GEDUNG WIJAYA</td>

</tr>

<tr>

<td>

<table style="font-family:Arial,Verdana,Times;font-size:12px;text-align:left;width:100%;border-spacing:0px; padding:3px 3px 3px 3px">

<tr>

<td>FID</td>

<td>0</td>

</tr>

<tr bgcolor="#D4E4F3">

<td>OID_</td>

<td>0</td>

</tr>

<tr>

<td>Name</td>

<td>GEDUNG WIJAYA</td>

</tr>

<tr bgcolor="#D4E4F3">

<td>FolderPath</td>

<td>PEMKAB SUKOHARJO FIX</td>

</tr>

<tr>

<td>Fungsi</td>

<td>OLT</td>

</tr>

</table>

</td>

</tr>

</table>

</body>

</html>]]></description>
				<styleUrl>#IconStyle0003</styleUrl>
				<Point>
					<coordinates>110.8361550000001,-7.665355720999969,0</coordinates>
				</Point>
			</Placemark>
			<Placemark id="ID_00001">
				<name>CLOSURE DELTA MERLIN</name>
				<Snippet maxLines="0"></Snippet>
				<description><![CDATA[<html xmlns:fo="http://www.w3.org/1999/XSL/Format" xmlns:msxsl="urn:schemas-microsoft-com:xslt">

<head>

<META http-equiv="Content-Type" content="text/html">

<meta http-equiv="content-type" content="text/html; charset=UTF-8">

</head>

<body style="margin:0px 0px 0px 0px;overflow:auto;background:#FFFFFF;">

<table style="font-family:Arial,Verdana,Times;font-size:12px;text-align:left;width:100%;border-collapse:collapse;padding:3px 3px 3px 3px">

<tr style="text-align:center;font-weight:bold;background:#9CBCE2">

<td>CLOSURE DELTA MERLIN</td>

</tr>

<tr>

<td>

<table style="font-family:Arial,Verdana,Times;font-size:12px;text-align:left;width:100%;border-spacing:0px; padding:3px 3px 3px 3px">

<tr>

<td>FID</td>

<td>1</td>

</tr>

<tr bgcolor="#D4E4F3">

<td>OID_</td>

<td>0</td>

</tr>

<tr>

<td>Name</td>

<td>CLOSURE DELTA MERLIN</td>

</tr>

<tr bgcolor="#D4E4F3">

<td>FolderPath</td>

<td>PEMKAB SUKOHARJO FIX/GEDUNG WIJAYA TO CLOSURE DELTA MERLIN</td>

</tr>

<tr>

<td>Fungsi</td>

<td>Closure</td>

</tr>

</table>

</td>

</tr>

</table>

</body>

</html>]]></description>
				<styleUrl>#IconStyle00030</styleUrl>
				<Point>
					<coordinates>110.8281307810001,-7.636323471999958,0</coordinates>
				</Point>
			</Placemark>
			<Placemark id="ID_00002">
				<name>CLOSURE TELUKAN</name>
				<Snippet maxLines="0"></Snippet>
				<description><![CDATA[<html xmlns:fo="http://www.w3.org/1999/XSL/Format" xmlns:msxsl="urn:schemas-microsoft-com:xslt">

<head>

<META http-equiv="Content-Type" content="text/html">

<meta http-equiv="content-type" content="text/html; charset=UTF-8">

</head>

<body style="margin:0px 0px 0px 0px;overflow:auto;background:#FFFFFF;">

<table style="font-family:Arial,Verdana,Times;font-size:12px;text-align:left;width:100%;border-collapse:collapse;padding:3px 3px 3px 3px">

<tr style="text-align:center;font-weight:bold;background:#9CBCE2">

<td>CLOSURE TELUKAN</td>

</tr>

<tr>

<td>

<table style="font-family:Arial,Verdana,Times;font-size:12px;text-align:left;width:100%;border-spacing:0px; padding:3px 3px 3px 3px">

<tr>

<td>FID</td>

<td>2</td>

</tr>

<tr bgcolor="#D4E4F3">

<td>OID_</td>

<td>0</td>

</tr>

<tr>

<td>Name</td>

<td>CLOSURE TELUKAN</td>

</tr>

<tr bgcolor="#D4E4F3">

<td>FolderPath</td>

<td>PEMKAB SUKOHARJO FIX/CLOSURE DELTA MERLIN TO CLOSURE TELUKAN</td>

</tr>

<tr>

<td>Fungsi</td>

<td>Closure</td>

</tr>

</table>

</td>

</tr>

</table>

</body>

</html>]]></description>
				<styleUrl>#IconStyle00030</styleUrl>
				<Point>
					<coordinates>110.821798867,-7.621952394999938,0</coordinates>
				</Point>
			</Placemark>
			<Placemark id="ID_00003">
				<name>ODP KANTOR DESA TELUKAN</name>
				<Snippet maxLines="0"></Snippet>
				<description><![CDATA[<html xmlns:fo="http://www.w3.org/1999/XSL/Format" xmlns:msxsl="urn:schemas-microsoft-com:xslt">

<head>

<META http-equiv="Content-Type" content="text/html">

<meta http-equiv="content-type" content="text/html; charset=UTF-8">

</head>

<body style="margin:0px 0px 0px 0px;overflow:auto;background:#FFFFFF;">

<table style="font-family:Arial,Verdana,Times;font-size:12px;text-align:left;width:100%;border-collapse:collapse;padding:3px 3px 3px 3px">

<tr style="text-align:center;font-weight:bold;background:#9CBCE2">

<td>ODP KANTOR DESA TELUKAN</td>

</tr>

<tr>

<td>

<table style="font-family:Arial,Verdana,Times;font-size:12px;text-align:left;width:100%;border-spacing:0px; padding:3px 3px 3px 3px">

<tr>

<td>FID</td>

<td>3</td>

</tr>

<tr bgcolor="#D4E4F3">

<td>OID_</td>

<td>0</td>

</tr>

<tr>

<td>Name</td>

<td>ODP KANTOR DESA TELUKAN</td>

</tr>

<tr bgcolor="#D4E4F3">

<td>FolderPath</td>

<td>PEMKAB SUKOHARJO FIX/CLOSURE TELUKAN TO ODP KEL TELUKAN</td>

</tr>

<tr>

<td>Fungsi</td>

<td>ODP</td>

</tr>

</table>

</td>

</tr>

</table>

</body>

</html>]]></description>
				<styleUrl>#IconStyle00030</styleUrl>
				<Point>
					<coordinates>110.8210806900001,-7.620188382999971,0</coordinates>
				</Point>
			</Placemark>
			<Placemark id="ID_00004">
				<name>ODP PUSKESMAS GROGOL</name>
				<Snippet maxLines="0"></Snippet>
				<description><![CDATA[<html xmlns:fo="http://www.w3.org/1999/XSL/Format" xmlns:msxsl="urn:schemas-microsoft-com:xslt">

<head>

<META http-equiv="Content-Type" content="text/html">

<meta http-equiv="content-type" content="text/html; charset=UTF-8">

</head>

<body style="margin:0px 0px 0px 0px;overflow:auto;background:#FFFFFF;">

<table style="font-family:Arial,Verdana,Times;font-size:12px;text-align:left;width:100%;border-collapse:collapse;padding:3px 3px 3px 3px">

<tr style="text-align:center;font-weight:bold;background:#9CBCE2">

<td>ODP PUSKESMAS GROGOL</td>

</tr>

<tr>

<td>

<table style="font-family:Arial,Verdana,Times;font-size:12px;text-align:left;width:100%;border-spacing:0px; padding:3px 3px 3px 3px">

<tr>

<td>FID</td>

<td>4</td>

</tr>

<tr bgcolor="#D4E4F3">

<td>OID_</td>

<td>0</td>

</tr>

<tr>

<td>Name</td>

<td>ODP PUSKESMAS GROGOL</td>

</tr>

<tr bgcolor="#D4E4F3">

<td>FolderPath</td>

<td>PEMKAB SUKOHARJO FIX/CLOSURE BACEM TO PUSKESMAS GROGOL</td>

</tr>

<tr>

<td>Fungsi</td>

<td>ODP</td>

</tr>

</table>

</td>

</tr>

</table>

</body>

</html>]]></description>
				<styleUrl>#IconStyle00030</styleUrl>
				<Point>
					<coordinates>110.8193854450001,-7.600328821999938,0</coordinates>
				</Point>
			</Placemark>
			<Placemark id="ID_00005">
				<name>CLOSURE TEGALMADE</name>
				<Snippet maxLines="0"></Snippet>
				<description><![CDATA[<html xmlns:fo="http://www.w3.org/1999/XSL/Format" xmlns:msxsl="urn:schemas-microsoft-com:xslt">

<head>

<META http-equiv="Content-Type" content="text/html">

<meta http-equiv="content-type" content="text/html; charset=UTF-8">

</head>

<body style="margin:0px 0px 0px 0px;overflow:auto;background:#FFFFFF;">

<table style="font-family:Arial,Verdana,Times;font-size:12px;text-align:left;width:100%;border-collapse:collapse;padding:3px 3px 3px 3px">

<tr style="text-align:center;font-weight:bold;background:#9CBCE2">

<td>CLOSURE TEGALMADE</td>

</tr>

<tr>

<td>

<table style="font-family:Arial,Verdana,Times;font-size:12px;text-align:left;width:100%;border-spacing:0px; padding:3px 3px 3px 3px">

<tr>

<td>FID</td>

<td>5</td>

</tr>

<tr bgcolor="#D4E4F3">

<td>OID_</td>

<td>0</td>

</tr>

<tr>

<td>Name</td>

<td>CLOSURE TEGALMADE</td>

</tr>

<tr bgcolor="#D4E4F3">

<td>FolderPath</td>

<td>PEMKAB SUKOHARJO FIX/CLOSURE TELUKAN TO CLOSURE TEGALMADE</td>

</tr>

<tr>

<td>Fungsi</td>

<td>Closure</td>

</tr>

</table>

</td>

</tr>

</table>

</body>

</html>]]></description>
				<styleUrl>#IconStyle00030</styleUrl>
				<Point>
					<coordinates>110.8515390970001,-7.627441806999968,0</coordinates>
				</Point>
			</Placemark>
			<Placemark id="ID_00006">
				<name>CLOSURE BEKONANG</name>
				<Snippet maxLines="0"></Snippet>
				<description><![CDATA[<html xmlns:fo="http://www.w3.org/1999/XSL/Format" xmlns:msxsl="urn:schemas-microsoft-com:xslt">

<head>

<META http-equiv="Content-Type" content="text/html">

<meta http-equiv="content-type" content="text/html; charset=UTF-8">

</head>

<body style="margin:0px 0px 0px 0px;overflow:auto;background:#FFFFFF;">

<table style="font-family:Arial,Verdana,Times;font-size:12px;text-align:left;width:100%;border-collapse:collapse;padding:3px 3px 3px 3px">

<tr style="text-align:center;font-weight:bold;background:#9CBCE2">

<td>CLOSURE BEKONANG</td>

</tr>

<tr>

<td>

<table style="font-family:Arial,Verdana,Times;font-size:12px;text-align:left;width:100%;border-spacing:0px; padding:3px 3px 3px 3px">

<tr>

<td>FID</td>

<td>6</td>

</tr>

<tr bgcolor="#D4E4F3">

<td>OID_</td>

<td>0</td>

</tr>

<tr>

<td>Name</td>

<td>CLOSURE BEKONANG</td>

</tr>

<tr bgcolor="#D4E4F3">

<td>FolderPath</td>

<td>PEMKAB SUKOHARJO FIX/CLOSURE TELUKAN TO CLOSURE TEGALMADE</td>

</tr>

<tr>

<td>Fungsi</td>

<td>Closure</td>

</tr>

</table>

</td>

</tr>

</table>

</body>

</html>]]></description>
				<styleUrl>#IconStyle00030</styleUrl>
				<Point>
					<coordinates>110.8715523400001,-7.613948334999975,0</coordinates>
				</Point>
			</Placemark>
			<Placemark id="ID_00007">
				<name>ODP SIMPANG MOJOLABAN</name>
				<Snippet maxLines="0"></Snippet>
				<description><![CDATA[<html xmlns:fo="http://www.w3.org/1999/XSL/Format" xmlns:msxsl="urn:schemas-microsoft-com:xslt">

<head>

<META http-equiv="Content-Type" content="text/html">

<meta http-equiv="content-type" content="text/html; charset=UTF-8">

</head>

<body style="margin:0px 0px 0px 0px;overflow:auto;background:#FFFFFF;">

<table style="font-family:Arial,Verdana,Times;font-size:12px;text-align:left;width:100%;border-collapse:collapse;padding:3px 3px 3px 3px">

<tr style="text-align:center;font-weight:bold;background:#9CBCE2">

<td>ODP SIMPANG MOJOLABAN</td>

</tr>

<tr>

<td>

<table style="font-family:Arial,Verdana,Times;font-size:12px;text-align:left;width:100%;border-spacing:0px; padding:3px 3px 3px 3px">

<tr>

<td>FID</td>

<td>7</td>

</tr>

<tr bgcolor="#D4E4F3">

<td>OID_</td>

<td>0</td>

</tr>

<tr>

<td>Name</td>

<td>ODP SIMPANG MOJOLABAN</td>

</tr>

<tr bgcolor="#D4E4F3">

<td>FolderPath</td>

<td>PEMKAB SUKOHARJO FIX/CLOSURE TEGALMADE TO ODP SIMPANG MOJOLABAN</td>

</tr>

<tr>

<td>Fungsi</td>

<td>ODP</td>

</tr>

</table>

</td>

</tr>

</table>

</body>

</html>]]></description>
				<styleUrl>#IconStyle00030</styleUrl>
				<Point>
					<coordinates>110.8733808030001,-7.609544983999967,0</coordinates>
				</Point>
			</Placemark>
			<Placemark id="ID_00008">
				<name>ODP PASAR POLOKARTO</name>
				<Snippet maxLines="0"></Snippet>
				<description><![CDATA[<html xmlns:fo="http://www.w3.org/1999/XSL/Format" xmlns:msxsl="urn:schemas-microsoft-com:xslt">

<head>

<META http-equiv="Content-Type" content="text/html">

<meta http-equiv="content-type" content="text/html; charset=UTF-8">

</head>

<body style="margin:0px 0px 0px 0px;overflow:auto;background:#FFFFFF;">

<table style="font-family:Arial,Verdana,Times;font-size:12px;text-align:left;width:100%;border-collapse:collapse;padding:3px 3px 3px 3px">

<tr style="text-align:center;font-weight:bold;background:#9CBCE2">

<td>ODP PASAR POLOKARTO</td>

</tr>

<tr>

<td>

<table style="font-family:Arial,Verdana,Times;font-size:12px;text-align:left;width:100%;border-spacing:0px; padding:3px 3px 3px 3px">

<tr>

<td>FID</td>

<td>8</td>

</tr>

<tr bgcolor="#D4E4F3">

<td>OID_</td>

<td>0</td>

</tr>

<tr>

<td>Name</td>

<td>ODP PASAR POLOKARTO</td>

</tr>

<tr bgcolor="#D4E4F3">

<td>FolderPath</td>

<td>PEMKAB SUKOHARJO FIX/ODP SIMPANG TUGU MOJOLABAN TO ODP PASAR POLOKARTO</td>

</tr>

<tr>

<td>Fungsi</td>

<td>ODP</td>

</tr>

</table>

</td>

</tr>

</table>

</body>

</html>]]></description>
				<styleUrl>#IconStyle00030</styleUrl>
				<Point>
					<coordinates>110.893965285,-7.625690769999948,0</coordinates>
				</Point>
			</Placemark>
			<Placemark id="ID_00009">
				<name>CLOSURE POLOKARTO</name>
				<Snippet maxLines="0"></Snippet>
				<description><![CDATA[<html xmlns:fo="http://www.w3.org/1999/XSL/Format" xmlns:msxsl="urn:schemas-microsoft-com:xslt">

<head>

<META http-equiv="Content-Type" content="text/html">

<meta http-equiv="content-type" content="text/html; charset=UTF-8">

</head>

<body style="margin:0px 0px 0px 0px;overflow:auto;background:#FFFFFF;">

<table style="font-family:Arial,Verdana,Times;font-size:12px;text-align:left;width:100%;border-collapse:collapse;padding:3px 3px 3px 3px">

<tr style="text-align:center;font-weight:bold;background:#9CBCE2">

<td>CLOSURE POLOKARTO</td>

</tr>

<tr>

<td>

<table style="font-family:Arial,Verdana,Times;font-size:12px;text-align:left;width:100%;border-spacing:0px; padding:3px 3px 3px 3px">

<tr>

<td>FID</td>

<td>9</td>

</tr>

<tr bgcolor="#D4E4F3">

<td>OID_</td>

<td>0</td>

</tr>

<tr>

<td>Name</td>

<td>CLOSURE POLOKARTO</td>

</tr>

<tr bgcolor="#D4E4F3">

<td>FolderPath</td>

<td>PEMKAB SUKOHARJO FIX/ODP SIMPANG TUGU MOJOLABAN TO ODP PASAR POLOKARTO</td>

</tr>

<tr>

<td>Fungsi</td>

<td>Closure</td>

</tr>

</table>

</td>

</tr>

</table>

</body>

</html>]]></description>
				<styleUrl>#IconStyle00030</styleUrl>
				<Point>
					<coordinates>110.8933945030001,-7.622833714999957,0</coordinates>
				</Point>
			</Placemark>
			<Placemark id="ID_00010">
				<name>ODP SIMPANG PANDAWA</name>
				<Snippet maxLines="0"></Snippet>
				<description><![CDATA[<html xmlns:fo="http://www.w3.org/1999/XSL/Format" xmlns:msxsl="urn:schemas-microsoft-com:xslt">

<head>

<META http-equiv="Content-Type" content="text/html">

<meta http-equiv="content-type" content="text/html; charset=UTF-8">

</head>

<body style="margin:0px 0px 0px 0px;overflow:auto;background:#FFFFFF;">

<table style="font-family:Arial,Verdana,Times;font-size:12px;text-align:left;width:100%;border-collapse:collapse;padding:3px 3px 3px 3px">

<tr style="text-align:center;font-weight:bold;background:#9CBCE2">

<td>ODP SIMPANG PANDAWA</td>

</tr>

<tr>

<td>

<table style="font-family:Arial,Verdana,Times;font-size:12px;text-align:left;width:100%;border-spacing:0px; padding:3px 3px 3px 3px">

<tr>

<td>FID</td>

<td>10</td>

</tr>

<tr bgcolor="#D4E4F3">

<td>OID_</td>

<td>0</td>

</tr>

<tr>

<td>Name</td>

<td>ODP SIMPANG PANDAWA</td>

</tr>

<tr bgcolor="#D4E4F3">

<td>FolderPath</td>

<td>PEMKAB SUKOHARJO FIX/CLOSURE BACEM TO ODP SIMPANG PANDAWA</td>

</tr>

<tr>

<td>Fungsi</td>

<td>ODP</td>

</tr>

</table>

</td>

</tr>

</table>

</body>

</html>]]></description>
				<styleUrl>#IconStyle00030</styleUrl>
				<Point>
					<coordinates>110.8110649830001,-7.608299230999933,0</coordinates>
				</Point>
			</Placemark>
			<Placemark id="ID_00011">
				<name>CLOSURE BACEM</name>
				<Snippet maxLines="0"></Snippet>
				<description><![CDATA[<html xmlns:fo="http://www.w3.org/1999/XSL/Format" xmlns:msxsl="urn:schemas-microsoft-com:xslt">

<head>

<META http-equiv="Content-Type" content="text/html">

<meta http-equiv="content-type" content="text/html; charset=UTF-8">

</head>

<body style="margin:0px 0px 0px 0px;overflow:auto;background:#FFFFFF;">

<table style="font-family:Arial,Verdana,Times;font-size:12px;text-align:left;width:100%;border-collapse:collapse;padding:3px 3px 3px 3px">

<tr style="text-align:center;font-weight:bold;background:#9CBCE2">

<td>CLOSURE BACEM</td>

</tr>

<tr>

<td>

<table style="font-family:Arial,Verdana,Times;font-size:12px;text-align:left;width:100%;border-spacing:0px; padding:3px 3px 3px 3px">

<tr>

<td>FID</td>

<td>11</td>

</tr>

<tr bgcolor="#D4E4F3">

<td>OID_</td>

<td>0</td>

</tr>

<tr>

<td>Name</td>

<td>CLOSURE BACEM</td>

</tr>

<tr bgcolor="#D4E4F3">

<td>FolderPath</td>

<td>PEMKAB SUKOHARJO FIX/CLOSURE BACEM TO ODP SIMPANG PANDAWA</td>

</tr>

<tr>

<td>Fungsi</td>

<td>Closure</td>

</tr>

</table>

</td>

</tr>

</table>

</body>

</html>]]></description>
				<styleUrl>#IconStyle00030</styleUrl>
				<Point>
					<coordinates>110.8189280240001,-7.611969493999936,0</coordinates>
				</Point>
			</Placemark>
			<Placemark id="ID_00012">
				<name>ODP SIMPANG KADILANGU</name>
				<Snippet maxLines="0"></Snippet>
				<description><![CDATA[<html xmlns:fo="http://www.w3.org/1999/XSL/Format" xmlns:msxsl="urn:schemas-microsoft-com:xslt">

<head>

<META http-equiv="Content-Type" content="text/html">

<meta http-equiv="content-type" content="text/html; charset=UTF-8">

</head>

<body style="margin:0px 0px 0px 0px;overflow:auto;background:#FFFFFF;">

<table style="font-family:Arial,Verdana,Times;font-size:12px;text-align:left;width:100%;border-collapse:collapse;padding:3px 3px 3px 3px">

<tr style="text-align:center;font-weight:bold;background:#9CBCE2">

<td>ODP SIMPANG KADILANGU</td>

</tr>

<tr>

<td>

<table style="font-family:Arial,Verdana,Times;font-size:12px;text-align:left;width:100%;border-spacing:0px; padding:3px 3px 3px 3px">

<tr>

<td>FID</td>

<td>12</td>

</tr>

<tr bgcolor="#D4E4F3">

<td>OID_</td>

<td>0</td>

</tr>

<tr>

<td>Name</td>

<td>ODP SIMPANG KADILANGU</td>

</tr>

<tr bgcolor="#D4E4F3">

<td>FolderPath</td>

<td>PEMKAB SUKOHARJO FIX/ODP SIMPANG PANDAWA TO ODP SIMPANG KADILANGU</td>

</tr>

<tr>

<td>Fungsi</td>

<td>ODP</td>

</tr>

</table>

</td>

</tr>

</table>

</body>

</html>]]></description>
				<styleUrl>#IconStyle00030</styleUrl>
				<Point>
					<coordinates>110.7895541870001,-7.606185524999944,0</coordinates>
				</Point>
			</Placemark>
			<Placemark id="ID_00013">
				<name>CLOSURE TUGU LILIN GAWOK</name>
				<Snippet maxLines="0"></Snippet>
				<description><![CDATA[<html xmlns:fo="http://www.w3.org/1999/XSL/Format" xmlns:msxsl="urn:schemas-microsoft-com:xslt">

<head>

<META http-equiv="Content-Type" content="text/html">

<meta http-equiv="content-type" content="text/html; charset=UTF-8">

</head>

<body style="margin:0px 0px 0px 0px;overflow:auto;background:#FFFFFF;">

<table style="font-family:Arial,Verdana,Times;font-size:12px;text-align:left;width:100%;border-collapse:collapse;padding:3px 3px 3px 3px">

<tr style="text-align:center;font-weight:bold;background:#9CBCE2">

<td>CLOSURE TUGU LILIN GAWOK</td>

</tr>

<tr>

<td>

<table style="font-family:Arial,Verdana,Times;font-size:12px;text-align:left;width:100%;border-spacing:0px; padding:3px 3px 3px 3px">

<tr>

<td>FID</td>

<td>13</td>

</tr>

<tr bgcolor="#D4E4F3">

<td>OID_</td>

<td>0</td>

</tr>

<tr>

<td>Name</td>

<td>CLOSURE TUGU LILIN GAWOK</td>

</tr>

<tr bgcolor="#D4E4F3">

<td>FolderPath</td>

<td>PEMKAB SUKOHARJO FIX/ODP KADILANGU TO CLOSURE TUGU LILIN GAWOK</td>

</tr>

<tr>

<td>Fungsi</td>

<td>Closure</td>

</tr>

</table>

</td>

</tr>

</table>

</body>

</html>]]></description>
				<styleUrl>#IconStyle00030</styleUrl>
				<Point>
					<coordinates>110.757484618,-7.599722891999932,0</coordinates>
				</Point>
			</Placemark>
			<Placemark id="ID_00014">
				<name>ODP KEC GATAK</name>
				<Snippet maxLines="0"></Snippet>
				<description><![CDATA[<html xmlns:fo="http://www.w3.org/1999/XSL/Format" xmlns:msxsl="urn:schemas-microsoft-com:xslt">

<head>

<META http-equiv="Content-Type" content="text/html">

<meta http-equiv="content-type" content="text/html; charset=UTF-8">

</head>

<body style="margin:0px 0px 0px 0px;overflow:auto;background:#FFFFFF;">

<table style="font-family:Arial,Verdana,Times;font-size:12px;text-align:left;width:100%;border-collapse:collapse;padding:3px 3px 3px 3px">

<tr style="text-align:center;font-weight:bold;background:#9CBCE2">

<td>ODP KEC GATAK</td>

</tr>

<tr>

<td>

<table style="font-family:Arial,Verdana,Times;font-size:12px;text-align:left;width:100%;border-spacing:0px; padding:3px 3px 3px 3px">

<tr>

<td>FID</td>

<td>14</td>

</tr>

<tr bgcolor="#D4E4F3">

<td>OID_</td>

<td>0</td>

</tr>

<tr>

<td>Name</td>

<td>ODP KEC GATAK</td>

</tr>

<tr bgcolor="#D4E4F3">

<td>FolderPath</td>

<td>PEMKAB SUKOHARJO FIX/CLOSURE TUGU LILIN GAWOK TO ODP KEC GATAK</td>

</tr>

<tr>

<td>Fungsi</td>

<td>ODP</td>

</tr>

</table>

</td>

</tr>

</table>

</body>

</html>]]></description>
				<styleUrl>#IconStyle00030</styleUrl>
				<Point>
					<coordinates>110.7450172430001,-7.591038681999976,0</coordinates>
				</Point>
			</Placemark>
			<Placemark id="ID_00015">
				<name>CROSS</name>
				<Snippet maxLines="0"></Snippet>
				<description><![CDATA[<html xmlns:fo="http://www.w3.org/1999/XSL/Format" xmlns:msxsl="urn:schemas-microsoft-com:xslt">

<head>

<META http-equiv="Content-Type" content="text/html">

<meta http-equiv="content-type" content="text/html; charset=UTF-8">

</head>

<body style="margin:0px 0px 0px 0px;overflow:auto;background:#FFFFFF;">

<table style="font-family:Arial,Verdana,Times;font-size:12px;text-align:left;width:100%;border-collapse:collapse;padding:3px 3px 3px 3px">

<tr style="text-align:center;font-weight:bold;background:#9CBCE2">

<td>CROSS</td>

</tr>

<tr>

<td>

<table style="font-family:Arial,Verdana,Times;font-size:12px;text-align:left;width:100%;border-spacing:0px; padding:3px 3px 3px 3px">

<tr>

<td>FID</td>

<td>15</td>

</tr>

<tr bgcolor="#D4E4F3">

<td>OID_</td>

<td>0</td>

</tr>

<tr>

<td>Name</td>

<td>CROSS</td>

</tr>

<tr bgcolor="#D4E4F3">

<td>FolderPath</td>

<td>PEMKAB SUKOHARJO FIX/KEC GATAK TO CLOSURE KP ROTAN</td>

</tr>

<tr>

<td>Fungsi</td>

<td>Cross</td>

</tr>

</table>

</td>

</tr>

</table>

</body>

</html>]]></description>
				<styleUrl>#IconStyle00030</styleUrl>
				<Point>
					<coordinates>110.7512889030001,-7.584449315999963,0</coordinates>
				</Point>
			</Placemark>
			<Placemark id="ID_00016">
				<name>CROSS</name>
				<Snippet maxLines="0"></Snippet>
				<description><![CDATA[<html xmlns:fo="http://www.w3.org/1999/XSL/Format" xmlns:msxsl="urn:schemas-microsoft-com:xslt">

<head>

<META http-equiv="Content-Type" content="text/html">

<meta http-equiv="content-type" content="text/html; charset=UTF-8">

</head>

<body style="margin:0px 0px 0px 0px;overflow:auto;background:#FFFFFF;">

<table style="font-family:Arial,Verdana,Times;font-size:12px;text-align:left;width:100%;border-collapse:collapse;padding:3px 3px 3px 3px">

<tr style="text-align:center;font-weight:bold;background:#9CBCE2">

<td>CROSS</td>

</tr>

<tr>

<td>

<table style="font-family:Arial,Verdana,Times;font-size:12px;text-align:left;width:100%;border-spacing:0px; padding:3px 3px 3px 3px">

<tr>

<td>FID</td>

<td>16</td>

</tr>

<tr bgcolor="#D4E4F3">

<td>OID_</td>

<td>0</td>

</tr>

<tr>

<td>Name</td>

<td>CROSS</td>

</tr>

<tr bgcolor="#D4E4F3">

<td>FolderPath</td>

<td>PEMKAB SUKOHARJO FIX/KEC GATAK TO CLOSURE KP ROTAN</td>

</tr>

<tr>

<td>Fungsi</td>

<td>Cross</td>

</tr>

</table>

</td>

</tr>

</table>

</body>

</html>]]></description>
				<styleUrl>#IconStyle00030</styleUrl>
				<Point>
					<coordinates>110.751553658,-7.584730886999978,0</coordinates>
				</Point>
			</Placemark>
			<Placemark id="ID_00017">
				<name>CLOSURE KP ROTAN</name>
				<Snippet maxLines="0"></Snippet>
				<description><![CDATA[<html xmlns:fo="http://www.w3.org/1999/XSL/Format" xmlns:msxsl="urn:schemas-microsoft-com:xslt">

<head>

<META http-equiv="Content-Type" content="text/html">

<meta http-equiv="content-type" content="text/html; charset=UTF-8">

</head>

<body style="margin:0px 0px 0px 0px;overflow:auto;background:#FFFFFF;">

<table style="font-family:Arial,Verdana,Times;font-size:12px;text-align:left;width:100%;border-collapse:collapse;padding:3px 3px 3px 3px">

<tr style="text-align:center;font-weight:bold;background:#9CBCE2">

<td>CLOSURE KP ROTAN</td>

</tr>

<tr>

<td>

<table style="font-family:Arial,Verdana,Times;font-size:12px;text-align:left;width:100%;border-spacing:0px; padding:3px 3px 3px 3px">

<tr>

<td>FID</td>

<td>17</td>

</tr>

<tr bgcolor="#D4E4F3">

<td>OID_</td>

<td>0</td>

</tr>

<tr>

<td>Name</td>

<td>CLOSURE KP ROTAN</td>

</tr>

<tr bgcolor="#D4E4F3">

<td>FolderPath</td>

<td>PEMKAB SUKOHARJO FIX/KEC GATAK TO CLOSURE KP ROTAN</td>

</tr>

<tr>

<td>Fungsi</td>

<td>Closure</td>

</tr>

</table>

</td>

</tr>

</table>

</body>

</html>]]></description>
				<styleUrl>#IconStyle00030</styleUrl>
				<Point>
					<coordinates>110.7403415510001,-7.581814957999939,0</coordinates>
				</Point>
			</Placemark>
			<Placemark id="ID_00018">
				<name>CLOSURE ALKAUTSAR</name>
				<Snippet maxLines="0"></Snippet>
				<description><![CDATA[<html xmlns:fo="http://www.w3.org/1999/XSL/Format" xmlns:msxsl="urn:schemas-microsoft-com:xslt">

<head>

<META http-equiv="Content-Type" content="text/html">

<meta http-equiv="content-type" content="text/html; charset=UTF-8">

</head>

<body style="margin:0px 0px 0px 0px;overflow:auto;background:#FFFFFF;">

<table style="font-family:Arial,Verdana,Times;font-size:12px;text-align:left;width:100%;border-collapse:collapse;padding:3px 3px 3px 3px">

<tr style="text-align:center;font-weight:bold;background:#9CBCE2">

<td>CLOSURE ALKAUTSAR</td>

</tr>

<tr>

<td>

<table style="font-family:Arial,Verdana,Times;font-size:12px;text-align:left;width:100%;border-spacing:0px; padding:3px 3px 3px 3px">

<tr>

<td>FID</td>

<td>18</td>

</tr>

<tr bgcolor="#D4E4F3">

<td>OID_</td>

<td>0</td>

</tr>

<tr>

<td>Name</td>

<td>CLOSURE ALKAUTSAR</td>

</tr>

<tr bgcolor="#D4E4F3">

<td>FolderPath</td>

<td>PEMKAB SUKOHARJO FIX/CLOSURE KP ROTAN TO CLOSURE AL KAUTSAR</td>

</tr>

<tr>

<td>Fungsi</td>

<td>Closure</td>

</tr>

</table>

</td>

</tr>

</table>

</body>

</html>]]></description>
				<styleUrl>#IconStyle00030</styleUrl>
				<Point>
					<coordinates>110.7415427970001,-7.555095972999936,0</coordinates>
				</Point>
			</Placemark>
			<Placemark id="ID_00019">
				<name>ODP SIMPANG KARTOSURO</name>
				<Snippet maxLines="0"></Snippet>
				<description><![CDATA[<html xmlns:fo="http://www.w3.org/1999/XSL/Format" xmlns:msxsl="urn:schemas-microsoft-com:xslt">

<head>

<META http-equiv="Content-Type" content="text/html">

<meta http-equiv="content-type" content="text/html; charset=UTF-8">

</head>

<body style="margin:0px 0px 0px 0px;overflow:auto;background:#FFFFFF;">

<table style="font-family:Arial,Verdana,Times;font-size:12px;text-align:left;width:100%;border-collapse:collapse;padding:3px 3px 3px 3px">

<tr style="text-align:center;font-weight:bold;background:#9CBCE2">

<td>ODP SIMPANG KARTOSURO</td>

</tr>

<tr>

<td>

<table style="font-family:Arial,Verdana,Times;font-size:12px;text-align:left;width:100%;border-spacing:0px; padding:3px 3px 3px 3px">

<tr>

<td>FID</td>

<td>19</td>

</tr>

<tr bgcolor="#D4E4F3">

<td>OID_</td>

<td>0</td>

</tr>

<tr>

<td>Name</td>

<td>ODP SIMPANG KARTOSURO</td>

</tr>

<tr bgcolor="#D4E4F3">

<td>FolderPath</td>

<td>PEMKAB SUKOHARJO FIX/CLOSURE AL KAUTSAR TO ODP SIMPANG KARTOSURO</td>

</tr>

<tr>

<td>Fungsi</td>

<td>ODP</td>

</tr>

</table>

</td>

</tr>

</table>

</body>

</html>]]></description>
				<styleUrl>#IconStyle00030</styleUrl>
				<Point>
					<coordinates>110.7421621990001,-7.552467972999978,0</coordinates>
				</Point>
			</Placemark>
			<Placemark id="ID_00020">
				<name>ODP KEC KARTOSURO</name>
				<Snippet maxLines="0"></Snippet>
				<description><![CDATA[<html xmlns:fo="http://www.w3.org/1999/XSL/Format" xmlns:msxsl="urn:schemas-microsoft-com:xslt">

<head>

<META http-equiv="Content-Type" content="text/html">

<meta http-equiv="content-type" content="text/html; charset=UTF-8">

</head>

<body style="margin:0px 0px 0px 0px;overflow:auto;background:#FFFFFF;">

<table style="font-family:Arial,Verdana,Times;font-size:12px;text-align:left;width:100%;border-collapse:collapse;padding:3px 3px 3px 3px">

<tr style="text-align:center;font-weight:bold;background:#9CBCE2">

<td>ODP KEC KARTOSURO</td>

</tr>

<tr>

<td>

<table style="font-family:Arial,Verdana,Times;font-size:12px;text-align:left;width:100%;border-spacing:0px; padding:3px 3px 3px 3px">

<tr>

<td>FID</td>

<td>20</td>

</tr>

<tr bgcolor="#D4E4F3">

<td>OID_</td>

<td>0</td>

</tr>

<tr>

<td>Name</td>

<td>ODP KEC KARTOSURO</td>

</tr>

<tr bgcolor="#D4E4F3">

<td>FolderPath</td>

<td>PEMKAB SUKOHARJO FIX/ODP SIMPANG KARTOSURO TO ODP KEC KARTOSURO</td>

</tr>

<tr>

<td>Fungsi</td>

<td>ODP</td>

</tr>

</table>

</td>

</tr>

</table>

</body>

</html>]]></description>
				<styleUrl>#IconStyle00030</styleUrl>
				<Point>
					<coordinates>110.743814608,-7.547136366999951,0</coordinates>
				</Point>
			</Placemark>
			<Placemark id="ID_00021">
				<name>ODP SIMPANG 4 UNIVET</name>
				<Snippet maxLines="0"></Snippet>
				<description><![CDATA[<html xmlns:fo="http://www.w3.org/1999/XSL/Format" xmlns:msxsl="urn:schemas-microsoft-com:xslt">

<head>

<META http-equiv="Content-Type" content="text/html">

<meta http-equiv="content-type" content="text/html; charset=UTF-8">

</head>

<body style="margin:0px 0px 0px 0px;overflow:auto;background:#FFFFFF;">

<table style="font-family:Arial,Verdana,Times;font-size:12px;text-align:left;width:100%;border-collapse:collapse;padding:3px 3px 3px 3px">

<tr style="text-align:center;font-weight:bold;background:#9CBCE2">

<td>ODP SIMPANG 4 UNIVET</td>

</tr>

<tr>

<td>

<table style="font-family:Arial,Verdana,Times;font-size:12px;text-align:left;width:100%;border-spacing:0px; padding:3px 3px 3px 3px">

<tr>

<td>FID</td>

<td>21</td>

</tr>

<tr bgcolor="#D4E4F3">

<td>OID_</td>

<td>0</td>

</tr>

<tr>

<td>Name</td>

<td>ODP SIMPANG 4 UNIVET</td>

</tr>

<tr bgcolor="#D4E4F3">

<td>FolderPath</td>

<td>PEMKAB SUKOHARJO FIX/GEDUNG WIJAYA TO CLOSURE JETIS</td>

</tr>

<tr>

<td>Fungsi</td>

<td>ODP</td>

</tr>

</table>

</td>

</tr>

</table>

</body>

</html>]]></description>
				<styleUrl>#IconStyle00030</styleUrl>
				<Point>
					<coordinates>110.8368647720001,-7.666170464999937,0</coordinates>
				</Point>
			</Placemark>
			<Placemark id="ID_00022">
				<name>CLOSURE SIMPANG JETIS</name>
				<Snippet maxLines="0"></Snippet>
				<description><![CDATA[<html xmlns:fo="http://www.w3.org/1999/XSL/Format" xmlns:msxsl="urn:schemas-microsoft-com:xslt">

<head>

<META http-equiv="Content-Type" content="text/html">

<meta http-equiv="content-type" content="text/html; charset=UTF-8">

</head>

<body style="margin:0px 0px 0px 0px;overflow:auto;background:#FFFFFF;">

<table style="font-family:Arial,Verdana,Times;font-size:12px;text-align:left;width:100%;border-collapse:collapse;padding:3px 3px 3px 3px">

<tr style="text-align:center;font-weight:bold;background:#9CBCE2">

<td>CLOSURE SIMPANG JETIS</td>

</tr>

<tr>

<td>

<table style="font-family:Arial,Verdana,Times;font-size:12px;text-align:left;width:100%;border-spacing:0px; padding:3px 3px 3px 3px">

<tr>

<td>FID</td>

<td>22</td>

</tr>

<tr bgcolor="#D4E4F3">

<td>OID_</td>

<td>0</td>

</tr>

<tr>

<td>Name</td>

<td>CLOSURE SIMPANG JETIS</td>

</tr>

<tr bgcolor="#D4E4F3">

<td>FolderPath</td>

<td>PEMKAB SUKOHARJO FIX/GEDUNG WIJAYA TO CLOSURE JETIS</td>

</tr>

<tr>

<td>Fungsi</td>

<td>Closure</td>

</tr>

</table>

</td>

</tr>

</table>

</body>

</html>]]></description>
				<styleUrl>#IconStyle00030</styleUrl>
				<Point>
					<coordinates>110.8321294830001,-7.681375676999949,0</coordinates>
				</Point>
			</Placemark>
			<Placemark id="ID_00023">
				<name>ODP PASAR CUPLIK</name>
				<Snippet maxLines="0"></Snippet>
				<description><![CDATA[<html xmlns:fo="http://www.w3.org/1999/XSL/Format" xmlns:msxsl="urn:schemas-microsoft-com:xslt">

<head>

<META http-equiv="Content-Type" content="text/html">

<meta http-equiv="content-type" content="text/html; charset=UTF-8">

</head>

<body style="margin:0px 0px 0px 0px;overflow:auto;background:#FFFFFF;">

<table style="font-family:Arial,Verdana,Times;font-size:12px;text-align:left;width:100%;border-collapse:collapse;padding:3px 3px 3px 3px">

<tr style="text-align:center;font-weight:bold;background:#9CBCE2">

<td>ODP PASAR CUPLIK</td>

</tr>

<tr>

<td>

<table style="font-family:Arial,Verdana,Times;font-size:12px;text-align:left;width:100%;border-spacing:0px; padding:3px 3px 3px 3px">

<tr>

<td>FID</td>

<td>23</td>

</tr>

<tr bgcolor="#D4E4F3">

<td>OID_</td>

<td>0</td>

</tr>

<tr>

<td>Name</td>

<td>ODP PASAR CUPLIK</td>

</tr>

<tr bgcolor="#D4E4F3">

<td>FolderPath</td>

<td>PEMKAB SUKOHARJO FIX/CLOSURE SIMPANG JETIS TO ODP PASAR CUPLIK</td>

</tr>

<tr>

<td>Fungsi</td>

<td>ODP</td>

</tr>

</table>

</td>

</tr>

</table>

</body>

</html>]]></description>
				<styleUrl>#IconStyle00030</styleUrl>
				<Point>
					<coordinates>110.7977094600001,-7.677166933999956,0</coordinates>
				</Point>
			</Placemark>
			<Placemark id="ID_00024">
				<name>ODP TAMAN WIJAYA KUSUMA</name>
				<Snippet maxLines="0"></Snippet>
				<description><![CDATA[<html xmlns:fo="http://www.w3.org/1999/XSL/Format" xmlns:msxsl="urn:schemas-microsoft-com:xslt">

<head>

<META http-equiv="Content-Type" content="text/html">

<meta http-equiv="content-type" content="text/html; charset=UTF-8">

</head>

<body style="margin:0px 0px 0px 0px;overflow:auto;background:#FFFFFF;">

<table style="font-family:Arial,Verdana,Times;font-size:12px;text-align:left;width:100%;border-collapse:collapse;padding:3px 3px 3px 3px">

<tr style="text-align:center;font-weight:bold;background:#9CBCE2">

<td>ODP TAMAN WIJAYA KUSUMA</td>

</tr>

<tr>

<td>

<table style="font-family:Arial,Verdana,Times;font-size:12px;text-align:left;width:100%;border-spacing:0px; padding:3px 3px 3px 3px">

<tr>

<td>FID</td>

<td>24</td>

</tr>

<tr bgcolor="#D4E4F3">

<td>OID_</td>

<td>0</td>

</tr>

<tr>

<td>Name</td>

<td>ODP TAMAN WIJAYA KUSUMA</td>

</tr>

<tr bgcolor="#D4E4F3">

<td>FolderPath</td>

<td>PEMKAB SUKOHARJO FIX/ODP PASAR CUPLIK TO ODP TAMAN WIJAYA</td>

</tr>

<tr>

<td>Fungsi</td>

<td>ODP</td>

</tr>

</table>

</td>

</tr>

</table>

</body>

</html>]]></description>
				<styleUrl>#IconStyle00030</styleUrl>
				<Point>
					<coordinates>110.7986800000001,-7.648759999999982,0</coordinates>
				</Point>
			</Placemark>
			<Placemark id="ID_00025">
				<name>CLOSURE KENEP</name>
				<Snippet maxLines="0"></Snippet>
				<description><![CDATA[<html xmlns:fo="http://www.w3.org/1999/XSL/Format" xmlns:msxsl="urn:schemas-microsoft-com:xslt">

<head>

<META http-equiv="Content-Type" content="text/html">

<meta http-equiv="content-type" content="text/html; charset=UTF-8">

</head>

<body style="margin:0px 0px 0px 0px;overflow:auto;background:#FFFFFF;">

<table style="font-family:Arial,Verdana,Times;font-size:12px;text-align:left;width:100%;border-collapse:collapse;padding:3px 3px 3px 3px">

<tr style="text-align:center;font-weight:bold;background:#9CBCE2">

<td>CLOSURE KENEP</td>

</tr>

<tr>

<td>

<table style="font-family:Arial,Verdana,Times;font-size:12px;text-align:left;width:100%;border-spacing:0px; padding:3px 3px 3px 3px">

<tr>

<td>FID</td>

<td>25</td>

</tr>

<tr bgcolor="#D4E4F3">

<td>OID_</td>

<td>0</td>

</tr>

<tr>

<td>Name</td>

<td>CLOSURE KENEP</td>

</tr>

<tr bgcolor="#D4E4F3">

<td>FolderPath</td>

<td>PEMKAB SUKOHARJO FIX/CLOSURE JETIS TO CLOSURE KENEP</td>

</tr>

<tr>

<td>Fungsi</td>

<td>Closure</td>

</tr>

</table>

</td>

</tr>

</table>

</body>

</html>]]></description>
				<styleUrl>#IconStyle00030</styleUrl>
				<Point>
					<coordinates>110.8163469960001,-7.711358447999941,0</coordinates>
				</Point>
			</Placemark>
			<Placemark id="ID_00026">
				<name>CLOSURE TENGKLIK</name>
				<Snippet maxLines="0"></Snippet>
				<description><![CDATA[<html xmlns:fo="http://www.w3.org/1999/XSL/Format" xmlns:msxsl="urn:schemas-microsoft-com:xslt">

<head>

<META http-equiv="Content-Type" content="text/html">

<meta http-equiv="content-type" content="text/html; charset=UTF-8">

</head>

<body style="margin:0px 0px 0px 0px;overflow:auto;background:#FFFFFF;">

<table style="font-family:Arial,Verdana,Times;font-size:12px;text-align:left;width:100%;border-collapse:collapse;padding:3px 3px 3px 3px">

<tr style="text-align:center;font-weight:bold;background:#9CBCE2">

<td>CLOSURE TENGKLIK</td>

</tr>

<tr>

<td>

<table style="font-family:Arial,Verdana,Times;font-size:12px;text-align:left;width:100%;border-spacing:0px; padding:3px 3px 3px 3px">

<tr>

<td>FID</td>

<td>26</td>

</tr>

<tr bgcolor="#D4E4F3">

<td>OID_</td>

<td>0</td>

</tr>

<tr>

<td>Name</td>

<td>CLOSURE TENGKLIK</td>

</tr>

<tr bgcolor="#D4E4F3">

<td>FolderPath</td>

<td>PEMKAB SUKOHARJO FIX/ODP KEC TW SARI TO CLOSURE TENGKLIK</td>

</tr>

<tr>

<td>Fungsi</td>

<td>Closure</td>

</tr>

</table>

</td>

</tr>

</table>

</body>

</html>]]></description>
				<styleUrl>#IconStyle00030</styleUrl>
				<Point>
					<coordinates>110.7675514310001,-7.746232607999956,0</coordinates>
				</Point>
			</Placemark>
			<Placemark id="ID_00027">
				<name>ODP KEC WERU</name>
				<Snippet maxLines="0"></Snippet>
				<description><![CDATA[<html xmlns:fo="http://www.w3.org/1999/XSL/Format" xmlns:msxsl="urn:schemas-microsoft-com:xslt">

<head>

<META http-equiv="Content-Type" content="text/html">

<meta http-equiv="content-type" content="text/html; charset=UTF-8">

</head>

<body style="margin:0px 0px 0px 0px;overflow:auto;background:#FFFFFF;">

<table style="font-family:Arial,Verdana,Times;font-size:12px;text-align:left;width:100%;border-collapse:collapse;padding:3px 3px 3px 3px">

<tr style="text-align:center;font-weight:bold;background:#9CBCE2">

<td>ODP KEC WERU</td>

</tr>

<tr>

<td>

<table style="font-family:Arial,Verdana,Times;font-size:12px;text-align:left;width:100%;border-spacing:0px; padding:3px 3px 3px 3px">

<tr>

<td>FID</td>

<td>27</td>

</tr>

<tr bgcolor="#D4E4F3">

<td>OID_</td>

<td>0</td>

</tr>

<tr>

<td>Name</td>

<td>ODP KEC WERU</td>

</tr>

<tr bgcolor="#D4E4F3">

<td>FolderPath</td>

<td>PEMKAB SUKOHARJO FIX/CLOSURE TENGKLIK TO ODP KEC WERU</td>

</tr>

<tr>

<td>Fungsi</td>

<td>ODP</td>

</tr>

</table>

</td>

</tr>

</table>

</body>

</html>]]></description>
				<styleUrl>#IconStyle00030</styleUrl>
				<Point>
					<coordinates>110.7599912640001,-7.759376909999957,0</coordinates>
				</Point>
			</Placemark>
			<Placemark id="ID_00028">
				<name>CLOSURE NGUTRAN</name>
				<Snippet maxLines="0"></Snippet>
				<description><![CDATA[<html xmlns:fo="http://www.w3.org/1999/XSL/Format" xmlns:msxsl="urn:schemas-microsoft-com:xslt">

<head>

<META http-equiv="Content-Type" content="text/html">

<meta http-equiv="content-type" content="text/html; charset=UTF-8">

</head>

<body style="margin:0px 0px 0px 0px;overflow:auto;background:#FFFFFF;">

<table style="font-family:Arial,Verdana,Times;font-size:12px;text-align:left;width:100%;border-collapse:collapse;padding:3px 3px 3px 3px">

<tr style="text-align:center;font-weight:bold;background:#9CBCE2">

<td>CLOSURE NGUTRAN</td>

</tr>

<tr>

<td>

<table style="font-family:Arial,Verdana,Times;font-size:12px;text-align:left;width:100%;border-spacing:0px; padding:3px 3px 3px 3px">

<tr>

<td>FID</td>

<td>28</td>

</tr>

<tr bgcolor="#D4E4F3">

<td>OID_</td>

<td>0</td>

</tr>

<tr>

<td>Name</td>

<td>CLOSURE NGUTRAN</td>

</tr>

<tr bgcolor="#D4E4F3">

<td>FolderPath</td>

<td>PEMKAB SUKOHARJO FIX/ODP TW SARI TO CLOSURE NGUTRAN</td>

</tr>

<tr>

<td>Fungsi</td>

<td>Closure</td>

</tr>

</table>

</td>

</tr>

</table>

</body>

</html>]]></description>
				<styleUrl>#IconStyle00030</styleUrl>
				<Point>
					<coordinates>110.814139492,-7.753317043999971,0</coordinates>
				</Point>
			</Placemark>
			<Placemark id="ID_00029">
				<name>ODP KEC TAWANGSARI</name>
				<Snippet maxLines="0"></Snippet>
				<description><![CDATA[<html xmlns:fo="http://www.w3.org/1999/XSL/Format" xmlns:msxsl="urn:schemas-microsoft-com:xslt">

<head>

<META http-equiv="Content-Type" content="text/html">

<meta http-equiv="content-type" content="text/html; charset=UTF-8">

</head>

<body style="margin:0px 0px 0px 0px;overflow:auto;background:#FFFFFF;">

<table style="font-family:Arial,Verdana,Times;font-size:12px;text-align:left;width:100%;border-collapse:collapse;padding:3px 3px 3px 3px">

<tr style="text-align:center;font-weight:bold;background:#9CBCE2">

<td>ODP KEC TAWANGSARI</td>

</tr>

<tr>

<td>

<table style="font-family:Arial,Verdana,Times;font-size:12px;text-align:left;width:100%;border-spacing:0px; padding:3px 3px 3px 3px">

<tr>

<td>FID</td>

<td>29</td>

</tr>

<tr bgcolor="#D4E4F3">

<td>OID_</td>

<td>0</td>

</tr>

<tr>

<td>Name</td>

<td>ODP KEC TAWANGSARI</td>

</tr>

<tr bgcolor="#D4E4F3">

<td>FolderPath</td>

<td>PEMKAB SUKOHARJO FIX/ODP TW SARI TO CLOSURE NGUTRAN</td>

</tr>

<tr>

<td>Fungsi</td>

<td>ODP</td>

</tr>

</table>

</td>

</tr>

</table>

</body>

</html>]]></description>
				<styleUrl>#IconStyle00030</styleUrl>
				<Point>
					<coordinates>110.7971099000001,-7.734998316999963,0</coordinates>
				</Point>
			</Placemark>
			<Placemark id="ID_00030">
				<name>ODP KEC BULU</name>
				<Snippet maxLines="0"></Snippet>
				<description><![CDATA[<html xmlns:fo="http://www.w3.org/1999/XSL/Format" xmlns:msxsl="urn:schemas-microsoft-com:xslt">

<head>

<META http-equiv="Content-Type" content="text/html">

<meta http-equiv="content-type" content="text/html; charset=UTF-8">

</head>

<body style="margin:0px 0px 0px 0px;overflow:auto;background:#FFFFFF;">

<table style="font-family:Arial,Verdana,Times;font-size:12px;text-align:left;width:100%;border-collapse:collapse;padding:3px 3px 3px 3px">

<tr style="text-align:center;font-weight:bold;background:#9CBCE2">

<td>ODP KEC BULU</td>

</tr>

<tr>

<td>

<table style="font-family:Arial,Verdana,Times;font-size:12px;text-align:left;width:100%;border-spacing:0px; padding:3px 3px 3px 3px">

<tr>

<td>FID</td>

<td>30</td>

</tr>

<tr bgcolor="#D4E4F3">

<td>OID_</td>

<td>0</td>

</tr>

<tr>

<td>Name</td>

<td>ODP KEC BULU</td>

</tr>

<tr bgcolor="#D4E4F3">

<td>FolderPath</td>

<td>PEMKAB SUKOHARJO FIX/CLOSURE NGUTRAN TO ODP KEC BULU</td>

</tr>

<tr>

<td>Fungsi</td>

<td>ODP</td>

</tr>

</table>

</td>

</tr>

</table>

</body>

</html>]]></description>
				<styleUrl>#IconStyle00030</styleUrl>
				<Point>
					<coordinates>110.8330338740001,-7.765162797999949,0</coordinates>
				</Point>
			</Placemark>
			<Placemark id="ID_00031">
				<name>ODP SIMPANG TENTARA PELAJAR</name>
				<Snippet maxLines="0"></Snippet>
				<description><![CDATA[<html xmlns:fo="http://www.w3.org/1999/XSL/Format" xmlns:msxsl="urn:schemas-microsoft-com:xslt">

<head>

<META http-equiv="Content-Type" content="text/html">

<meta http-equiv="content-type" content="text/html; charset=UTF-8">

</head>

<body style="margin:0px 0px 0px 0px;overflow:auto;background:#FFFFFF;">

<table style="font-family:Arial,Verdana,Times;font-size:12px;text-align:left;width:100%;border-collapse:collapse;padding:3px 3px 3px 3px">

<tr style="text-align:center;font-weight:bold;background:#9CBCE2">

<td>ODP SIMPANG TENTARA PELAJAR</td>

</tr>

<tr>

<td>

<table style="font-family:Arial,Verdana,Times;font-size:12px;text-align:left;width:100%;border-spacing:0px; padding:3px 3px 3px 3px">

<tr>

<td>FID</td>

<td>31</td>

</tr>

<tr bgcolor="#D4E4F3">

<td>OID_</td>

<td>0</td>

</tr>

<tr>

<td>Name</td>

<td>ODP SIMPANG TENTARA PELAJAR</td>

</tr>

<tr bgcolor="#D4E4F3">

<td>FolderPath</td>

<td>PEMKAB SUKOHARJO FIX/GEDUNG WIJAYA TO TENTARA PELAJAR TO DINAS KERSIPAN TO DINAS SOSIAL/GEDUNG WIJAYA TO ODP TENTARA PELAJAR</td>

</tr>

<tr>

<td>Fungsi</td>

<td>ODP</td>

</tr>

</table>

</td>

</tr>

</table>

</body>

</html>]]></description>
				<styleUrl>#IconStyle00030</styleUrl>
				<Point>
					<coordinates>110.83925758,-7.672807066999951,0</coordinates>
				</Point>
			</Placemark>
			<Placemark id="ID_00032">
				<name>ODP DINAS KEARSIPAN PERPUSTAKAAN</name>
				<Snippet maxLines="0"></Snippet>
				<description><![CDATA[<html xmlns:fo="http://www.w3.org/1999/XSL/Format" xmlns:msxsl="urn:schemas-microsoft-com:xslt">

<head>

<META http-equiv="Content-Type" content="text/html">

<meta http-equiv="content-type" content="text/html; charset=UTF-8">

</head>

<body style="margin:0px 0px 0px 0px;overflow:auto;background:#FFFFFF;">

<table style="font-family:Arial,Verdana,Times;font-size:12px;text-align:left;width:100%;border-collapse:collapse;padding:3px 3px 3px 3px">

<tr style="text-align:center;font-weight:bold;background:#9CBCE2">

<td>ODP DINAS KEARSIPAN PERPUSTAKAAN</td>

</tr>

<tr>

<td>

<table style="font-family:Arial,Verdana,Times;font-size:12px;text-align:left;width:100%;border-spacing:0px; padding:3px 3px 3px 3px">

<tr>

<td>FID</td>

<td>32</td>

</tr>

<tr bgcolor="#D4E4F3">

<td>OID_</td>

<td>0</td>

</tr>

<tr>

<td>Name</td>

<td>ODP DINAS KEARSIPAN PERPUSTAKAAN</td>

</tr>

<tr bgcolor="#D4E4F3">

<td>FolderPath</td>

<td>PEMKAB SUKOHARJO FIX/GEDUNG WIJAYA TO TENTARA PELAJAR TO DINAS KERSIPAN TO DINAS SOSIAL/ODP TENTARA PELAJAR TO ODP DINAS KEARSIPAN</td>

</tr>

<tr>

<td>Fungsi</td>

<td>ODP</td>

</tr>

</table>

</td>

</tr>

</table>

</body>

</html>]]></description>
				<styleUrl>#IconStyle00030</styleUrl>
				<Point>
					<coordinates>110.843232206,-7.683321108999962,0</coordinates>
				</Point>
			</Placemark>
			<Placemark id="ID_00033">
				<name>ODP DINAS SOSIAL</name>
				<Snippet maxLines="0"></Snippet>
				<description><![CDATA[<html xmlns:fo="http://www.w3.org/1999/XSL/Format" xmlns:msxsl="urn:schemas-microsoft-com:xslt">

<head>

<META http-equiv="Content-Type" content="text/html">

<meta http-equiv="content-type" content="text/html; charset=UTF-8">

</head>

<body style="margin:0px 0px 0px 0px;overflow:auto;background:#FFFFFF;">

<table style="font-family:Arial,Verdana,Times;font-size:12px;text-align:left;width:100%;border-collapse:collapse;padding:3px 3px 3px 3px">

<tr style="text-align:center;font-weight:bold;background:#9CBCE2">

<td>ODP DINAS SOSIAL</td>

</tr>

<tr>

<td>

<table style="font-family:Arial,Verdana,Times;font-size:12px;text-align:left;width:100%;border-spacing:0px; padding:3px 3px 3px 3px">

<tr>

<td>FID</td>

<td>33</td>

</tr>

<tr bgcolor="#D4E4F3">

<td>OID_</td>

<td>0</td>

</tr>

<tr>

<td>Name</td>

<td>ODP DINAS SOSIAL</td>

</tr>

<tr bgcolor="#D4E4F3">

<td>FolderPath</td>

<td>PEMKAB SUKOHARJO FIX/GEDUNG WIJAYA TO TENTARA PELAJAR TO DINAS KERSIPAN TO DINAS SOSIAL/ODP DINAS KEARSIPAN TO ODP DINAS SOSIAL</td>

</tr>

<tr>

<td>Fungsi</td>

<td>ODP</td>

</tr>

</table>

</td>

</tr>

</table>

</body>

</html>]]></description>
				<styleUrl>#IconStyle00030</styleUrl>
				<Point>
					<coordinates>110.8332606290001,-7.681471024999951,0</coordinates>
				</Point>
			</Placemark>
			<Placemark id="ID_00034">
				<name>ODP DINAS KESEHATAN</name>
				<Snippet maxLines="0"></Snippet>
				<description><![CDATA[<html xmlns:fo="http://www.w3.org/1999/XSL/Format" xmlns:msxsl="urn:schemas-microsoft-com:xslt">

<head>

<META http-equiv="Content-Type" content="text/html">

<meta http-equiv="content-type" content="text/html; charset=UTF-8">

</head>

<body style="margin:0px 0px 0px 0px;overflow:auto;background:#FFFFFF;">

<table style="font-family:Arial,Verdana,Times;font-size:12px;text-align:left;width:100%;border-collapse:collapse;padding:3px 3px 3px 3px">

<tr style="text-align:center;font-weight:bold;background:#9CBCE2">

<td>ODP DINAS KESEHATAN</td>

</tr>

<tr>

<td>

<table style="font-family:Arial,Verdana,Times;font-size:12px;text-align:left;width:100%;border-spacing:0px; padding:3px 3px 3px 3px">

<tr>

<td>FID</td>

<td>34</td>

</tr>

<tr bgcolor="#D4E4F3">

<td>OID_</td>

<td>0</td>

</tr>

<tr>

<td>Name</td>

<td>ODP DINAS KESEHATAN</td>

</tr>

<tr bgcolor="#D4E4F3">

<td>FolderPath</td>

<td>PEMKAB SUKOHARJO FIX/DINAS KEARSIPAN TO DINAS KESEHATAN TO POLSEK BENDOSARI/ODP DINAS KEARSIPAN TO ODP DINAS KESEHATAN</td>

</tr>

<tr>

<td>Fungsi</td>

<td>ODP</td>

</tr>

</table>

</td>

</tr>

</table>

</body>

</html>]]></description>
				<styleUrl>#IconStyle00030</styleUrl>
				<Point>
					<coordinates>110.8500289350001,-7.684670282999946,0</coordinates>
				</Point>
			</Placemark>
			<Placemark id="ID_00035">
				<name>ODP POLSEK BENDOSARI</name>
				<Snippet maxLines="0"></Snippet>
				<description><![CDATA[<html xmlns:fo="http://www.w3.org/1999/XSL/Format" xmlns:msxsl="urn:schemas-microsoft-com:xslt">

<head>

<META http-equiv="Content-Type" content="text/html">

<meta http-equiv="content-type" content="text/html; charset=UTF-8">

</head>

<body style="margin:0px 0px 0px 0px;overflow:auto;background:#FFFFFF;">

<table style="font-family:Arial,Verdana,Times;font-size:12px;text-align:left;width:100%;border-collapse:collapse;padding:3px 3px 3px 3px">

<tr style="text-align:center;font-weight:bold;background:#9CBCE2">

<td>ODP POLSEK BENDOSARI</td>

</tr>

<tr>

<td>

<table style="font-family:Arial,Verdana,Times;font-size:12px;text-align:left;width:100%;border-spacing:0px; padding:3px 3px 3px 3px">

<tr>

<td>FID</td>

<td>35</td>

</tr>

<tr bgcolor="#D4E4F3">

<td>OID_</td>

<td>0</td>

</tr>

<tr>

<td>Name</td>

<td>ODP POLSEK BENDOSARI</td>

</tr>

<tr bgcolor="#D4E4F3">

<td>FolderPath</td>

<td>PEMKAB SUKOHARJO FIX/DINAS KEARSIPAN TO DINAS KESEHATAN TO POLSEK BENDOSARI/ODP DINAS KESEHATAN TO ODP POLSEK BENDOSARI</td>

</tr>

<tr>

<td>Fungsi</td>

<td>ODP</td>

</tr>

</table>

</td>

</tr>

</table>

</body>

</html>]]></description>
				<styleUrl>#IconStyle00030</styleUrl>
				<Point>
					<coordinates>110.87374643,-7.692156833999945,0</coordinates>
				</Point>
			</Placemark>
			<Placemark id="ID_00036">
				<name>ODP KELURAHAN BEGAJAH</name>
				<Snippet maxLines="0"></Snippet>
				<description><![CDATA[<html xmlns:fo="http://www.w3.org/1999/XSL/Format" xmlns:msxsl="urn:schemas-microsoft-com:xslt">

<head>

<META http-equiv="Content-Type" content="text/html">

<meta http-equiv="content-type" content="text/html; charset=UTF-8">

</head>

<body style="margin:0px 0px 0px 0px;overflow:auto;background:#FFFFFF;">

<table style="font-family:Arial,Verdana,Times;font-size:12px;text-align:left;width:100%;border-collapse:collapse;padding:3px 3px 3px 3px">

<tr style="text-align:center;font-weight:bold;background:#9CBCE2">

<td>ODP KELURAHAN BEGAJAH</td>

</tr>

<tr>

<td>

<table style="font-family:Arial,Verdana,Times;font-size:12px;text-align:left;width:100%;border-spacing:0px; padding:3px 3px 3px 3px">

<tr>

<td>FID</td>

<td>36</td>

</tr>

<tr bgcolor="#D4E4F3">

<td>OID_</td>

<td>0</td>

</tr>

<tr>

<td>Name</td>

<td>ODP KELURAHAN BEGAJAH</td>

</tr>

<tr bgcolor="#D4E4F3">

<td>FolderPath</td>

<td>PEMKAB SUKOHARJO FIX/ODP DINAS KEARSIPAN TO ODP BEGAJAH</td>

</tr>

<tr>

<td>Fungsi</td>

<td>ODP</td>

</tr>

</table>

</td>

</tr>

</table>

</body>

</html>]]></description>
				<styleUrl>#IconStyle00030</styleUrl>
				<Point>
					<coordinates>110.8546944230001,-7.703847938999957,0</coordinates>
				</Point>
			</Placemark>
			<Placemark id="ID_00037">
				<name>CLOSURE BEGAJAH</name>
				<Snippet maxLines="0"></Snippet>
				<description><![CDATA[<html xmlns:fo="http://www.w3.org/1999/XSL/Format" xmlns:msxsl="urn:schemas-microsoft-com:xslt">

<head>

<META http-equiv="Content-Type" content="text/html">

<meta http-equiv="content-type" content="text/html; charset=UTF-8">

</head>

<body style="margin:0px 0px 0px 0px;overflow:auto;background:#FFFFFF;">

<table style="font-family:Arial,Verdana,Times;font-size:12px;text-align:left;width:100%;border-collapse:collapse;padding:3px 3px 3px 3px">

<tr style="text-align:center;font-weight:bold;background:#9CBCE2">

<td>CLOSURE BEGAJAH</td>

</tr>

<tr>

<td>

<table style="font-family:Arial,Verdana,Times;font-size:12px;text-align:left;width:100%;border-spacing:0px; padding:3px 3px 3px 3px">

<tr>

<td>FID</td>

<td>37</td>

</tr>

<tr bgcolor="#D4E4F3">

<td>OID_</td>

<td>0</td>

</tr>

<tr>

<td>Name</td>

<td>CLOSURE BEGAJAH</td>

</tr>

<tr bgcolor="#D4E4F3">

<td>FolderPath</td>

<td>PEMKAB SUKOHARJO FIX/ODP KEL BEGAJAH TO CLOSURE SONGGORUNGGI</td>

</tr>

<tr>

<td>Fungsi</td>

<td>Closure</td>

</tr>

</table>

</td>

</tr>

</table>

</body>

</html>]]></description>
				<styleUrl>#IconStyle00030</styleUrl>
				<Point>
					<coordinates>110.8603798190001,-7.71287429299997,0</coordinates>
				</Point>
			</Placemark>
			<Placemark id="ID_00038">
				<name>CLOSURE SONGGORUNGGI</name>
				<Snippet maxLines="0"></Snippet>
				<description><![CDATA[<html xmlns:fo="http://www.w3.org/1999/XSL/Format" xmlns:msxsl="urn:schemas-microsoft-com:xslt">

<head>

<META http-equiv="Content-Type" content="text/html">

<meta http-equiv="content-type" content="text/html; charset=UTF-8">

</head>

<body style="margin:0px 0px 0px 0px;overflow:auto;background:#FFFFFF;">

<table style="font-family:Arial,Verdana,Times;font-size:12px;text-align:left;width:100%;border-collapse:collapse;padding:3px 3px 3px 3px">

<tr style="text-align:center;font-weight:bold;background:#9CBCE2">

<td>CLOSURE SONGGORUNGGI</td>

</tr>

<tr>

<td>

<table style="font-family:Arial,Verdana,Times;font-size:12px;text-align:left;width:100%;border-spacing:0px; padding:3px 3px 3px 3px">

<tr>

<td>FID</td>

<td>38</td>

</tr>

<tr bgcolor="#D4E4F3">

<td>OID_</td>

<td>0</td>

</tr>

<tr>

<td>Name</td>

<td>CLOSURE SONGGORUNGGI</td>

</tr>

<tr bgcolor="#D4E4F3">

<td>FolderPath</td>

<td>PEMKAB SUKOHARJO FIX/ODP KEL BEGAJAH TO CLOSURE SONGGORUNGGI</td>

</tr>

<tr>

<td>Fungsi</td>

<td>Closure</td>

</tr>

</table>

</td>

</tr>

</table>

</body>

</html>]]></description>
				<styleUrl>#IconStyle00030</styleUrl>
				<Point>
					<coordinates>110.8628020390001,-7.717728605999981,0</coordinates>
				</Point>
			</Placemark>
			<Placemark id="ID_00039">
				<name>ODP KANTOR DESA NGUTER</name>
				<Snippet maxLines="0"></Snippet>
				<description><![CDATA[<html xmlns:fo="http://www.w3.org/1999/XSL/Format" xmlns:msxsl="urn:schemas-microsoft-com:xslt">

<head>

<META http-equiv="Content-Type" content="text/html">

<meta http-equiv="content-type" content="text/html; charset=UTF-8">

</head>

<body style="margin:0px 0px 0px 0px;overflow:auto;background:#FFFFFF;">

<table style="font-family:Arial,Verdana,Times;font-size:12px;text-align:left;width:100%;border-collapse:collapse;padding:3px 3px 3px 3px">

<tr style="text-align:center;font-weight:bold;background:#9CBCE2">

<td>ODP KANTOR DESA NGUTER</td>

</tr>

<tr>

<td>

<table style="font-family:Arial,Verdana,Times;font-size:12px;text-align:left;width:100%;border-spacing:0px; padding:3px 3px 3px 3px">

<tr>

<td>FID</td>

<td>39</td>

</tr>

<tr bgcolor="#D4E4F3">

<td>OID_</td>

<td>0</td>

</tr>

<tr>

<td>Name</td>

<td>ODP KANTOR DESA NGUTER</td>

</tr>

<tr bgcolor="#D4E4F3">

<td>FolderPath</td>

<td>PEMKAB SUKOHARJO FIX/CLOSURE SONGGORUNGGI TO ODP DESA NGUTER</td>

</tr>

<tr>

<td>Fungsi</td>

<td>ODP</td>

</tr>

</table>

</td>

</tr>

</table>

</body>

</html>]]></description>
				<styleUrl>#IconStyle00030</styleUrl>
				<Point>
					<coordinates>110.8705406680001,-7.732520934999969,0</coordinates>
				</Point>
			</Placemark>
			<Placemark id="ID_00040">
				<name>ODP SIMPANG KRETEK NAMBANGAN</name>
				<Snippet maxLines="0"></Snippet>
				<description><![CDATA[<html xmlns:fo="http://www.w3.org/1999/XSL/Format" xmlns:msxsl="urn:schemas-microsoft-com:xslt">

<head>

<META http-equiv="Content-Type" content="text/html">

<meta http-equiv="content-type" content="text/html; charset=UTF-8">

</head>

<body style="margin:0px 0px 0px 0px;overflow:auto;background:#FFFFFF;">

<table style="font-family:Arial,Verdana,Times;font-size:12px;text-align:left;width:100%;border-collapse:collapse;padding:3px 3px 3px 3px">

<tr style="text-align:center;font-weight:bold;background:#9CBCE2">

<td>ODP SIMPANG KRETEK NAMBANGAN</td>

</tr>

<tr>

<td>

<table style="font-family:Arial,Verdana,Times;font-size:12px;text-align:left;width:100%;border-spacing:0px; padding:3px 3px 3px 3px">

<tr>

<td>FID</td>

<td>40</td>

</tr>

<tr bgcolor="#D4E4F3">

<td>OID_</td>

<td>0</td>

</tr>

<tr>

<td>Name</td>

<td>ODP SIMPANG KRETEK NAMBANGAN</td>

</tr>

<tr bgcolor="#D4E4F3">

<td>FolderPath</td>

<td>PEMKAB SUKOHARJO FIX/ODP DESA NGUTER TO ODP KRETEK NAMBANGAN</td>

</tr>

<tr>

<td>Fungsi</td>

<td>ODP</td>

</tr>

</table>

</td>

</tr>

</table>

</body>

</html>]]></description>
				<styleUrl>#IconStyle00030</styleUrl>
				<Point>
					<coordinates>110.8799465100001,-7.746594208999966,0</coordinates>
				</Point>
			</Placemark>
		</Folder>
		<Folder id="FeatureLayer3">
			<name>Jaringan_Tersambung_Tahap_1</name>
			<Snippet maxLines="0"></Snippet>
			<Placemark id="ID_30000">
				<name>ODP DESA NGUTER TO ONT KEC NGUTER</name>
				<Snippet maxLines="0"></Snippet>
				<description><![CDATA[<html xmlns:fo="http://www.w3.org/1999/XSL/Format" xmlns:msxsl="urn:schemas-microsoft-com:xslt">

<head>

<META http-equiv="Content-Type" content="text/html">

<meta http-equiv="content-type" content="text/html; charset=UTF-8">

</head>

<body style="margin:0px 0px 0px 0px;overflow:auto;background:#FFFFFF;">

<table style="font-family:Arial,Verdana,Times;font-size:12px;text-align:left;width:100%;border-collapse:collapse;padding:3px 3px 3px 3px">

<tr style="text-align:center;font-weight:bold;background:#9CBCE2">

<td>ODP DESA NGUTER TO ONT KEC NGUTER</td>

</tr>

<tr>

<td>

<table style="font-family:Arial,Verdana,Times;font-size:12px;text-align:left;width:100%;border-spacing:0px; padding:3px 3px 3px 3px">

<tr>

<td>FID</td>

<td>0</td>

</tr>

<tr bgcolor="#D4E4F3">

<td>OID_</td>

<td>0</td>

</tr>

<tr>

<td>Name</td>

<td>ODP DESA NGUTER TO ONT KEC NGUTER</td>

</tr>

<tr bgcolor="#D4E4F3">

<td>FolderPath</td>

<td>PEMKAB SUKOHARJO FIX/DROP CORE</td>

</tr>

<tr>

<td>PopupInfo</td>

<td>DROP CORE</td>

</tr>

<tr bgcolor="#D4E4F3">

<td>Shape_Leng</td>

<td>0.00047</td>

</tr>

</table>

</td>

</tr>

</table>

</body>

</html>]]></description>
				<styleUrl>#LineStyle300</styleUrl>
				<MultiGeometry>
					<LineString>
						<coordinates>
							110.8709319650001,-7.732219656999973,0 110.8705413380001,-7.732481816999951,0 
						</coordinates>
					</LineString>
				</MultiGeometry>
			</Placemark>
			<Placemark id="ID_30001">
				<name>DINAS PENDIDIKAN TO DPRD SKH</name>
				<Snippet maxLines="0"></Snippet>
				<description><![CDATA[<html xmlns:fo="http://www.w3.org/1999/XSL/Format" xmlns:msxsl="urn:schemas-microsoft-com:xslt">

<head>

<META http-equiv="Content-Type" content="text/html">

<meta http-equiv="content-type" content="text/html; charset=UTF-8">

</head>

<body style="margin:0px 0px 0px 0px;overflow:auto;background:#FFFFFF;">

<table style="font-family:Arial,Verdana,Times;font-size:12px;text-align:left;width:100%;border-collapse:collapse;padding:3px 3px 3px 3px">

<tr style="text-align:center;font-weight:bold;background:#9CBCE2">

<td>DINAS PENDIDIKAN TO DPRD SKH</td>

</tr>

<tr>

<td>

<table style="font-family:Arial,Verdana,Times;font-size:12px;text-align:left;width:100%;border-spacing:0px; padding:3px 3px 3px 3px">

<tr>

<td>FID</td>

<td>1</td>

</tr>

<tr bgcolor="#D4E4F3">

<td>OID_</td>

<td>0</td>

</tr>

<tr>

<td>Name</td>

<td>DINAS PENDIDIKAN TO DPRD SKH</td>

</tr>

<tr bgcolor="#D4E4F3">

<td>FolderPath</td>

<td>PEMKAB SUKOHARJO FIX/DROP CORE</td>

</tr>

<tr>

<td>PopupInfo</td>

<td>DROP CORE</td>

</tr>

<tr bgcolor="#D4E4F3">

<td>Shape_Leng</td>

<td>0.00506</td>

</tr>

</table>

</td>

</tr>

</table>

</body>

</html>]]></description>
				<styleUrl>#LineStyle300</styleUrl>
				<MultiGeometry>
					<LineString>
						<coordinates>
							110.8360687620001,-7.700628862999964,0 110.8370964170001,-7.701128904999962,0 110.837840751,-7.697664786999951,0 110.8374779860001,-7.697575717999939,0 
						</coordinates>
					</LineString>
				</MultiGeometry>
			</Placemark>
			<Placemark id="ID_30002">
				<name>ONT DISHUB TO ROUTER KEC SUKOHARJO</name>
				<Snippet maxLines="0"></Snippet>
				<description><![CDATA[<html xmlns:fo="http://www.w3.org/1999/XSL/Format" xmlns:msxsl="urn:schemas-microsoft-com:xslt">

<head>

<META http-equiv="Content-Type" content="text/html">

<meta http-equiv="content-type" content="text/html; charset=UTF-8">

</head>

<body style="margin:0px 0px 0px 0px;overflow:auto;background:#FFFFFF;">

<table style="font-family:Arial,Verdana,Times;font-size:12px;text-align:left;width:100%;border-collapse:collapse;padding:3px 3px 3px 3px">

<tr style="text-align:center;font-weight:bold;background:#9CBCE2">

<td>ONT DISHUB TO ROUTER KEC SUKOHARJO</td>

</tr>

<tr>

<td>

<table style="font-family:Arial,Verdana,Times;font-size:12px;text-align:left;width:100%;border-spacing:0px; padding:3px 3px 3px 3px">

<tr>

<td>FID</td>

<td>2</td>

</tr>

<tr bgcolor="#D4E4F3">

<td>OID_</td>

<td>0</td>

</tr>

<tr>

<td>Name</td>

<td>ONT DISHUB TO ROUTER KEC SUKOHARJO</td>

</tr>

<tr bgcolor="#D4E4F3">

<td>FolderPath</td>

<td>PEMKAB SUKOHARJO FIX/DROP CORE</td>

</tr>

<tr>

<td>PopupInfo</td>

<td>DROP CORE</td>

</tr>

<tr bgcolor="#D4E4F3">

<td>Shape_Leng</td>

<td>0.002344</td>

</tr>

</table>

</td>

</tr>

</table>

</body>

</html>]]></description>
				<styleUrl>#LineStyle300</styleUrl>
				<MultiGeometry>
					<LineString>
						<coordinates>
							110.8447829100001,-7.694275256999958,0 110.8448248170001,-7.693857176999927,0 110.8464361430001,-7.69393647499993,0 110.8464280120001,-7.694246754999938,0 
						</coordinates>
					</LineString>
				</MultiGeometry>
			</Placemark>
			<Placemark id="ID_30003">
				<name>ONT DISHUB TO ROUTER DPUPR</name>
				<Snippet maxLines="0"></Snippet>
				<description><![CDATA[<html xmlns:fo="http://www.w3.org/1999/XSL/Format" xmlns:msxsl="urn:schemas-microsoft-com:xslt">

<head>

<META http-equiv="Content-Type" content="text/html">

<meta http-equiv="content-type" content="text/html; charset=UTF-8">

</head>

<body style="margin:0px 0px 0px 0px;overflow:auto;background:#FFFFFF;">

<table style="font-family:Arial,Verdana,Times;font-size:12px;text-align:left;width:100%;border-collapse:collapse;padding:3px 3px 3px 3px">

<tr style="text-align:center;font-weight:bold;background:#9CBCE2">

<td>ONT DISHUB TO ROUTER DPUPR</td>

</tr>

<tr>

<td>

<table style="font-family:Arial,Verdana,Times;font-size:12px;text-align:left;width:100%;border-spacing:0px; padding:3px 3px 3px 3px">

<tr>

<td>FID</td>

<td>3</td>

</tr>

<tr bgcolor="#D4E4F3">

<td>OID_</td>

<td>0</td>

</tr>

<tr>

<td>Name</td>

<td>ONT DISHUB TO ROUTER DPUPR</td>

</tr>

<tr bgcolor="#D4E4F3">

<td>FolderPath</td>

<td>PEMKAB SUKOHARJO FIX/DROP CORE</td>

</tr>

<tr>

<td>PopupInfo</td>

<td>DROP CORE</td>

</tr>

<tr bgcolor="#D4E4F3">

<td>Shape_Leng</td>

<td>0.001411</td>

</tr>

</table>

</td>

</tr>

</table>

</body>

</html>]]></description>
				<styleUrl>#LineStyle300</styleUrl>
				<MultiGeometry>
					<LineString>
						<coordinates>
							110.8456571550001,-7.694210339999927,0 110.84566304,-7.693906837999976,0 110.8464413850001,-7.693936727999926,0 110.846431109,-7.694265091999966,0 
						</coordinates>
					</LineString>
				</MultiGeometry>
			</Placemark>
			<Placemark id="ID_30004">
				<name>GEDUNG WIJAYA TO CCTV PINTU AIR BPN</name>
				<Snippet maxLines="0"></Snippet>
				<description><![CDATA[<html xmlns:fo="http://www.w3.org/1999/XSL/Format" xmlns:msxsl="urn:schemas-microsoft-com:xslt">

<head>

<META http-equiv="Content-Type" content="text/html">

<meta http-equiv="content-type" content="text/html; charset=UTF-8">

</head>

<body style="margin:0px 0px 0px 0px;overflow:auto;background:#FFFFFF;">

<table style="font-family:Arial,Verdana,Times;font-size:12px;text-align:left;width:100%;border-collapse:collapse;padding:3px 3px 3px 3px">

<tr style="text-align:center;font-weight:bold;background:#9CBCE2">

<td>GEDUNG WIJAYA TO CCTV PINTU AIR BPN</td>

</tr>

<tr>

<td>

<table style="font-family:Arial,Verdana,Times;font-size:12px;text-align:left;width:100%;border-spacing:0px; padding:3px 3px 3px 3px">

<tr>

<td>FID</td>

<td>4</td>

</tr>

<tr bgcolor="#D4E4F3">

<td>OID_</td>

<td>0</td>

</tr>

<tr>

<td>Name</td>

<td>GEDUNG WIJAYA TO CCTV PINTU AIR BPN</td>

</tr>

<tr bgcolor="#D4E4F3">

<td>FolderPath</td>

<td>PEMKAB SUKOHARJO FIX/DROP CORE</td>

</tr>

<tr>

<td>PopupInfo</td>

<td>DROP CORE</td>

</tr>

<tr bgcolor="#D4E4F3">

<td>Shape_Leng</td>

<td>0.010217</td>

</tr>

</table>

</td>

</tr>

</table>

</body>

</html>]]></description>
				<styleUrl>#LineStyle300</styleUrl>
				<MultiGeometry>
					<LineString>
						<coordinates>
							110.8368876610001,-7.666129464999926,0 110.8371131790001,-7.666122095999981,0 110.8370297020001,-7.665905368999972,0 110.836831815,-7.665097416999969,0 110.8356116520001,-7.660431271999926,0 110.8348472560001,-7.657743841999945,0 110.8344636840001,-7.656490643999973,0 
						</coordinates>
					</LineString>
				</MultiGeometry>
			</Placemark>
			<Placemark id="ID_30005">
				<name>ODP KRETEK NAMBANGAN TO PASAR NGUTER</name>
				<Snippet maxLines="0"></Snippet>
				<description><![CDATA[<html xmlns:fo="http://www.w3.org/1999/XSL/Format" xmlns:msxsl="urn:schemas-microsoft-com:xslt">

<head>

<META http-equiv="Content-Type" content="text/html">

<meta http-equiv="content-type" content="text/html; charset=UTF-8">

</head>

<body style="margin:0px 0px 0px 0px;overflow:auto;background:#FFFFFF;">

<table style="font-family:Arial,Verdana,Times;font-size:12px;text-align:left;width:100%;border-collapse:collapse;padding:3px 3px 3px 3px">

<tr style="text-align:center;font-weight:bold;background:#9CBCE2">

<td>ODP KRETEK NAMBANGAN TO PASAR NGUTER</td>

</tr>

<tr>

<td>

<table style="font-family:Arial,Verdana,Times;font-size:12px;text-align:left;width:100%;border-spacing:0px; padding:3px 3px 3px 3px">

<tr>

<td>FID</td>

<td>5</td>

</tr>

<tr bgcolor="#D4E4F3">

<td>OID_</td>

<td>0</td>

</tr>

<tr>

<td>Name</td>

<td>ODP KRETEK NAMBANGAN TO PASAR NGUTER</td>

</tr>

<tr bgcolor="#D4E4F3">

<td>FolderPath</td>

<td>PEMKAB SUKOHARJO FIX/DROP CORE</td>

</tr>

<tr>

<td>PopupInfo</td>

<td>DROP CORE</td>

</tr>

<tr bgcolor="#D4E4F3">

<td>Shape_Leng</td>

<td>0.003217</td>

</tr>

</table>

</td>

</tr>

</table>

</body>

</html>]]></description>
				<styleUrl>#LineStyle300</styleUrl>
				<MultiGeometry>
					<LineString>
						<coordinates>
							110.8782562280001,-7.744783643999938,0 110.8777910300001,-7.74528794899993,0 110.8785173050001,-7.745908293999946,0 110.8795877490001,-7.746350827999947,0 110.8799545760001,-7.746549716999937,0 
						</coordinates>
					</LineString>
				</MultiGeometry>
			</Placemark>
			<Placemark id="ID_30006">
				<name>ODP KRETEK NAMBANGAN TO CCTV PASAR NGUTER</name>
				<Snippet maxLines="0"></Snippet>
				<description><![CDATA[<html xmlns:fo="http://www.w3.org/1999/XSL/Format" xmlns:msxsl="urn:schemas-microsoft-com:xslt">

<head>

<META http-equiv="Content-Type" content="text/html">

<meta http-equiv="content-type" content="text/html; charset=UTF-8">

</head>

<body style="margin:0px 0px 0px 0px;overflow:auto;background:#FFFFFF;">

<table style="font-family:Arial,Verdana,Times;font-size:12px;text-align:left;width:100%;border-collapse:collapse;padding:3px 3px 3px 3px">

<tr style="text-align:center;font-weight:bold;background:#9CBCE2">

<td>ODP KRETEK NAMBANGAN TO CCTV PASAR NGUTER</td>

</tr>

<tr>

<td>

<table style="font-family:Arial,Verdana,Times;font-size:12px;text-align:left;width:100%;border-spacing:0px; padding:3px 3px 3px 3px">

<tr>

<td>FID</td>

<td>6</td>

</tr>

<tr bgcolor="#D4E4F3">

<td>OID_</td>

<td>0</td>

</tr>

<tr>

<td>Name</td>

<td>ODP KRETEK NAMBANGAN TO CCTV PASAR NGUTER</td>

</tr>

<tr bgcolor="#D4E4F3">

<td>FolderPath</td>

<td>PEMKAB SUKOHARJO FIX/DROP CORE</td>

</tr>

<tr>

<td>PopupInfo</td>

<td>DROP CORE</td>

</tr>

<tr bgcolor="#D4E4F3">

<td>Shape_Leng</td>

<td>0.003329</td>

</tr>

</table>

</td>

</tr>

</table>

</body>

</html>]]></description>
				<styleUrl>#LineStyle300</styleUrl>
				<MultiGeometry>
					<LineString>
						<coordinates>
							110.8772285280001,-7.744741050999949,0 110.8777590400001,-7.745303434999926,0 110.878089366,-7.745542377999925,0 110.8785105540001,-7.745895213999971,0 110.8795925200001,-7.746336949999943,0 110.8799641050001,-7.746553490999929,0 
						</coordinates>
					</LineString>
				</MultiGeometry>
			</Placemark>
			<Placemark id="ID_30008">
				<name>ODP POLSEK BENDOSARI TO KEC BENDOSARI</name>
				<Snippet maxLines="0"></Snippet>
				<description><![CDATA[<html xmlns:fo="http://www.w3.org/1999/XSL/Format" xmlns:msxsl="urn:schemas-microsoft-com:xslt">

<head>

<META http-equiv="Content-Type" content="text/html">

<meta http-equiv="content-type" content="text/html; charset=UTF-8">

</head>

<body style="margin:0px 0px 0px 0px;overflow:auto;background:#FFFFFF;">

<table style="font-family:Arial,Verdana,Times;font-size:12px;text-align:left;width:100%;border-collapse:collapse;padding:3px 3px 3px 3px">

<tr style="text-align:center;font-weight:bold;background:#9CBCE2">

<td>ODP POLSEK BENDOSARI TO KEC BENDOSARI</td>

</tr>

<tr>

<td>

<table style="font-family:Arial,Verdana,Times;font-size:12px;text-align:left;width:100%;border-spacing:0px; padding:3px 3px 3px 3px">

<tr>

<td>FID</td>

<td>8</td>

</tr>

<tr bgcolor="#D4E4F3">

<td>OID_</td>

<td>0</td>

</tr>

<tr>

<td>Name</td>

<td>ODP POLSEK BENDOSARI TO KEC BENDOSARI</td>

</tr>

<tr bgcolor="#D4E4F3">

<td>FolderPath</td>

<td>PEMKAB SUKOHARJO FIX/DROP CORE</td>

</tr>

<tr>

<td>PopupInfo</td>

<td>DROP CORE</td>

</tr>

<tr bgcolor="#D4E4F3">

<td>Shape_Leng</td>

<td>0.000697</td>

</tr>

</table>

</td>

</tr>

</table>

</body>

</html>]]></description>
				<styleUrl>#LineStyle300</styleUrl>
				<MultiGeometry>
					<LineString>
						<coordinates>
							110.87365672,-7.691554378999967,0 110.8737943090001,-7.691589416999932,0 110.8737491110001,-7.69195405399995,0 110.8737292540001,-7.692140249999966,0 
						</coordinates>
					</LineString>
				</MultiGeometry>
			</Placemark>
			<Placemark id="ID_30009">
				<name>ODP DINAS KESEHATAN TO KEL GAYAM</name>
				<Snippet maxLines="0"></Snippet>
				<description><![CDATA[<html xmlns:fo="http://www.w3.org/1999/XSL/Format" xmlns:msxsl="urn:schemas-microsoft-com:xslt">

<head>

<META http-equiv="Content-Type" content="text/html">

<meta http-equiv="content-type" content="text/html; charset=UTF-8">

</head>

<body style="margin:0px 0px 0px 0px;overflow:auto;background:#FFFFFF;">

<table style="font-family:Arial,Verdana,Times;font-size:12px;text-align:left;width:100%;border-collapse:collapse;padding:3px 3px 3px 3px">

<tr style="text-align:center;font-weight:bold;background:#9CBCE2">

<td>ODP DINAS KESEHATAN TO KEL GAYAM</td>

</tr>

<tr>

<td>

<table style="font-family:Arial,Verdana,Times;font-size:12px;text-align:left;width:100%;border-spacing:0px; padding:3px 3px 3px 3px">

<tr>

<td>FID</td>

<td>9</td>

</tr>

<tr bgcolor="#D4E4F3">

<td>OID_</td>

<td>0</td>

</tr>

<tr>

<td>Name</td>

<td>ODP DINAS KESEHATAN TO KEL GAYAM</td>

</tr>

<tr bgcolor="#D4E4F3">

<td>FolderPath</td>

<td>PEMKAB SUKOHARJO FIX/DROP CORE</td>

</tr>

<tr>

<td>PopupInfo</td>

<td>DROP CORE</td>

</tr>

<tr bgcolor="#D4E4F3">

<td>Shape_Leng</td>

<td>0.004142</td>

</tr>

</table>

</td>

</tr>

</table>

</body>

</html>]]></description>
				<styleUrl>#LineStyle300</styleUrl>
				<MultiGeometry>
					<LineString>
						<coordinates>
							110.8491051860001,-7.688009878999935,0 110.848864485,-7.68800133999997,0 110.848862791,-7.687877217999926,0 110.8489458820001,-7.687511701999938,0 110.8490627570001,-7.687128778999977,0 110.8491459360001,-7.686956658999976,0 110.84939589,-7.686503825999978,0 110.8496648840001,-7.685985937999931,0 110.849961567,-7.68535430299994,0 110.8500218020001,-7.685064163999926,0 110.8502411470001,-7.684650399999952,0 110.8500059900001,-7.684572221999929,0 
						</coordinates>
					</LineString>
				</MultiGeometry>
			</Placemark>
			<Placemark id="ID_30010">
				<name>ODP DINAS KESEHATAN TO RS SUKARNO</name>
				<Snippet maxLines="0"></Snippet>
				<description><![CDATA[<html xmlns:fo="http://www.w3.org/1999/XSL/Format" xmlns:msxsl="urn:schemas-microsoft-com:xslt">

<head>

<META http-equiv="Content-Type" content="text/html">

<meta http-equiv="content-type" content="text/html; charset=UTF-8">

</head>

<body style="margin:0px 0px 0px 0px;overflow:auto;background:#FFFFFF;">

<table style="font-family:Arial,Verdana,Times;font-size:12px;text-align:left;width:100%;border-collapse:collapse;padding:3px 3px 3px 3px">

<tr style="text-align:center;font-weight:bold;background:#9CBCE2">

<td>ODP DINAS KESEHATAN TO RS SUKARNO</td>

</tr>

<tr>

<td>

<table style="font-family:Arial,Verdana,Times;font-size:12px;text-align:left;width:100%;border-spacing:0px; padding:3px 3px 3px 3px">

<tr>

<td>FID</td>

<td>10</td>

</tr>

<tr bgcolor="#D4E4F3">

<td>OID_</td>

<td>0</td>

</tr>

<tr>

<td>Name</td>

<td>ODP DINAS KESEHATAN TO RS SUKARNO</td>

</tr>

<tr bgcolor="#D4E4F3">

<td>FolderPath</td>

<td>PEMKAB SUKOHARJO FIX/DROP CORE</td>

</tr>

<tr>

<td>PopupInfo</td>

<td>DROP CORE</td>

</tr>

<tr bgcolor="#D4E4F3">

<td>Shape_Leng</td>

<td>0.001106</td>

</tr>

</table>

</td>

</tr>

</table>

</body>

</html>]]></description>
				<styleUrl>#LineStyle300</styleUrl>
				<MultiGeometry>
					<LineString>
						<coordinates>
							110.8497366920001,-7.683878417999949,0 110.8495624600001,-7.684445779999976,0 110.8500535850001,-7.684593439999958,0 
						</coordinates>
					</LineString>
				</MultiGeometry>
			</Placemark>
			<Placemark id="ID_30011">
				<name>ODP DINAS KEARSIPAN TO DINAS PERTANIAN</name>
				<Snippet maxLines="0"></Snippet>
				<description><![CDATA[<html xmlns:fo="http://www.w3.org/1999/XSL/Format" xmlns:msxsl="urn:schemas-microsoft-com:xslt">

<head>

<META http-equiv="Content-Type" content="text/html">

<meta http-equiv="content-type" content="text/html; charset=UTF-8">

</head>

<body style="margin:0px 0px 0px 0px;overflow:auto;background:#FFFFFF;">

<table style="font-family:Arial,Verdana,Times;font-size:12px;text-align:left;width:100%;border-collapse:collapse;padding:3px 3px 3px 3px">

<tr style="text-align:center;font-weight:bold;background:#9CBCE2">

<td>ODP DINAS KEARSIPAN TO DINAS PERTANIAN</td>

</tr>

<tr>

<td>

<table style="font-family:Arial,Verdana,Times;font-size:12px;text-align:left;width:100%;border-spacing:0px; padding:3px 3px 3px 3px">

<tr>

<td>FID</td>

<td>11</td>

</tr>

<tr bgcolor="#D4E4F3">

<td>OID_</td>

<td>0</td>

</tr>

<tr>

<td>Name</td>

<td>ODP DINAS KEARSIPAN TO DINAS PERTANIAN</td>

</tr>

<tr bgcolor="#D4E4F3">

<td>FolderPath</td>

<td>PEMKAB SUKOHARJO FIX/DROP CORE</td>

</tr>

<tr>

<td>PopupInfo</td>

<td>DROP CORE</td>

</tr>

<tr bgcolor="#D4E4F3">

<td>Shape_Leng</td>

<td>0.003932</td>

</tr>

</table>

</td>

</tr>

</table>

</body>

</html>]]></description>
				<styleUrl>#LineStyle300</styleUrl>
				<MultiGeometry>
					<LineString>
						<coordinates>
							110.8456366880001,-7.68381306799995,0 110.8457197430001,-7.68344026799997,0 110.8448351800001,-7.683194595999964,0 110.8439679130001,-7.682991382999945,0 110.842959078,-7.682702162999931,0 110.8432287940001,-7.683334066999976,0 110.8432285040001,-7.683328872999938,0 
						</coordinates>
					</LineString>
				</MultiGeometry>
			</Placemark>
			<Placemark id="ID_30012">
				<name>ODP DINAS KEARSIPAN TO BPBD</name>
				<Snippet maxLines="0"></Snippet>
				<description><![CDATA[<html xmlns:fo="http://www.w3.org/1999/XSL/Format" xmlns:msxsl="urn:schemas-microsoft-com:xslt">

<head>

<META http-equiv="Content-Type" content="text/html">

<meta http-equiv="content-type" content="text/html; charset=UTF-8">

</head>

<body style="margin:0px 0px 0px 0px;overflow:auto;background:#FFFFFF;">

<table style="font-family:Arial,Verdana,Times;font-size:12px;text-align:left;width:100%;border-collapse:collapse;padding:3px 3px 3px 3px">

<tr style="text-align:center;font-weight:bold;background:#9CBCE2">

<td>ODP DINAS KEARSIPAN TO BPBD</td>

</tr>

<tr>

<td>

<table style="font-family:Arial,Verdana,Times;font-size:12px;text-align:left;width:100%;border-spacing:0px; padding:3px 3px 3px 3px">

<tr>

<td>FID</td>

<td>12</td>

</tr>

<tr bgcolor="#D4E4F3">

<td>OID_</td>

<td>0</td>

</tr>

<tr>

<td>Name</td>

<td>ODP DINAS KEARSIPAN TO BPBD</td>

</tr>

<tr bgcolor="#D4E4F3">

<td>FolderPath</td>

<td>PEMKAB SUKOHARJO FIX/DROP CORE</td>

</tr>

<tr>

<td>PopupInfo</td>

<td>DROP CORE</td>

</tr>

<tr bgcolor="#D4E4F3">

<td>Shape_Leng</td>

<td>0.004758</td>

</tr>

</table>

</td>

</tr>

</table>

</body>

</html>]]></description>
				<styleUrl>#LineStyle300</styleUrl>
				<MultiGeometry>
					<LineString>
						<coordinates>
							110.8451701280001,-7.687320129999932,0 110.8449088930001,-7.687442262999981,0 110.844226066,-7.685795161999978,0 110.843458813,-7.683947464999961,0 110.843218333,-7.683305349999956,0 
						</coordinates>
					</LineString>
				</MultiGeometry>
			</Placemark>
			<Placemark id="ID_30013">
				<name>ODP DINAS KEARSIPAN TO PASAR IR SUKARNO</name>
				<Snippet maxLines="0"></Snippet>
				<description><![CDATA[<html xmlns:fo="http://www.w3.org/1999/XSL/Format" xmlns:msxsl="urn:schemas-microsoft-com:xslt">

<head>

<META http-equiv="Content-Type" content="text/html">

<meta http-equiv="content-type" content="text/html; charset=UTF-8">

</head>

<body style="margin:0px 0px 0px 0px;overflow:auto;background:#FFFFFF;">

<table style="font-family:Arial,Verdana,Times;font-size:12px;text-align:left;width:100%;border-collapse:collapse;padding:3px 3px 3px 3px">

<tr style="text-align:center;font-weight:bold;background:#9CBCE2">

<td>ODP DINAS KEARSIPAN TO PASAR IR SUKARNO</td>

</tr>

<tr>

<td>

<table style="font-family:Arial,Verdana,Times;font-size:12px;text-align:left;width:100%;border-spacing:0px; padding:3px 3px 3px 3px">

<tr>

<td>FID</td>

<td>13</td>

</tr>

<tr bgcolor="#D4E4F3">

<td>OID_</td>

<td>0</td>

</tr>

<tr>

<td>Name</td>

<td>ODP DINAS KEARSIPAN TO PASAR IR SUKARNO</td>

</tr>

<tr bgcolor="#D4E4F3">

<td>FolderPath</td>

<td>PEMKAB SUKOHARJO FIX/DROP CORE</td>

</tr>

<tr>

<td>PopupInfo</td>

<td>DROP CORE</td>

</tr>

<tr bgcolor="#D4E4F3">

<td>Shape_Leng</td>

<td>0.005522</td>

</tr>

</table>

</td>

</tr>

</table>

</body>

</html>]]></description>
				<styleUrl>#LineStyle300</styleUrl>
				<MultiGeometry>
					<LineString>
						<coordinates>
							110.8407227020001,-7.678888129999963,0 110.841426514,-7.678876896999952,0 110.8418382680001,-7.679909558999952,0 110.8422379020001,-7.68098729299993,0 110.8426181840001,-7.681866548999949,0 110.8427598090001,-7.682116659999963,0 110.843043896,-7.682873086999962,0 110.8432100040001,-7.683325036999975,0 110.8432158790001,-7.683303484999955,0 
						</coordinates>
					</LineString>
				</MultiGeometry>
			</Placemark>
			<Placemark id="ID_30014">
				<name>ODP DINAS KEARSIPAN TO RUMAH DINAS BUPATI</name>
				<Snippet maxLines="0"></Snippet>
				<description><![CDATA[<html xmlns:fo="http://www.w3.org/1999/XSL/Format" xmlns:msxsl="urn:schemas-microsoft-com:xslt">

<head>

<META http-equiv="Content-Type" content="text/html">

<meta http-equiv="content-type" content="text/html; charset=UTF-8">

</head>

<body style="margin:0px 0px 0px 0px;overflow:auto;background:#FFFFFF;">

<table style="font-family:Arial,Verdana,Times;font-size:12px;text-align:left;width:100%;border-collapse:collapse;padding:3px 3px 3px 3px">

<tr style="text-align:center;font-weight:bold;background:#9CBCE2">

<td>ODP DINAS KEARSIPAN TO RUMAH DINAS BUPATI</td>

</tr>

<tr>

<td>

<table style="font-family:Arial,Verdana,Times;font-size:12px;text-align:left;width:100%;border-spacing:0px; padding:3px 3px 3px 3px">

<tr>

<td>FID</td>

<td>14</td>

</tr>

<tr bgcolor="#D4E4F3">

<td>OID_</td>

<td>0</td>

</tr>

<tr>

<td>Name</td>

<td>ODP DINAS KEARSIPAN TO RUMAH DINAS BUPATI</td>

</tr>

<tr bgcolor="#D4E4F3">

<td>FolderPath</td>

<td>PEMKAB SUKOHARJO FIX/DROP CORE</td>

</tr>

<tr>

<td>PopupInfo</td>

<td>DROP CORE</td>

</tr>

<tr bgcolor="#D4E4F3">

<td>Shape_Leng</td>

<td>0.002047</td>

</tr>

</table>

</td>

</tr>

</table>

</body>

</html>]]></description>
				<styleUrl>#LineStyle300</styleUrl>
				<MultiGeometry>
					<LineString>
						<coordinates>
							110.843249686,-7.682380062999925,0 110.8430405240001,-7.682007366999925,0 110.8427545770001,-7.682077704999927,0 110.8429418980001,-7.682524883999975,0 110.8430498810001,-7.682876388999944,0 110.8432284800001,-7.683313660999943,0 
						</coordinates>
					</LineString>
				</MultiGeometry>
			</Placemark>
			<Placemark id="ID_30015">
				<name>ODP DINAS KEARSIPAN TO GRAHA WIJAYA</name>
				<Snippet maxLines="0"></Snippet>
				<description><![CDATA[<html xmlns:fo="http://www.w3.org/1999/XSL/Format" xmlns:msxsl="urn:schemas-microsoft-com:xslt">

<head>

<META http-equiv="Content-Type" content="text/html">

<meta http-equiv="content-type" content="text/html; charset=UTF-8">

</head>

<body style="margin:0px 0px 0px 0px;overflow:auto;background:#FFFFFF;">

<table style="font-family:Arial,Verdana,Times;font-size:12px;text-align:left;width:100%;border-collapse:collapse;padding:3px 3px 3px 3px">

<tr style="text-align:center;font-weight:bold;background:#9CBCE2">

<td>ODP DINAS KEARSIPAN TO GRAHA WIJAYA</td>

</tr>

<tr>

<td>

<table style="font-family:Arial,Verdana,Times;font-size:12px;text-align:left;width:100%;border-spacing:0px; padding:3px 3px 3px 3px">

<tr>

<td>FID</td>

<td>15</td>

</tr>

<tr bgcolor="#D4E4F3">

<td>OID_</td>

<td>0</td>

</tr>

<tr>

<td>Name</td>

<td>ODP DINAS KEARSIPAN TO GRAHA WIJAYA</td>

</tr>

<tr bgcolor="#D4E4F3">

<td>FolderPath</td>

<td>PEMKAB SUKOHARJO FIX/DROP CORE</td>

</tr>

<tr>

<td>PopupInfo</td>

<td>DROP CORE</td>

</tr>

<tr bgcolor="#D4E4F3">

<td>Shape_Leng</td>

<td>0.002516</td>

</tr>

</table>

</td>

</tr>

</table>

</body>

</html>]]></description>
				<styleUrl>#LineStyle300</styleUrl>
				<MultiGeometry>
					<LineString>
						<coordinates>
							110.8417186830001,-7.682075374999955,0 110.841658028,-7.682419865999975,0 110.8424955140001,-7.682526561999964,0 110.8429367700001,-7.682499053999948,0 110.8430087730001,-7.682771091999939,0 110.8432383020001,-7.683323838999968,0 
						</coordinates>
					</LineString>
				</MultiGeometry>
			</Placemark>
			<Placemark id="ID_30016">
				<name>ODP DINAS KEARSIPAN TO CCTV SIMPANG 5 BARAT</name>
				<Snippet maxLines="0"></Snippet>
				<description><![CDATA[<html xmlns:fo="http://www.w3.org/1999/XSL/Format" xmlns:msxsl="urn:schemas-microsoft-com:xslt">

<head>

<META http-equiv="Content-Type" content="text/html">

<meta http-equiv="content-type" content="text/html; charset=UTF-8">

</head>

<body style="margin:0px 0px 0px 0px;overflow:auto;background:#FFFFFF;">

<table style="font-family:Arial,Verdana,Times;font-size:12px;text-align:left;width:100%;border-collapse:collapse;padding:3px 3px 3px 3px">

<tr style="text-align:center;font-weight:bold;background:#9CBCE2">

<td>ODP DINAS KEARSIPAN TO CCTV SIMPANG 5 BARAT</td>

</tr>

<tr>

<td>

<table style="font-family:Arial,Verdana,Times;font-size:12px;text-align:left;width:100%;border-spacing:0px; padding:3px 3px 3px 3px">

<tr>

<td>FID</td>

<td>16</td>

</tr>

<tr bgcolor="#D4E4F3">

<td>OID_</td>

<td>0</td>

</tr>

<tr>

<td>Name</td>

<td>ODP DINAS KEARSIPAN TO CCTV SIMPANG 5 BARAT</td>

</tr>

<tr bgcolor="#D4E4F3">

<td>FolderPath</td>

<td>PEMKAB SUKOHARJO FIX/DROP CORE</td>

</tr>

<tr>

<td>PopupInfo</td>

<td>DROP CORE</td>

</tr>

<tr bgcolor="#D4E4F3">

<td>Shape_Leng</td>

<td>0.001361</td>

</tr>

</table>

</td>

</tr>

</table>

</body>

</html>]]></description>
				<styleUrl>#LineStyle300</styleUrl>
				<MultiGeometry>
					<LineString>
						<coordinates>
							110.8424896780001,-7.682593335999967,0 110.8424970120001,-7.682522927999969,0 110.8429086980001,-7.68249702199995,0 110.842989243,-7.682781822999971,0 110.8432274690001,-7.683312855999931,0 
						</coordinates>
					</LineString>
				</MultiGeometry>
			</Placemark>
			<Placemark id="ID_30017">
				<name>ODP TENTARA PELAJAR TO CCTV SIMPANG 4 KEJAKSAAN</name>
				<Snippet maxLines="0"></Snippet>
				<description><![CDATA[<html xmlns:fo="http://www.w3.org/1999/XSL/Format" xmlns:msxsl="urn:schemas-microsoft-com:xslt">

<head>

<META http-equiv="Content-Type" content="text/html">

<meta http-equiv="content-type" content="text/html; charset=UTF-8">

</head>

<body style="margin:0px 0px 0px 0px;overflow:auto;background:#FFFFFF;">

<table style="font-family:Arial,Verdana,Times;font-size:12px;text-align:left;width:100%;border-collapse:collapse;padding:3px 3px 3px 3px">

<tr style="text-align:center;font-weight:bold;background:#9CBCE2">

<td>ODP TENTARA PELAJAR TO CCTV SIMPANG 4 KEJAKSAAN</td>

</tr>

<tr>

<td>

<table style="font-family:Arial,Verdana,Times;font-size:12px;text-align:left;width:100%;border-spacing:0px; padding:3px 3px 3px 3px">

<tr>

<td>FID</td>

<td>17</td>

</tr>

<tr bgcolor="#D4E4F3">

<td>OID_</td>

<td>0</td>

</tr>

<tr>

<td>Name</td>

<td>ODP TENTARA PELAJAR TO CCTV SIMPANG 4 KEJAKSAAN</td>

</tr>

<tr bgcolor="#D4E4F3">

<td>FolderPath</td>

<td>PEMKAB SUKOHARJO FIX/DROP CORE</td>

</tr>

<tr>

<td>PopupInfo</td>

<td>DROP CORE</td>

</tr>

<tr bgcolor="#D4E4F3">

<td>Shape_Leng</td>

<td>0.001553</td>

</tr>

</table>

</td>

</tr>

</table>

</body>

</html>]]></description>
				<styleUrl>#LineStyle300</styleUrl>
				<MultiGeometry>
					<LineString>
						<coordinates>
							110.8387316110001,-7.671356372999982,0 110.8390779850001,-7.672294036999972,0 110.8392686980001,-7.67281395599997,0 
						</coordinates>
					</LineString>
				</MultiGeometry>
			</Placemark>
			<Placemark id="ID_30018">
				<name>ODP TENTARA PELAJAR TO UPTD SAMPAH</name>
				<Snippet maxLines="0"></Snippet>
				<description><![CDATA[<html xmlns:fo="http://www.w3.org/1999/XSL/Format" xmlns:msxsl="urn:schemas-microsoft-com:xslt">

<head>

<META http-equiv="Content-Type" content="text/html">

<meta http-equiv="content-type" content="text/html; charset=UTF-8">

</head>

<body style="margin:0px 0px 0px 0px;overflow:auto;background:#FFFFFF;">

<table style="font-family:Arial,Verdana,Times;font-size:12px;text-align:left;width:100%;border-collapse:collapse;padding:3px 3px 3px 3px">

<tr style="text-align:center;font-weight:bold;background:#9CBCE2">

<td>ODP TENTARA PELAJAR TO UPTD SAMPAH</td>

</tr>

<tr>

<td>

<table style="font-family:Arial,Verdana,Times;font-size:12px;text-align:left;width:100%;border-spacing:0px; padding:3px 3px 3px 3px">

<tr>

<td>FID</td>

<td>18</td>

</tr>

<tr bgcolor="#D4E4F3">

<td>OID_</td>

<td>0</td>

</tr>

<tr>

<td>Name</td>

<td>ODP TENTARA PELAJAR TO UPTD SAMPAH</td>

</tr>

<tr bgcolor="#D4E4F3">

<td>FolderPath</td>

<td>PEMKAB SUKOHARJO FIX/DROP CORE</td>

</tr>

<tr>

<td>PopupInfo</td>

<td>DROP CORE</td>

</tr>

<tr bgcolor="#D4E4F3">

<td>Shape_Leng</td>

<td>0.003717</td>

</tr>

</table>

</td>

</tr>

</table>

</body>

</html>]]></description>
				<styleUrl>#LineStyle300</styleUrl>
				<MultiGeometry>
					<LineString>
						<coordinates>
							110.8392464980001,-7.672797691999961,0 110.8394011360001,-7.672887021999941,0 110.839769828,-7.67300192099998,0 110.8401877510001,-7.673089715999936,0 110.840470349,-7.67312137199997,0 110.8409793060001,-7.673256991999949,0 110.841414054,-7.671676418999937,0 110.8416831950001,-7.671731167999951,0 
						</coordinates>
					</LineString>
				</MultiGeometry>
			</Placemark>
			<Placemark id="ID_30019">
				<name>ODP TENTARA PELAJAR TO KEL JOMBOR</name>
				<Snippet maxLines="0"></Snippet>
				<description><![CDATA[<html xmlns:fo="http://www.w3.org/1999/XSL/Format" xmlns:msxsl="urn:schemas-microsoft-com:xslt">

<head>

<META http-equiv="Content-Type" content="text/html">

<meta http-equiv="content-type" content="text/html; charset=UTF-8">

</head>

<body style="margin:0px 0px 0px 0px;overflow:auto;background:#FFFFFF;">

<table style="font-family:Arial,Verdana,Times;font-size:12px;text-align:left;width:100%;border-collapse:collapse;padding:3px 3px 3px 3px">

<tr style="text-align:center;font-weight:bold;background:#9CBCE2">

<td>ODP TENTARA PELAJAR TO KEL JOMBOR</td>

</tr>

<tr>

<td>

<table style="font-family:Arial,Verdana,Times;font-size:12px;text-align:left;width:100%;border-spacing:0px; padding:3px 3px 3px 3px">

<tr>

<td>FID</td>

<td>19</td>

</tr>

<tr bgcolor="#D4E4F3">

<td>OID_</td>

<td>0</td>

</tr>

<tr>

<td>Name</td>

<td>ODP TENTARA PELAJAR TO KEL JOMBOR</td>

</tr>

<tr bgcolor="#D4E4F3">

<td>FolderPath</td>

<td>PEMKAB SUKOHARJO FIX/DROP CORE</td>

</tr>

<tr>

<td>PopupInfo</td>

<td>DROP CORE</td>

</tr>

<tr bgcolor="#D4E4F3">

<td>Shape_Leng</td>

<td>0.001901</td>

</tr>

</table>

</td>

</tr>

</table>

</body>

</html>]]></description>
				<styleUrl>#LineStyle300</styleUrl>
				<MultiGeometry>
					<LineString>
						<coordinates>
							110.8392648280001,-7.672791931999939,0 110.8393995600001,-7.672881513999925,0 110.8397538400001,-7.67298924399995,0 110.840185074,-7.673076698999978,0 110.8404862750001,-7.673103226999956,0 110.8408723580001,-7.673206023999967,0 110.8409074950001,-7.672981519999951,0 
						</coordinates>
					</LineString>
				</MultiGeometry>
			</Placemark>
			<Placemark id="ID_30020">
				<name>ODP TENTARA PELAJAR TO KEL SUKOHARJO</name>
				<Snippet maxLines="0"></Snippet>
				<description><![CDATA[<html xmlns:fo="http://www.w3.org/1999/XSL/Format" xmlns:msxsl="urn:schemas-microsoft-com:xslt">

<head>

<META http-equiv="Content-Type" content="text/html">

<meta http-equiv="content-type" content="text/html; charset=UTF-8">

</head>

<body style="margin:0px 0px 0px 0px;overflow:auto;background:#FFFFFF;">

<table style="font-family:Arial,Verdana,Times;font-size:12px;text-align:left;width:100%;border-collapse:collapse;padding:3px 3px 3px 3px">

<tr style="text-align:center;font-weight:bold;background:#9CBCE2">

<td>ODP TENTARA PELAJAR TO KEL SUKOHARJO</td>

</tr>

<tr>

<td>

<table style="font-family:Arial,Verdana,Times;font-size:12px;text-align:left;width:100%;border-spacing:0px; padding:3px 3px 3px 3px">

<tr>

<td>FID</td>

<td>20</td>

</tr>

<tr bgcolor="#D4E4F3">

<td>OID_</td>

<td>0</td>

</tr>

<tr>

<td>Name</td>

<td>ODP TENTARA PELAJAR TO KEL SUKOHARJO</td>

</tr>

<tr bgcolor="#D4E4F3">

<td>FolderPath</td>

<td>PEMKAB SUKOHARJO FIX/DROP CORE</td>

</tr>

<tr>

<td>PopupInfo</td>

<td>DROP CORE</td>

</tr>

<tr bgcolor="#D4E4F3">

<td>Shape_Leng</td>

<td>0.006183</td>

</tr>

</table>

</td>

</tr>

</table>

</body>

</html>]]></description>
				<styleUrl>#LineStyle300</styleUrl>
				<MultiGeometry>
					<LineString>
						<coordinates>
							110.839269523,-7.672815558999957,0 110.8392405040001,-7.672701750999977,0 110.8385080080001,-7.672643831999948,0 110.8379066310001,-7.672594401999959,0 110.837195191,-7.673895413999958,0 110.8367096250001,-7.674770803999935,0 110.836211286,-7.675700543999938,0 110.8360234900001,-7.676064879999956,0 110.8354110640001,-7.675972157999979,0 110.8353796230001,-7.676128103999929,0 
						</coordinates>
					</LineString>
				</MultiGeometry>
			</Placemark>
			<Placemark id="ID_30021">
				<name>ODP PASAR POLOKARTO TO KEC POLOKARTO</name>
				<Snippet maxLines="0"></Snippet>
				<description><![CDATA[<html xmlns:fo="http://www.w3.org/1999/XSL/Format" xmlns:msxsl="urn:schemas-microsoft-com:xslt">

<head>

<META http-equiv="Content-Type" content="text/html">

<meta http-equiv="content-type" content="text/html; charset=UTF-8">

</head>

<body style="margin:0px 0px 0px 0px;overflow:auto;background:#FFFFFF;">

<table style="font-family:Arial,Verdana,Times;font-size:12px;text-align:left;width:100%;border-collapse:collapse;padding:3px 3px 3px 3px">

<tr style="text-align:center;font-weight:bold;background:#9CBCE2">

<td>ODP PASAR POLOKARTO TO KEC POLOKARTO</td>

</tr>

<tr>

<td>

<table style="font-family:Arial,Verdana,Times;font-size:12px;text-align:left;width:100%;border-spacing:0px; padding:3px 3px 3px 3px">

<tr>

<td>FID</td>

<td>21</td>

</tr>

<tr bgcolor="#D4E4F3">

<td>OID_</td>

<td>0</td>

</tr>

<tr>

<td>Name</td>

<td>ODP PASAR POLOKARTO TO KEC POLOKARTO</td>

</tr>

<tr bgcolor="#D4E4F3">

<td>FolderPath</td>

<td>PEMKAB SUKOHARJO FIX/DROP CORE</td>

</tr>

<tr>

<td>PopupInfo</td>

<td>DROP CORE</td>

</tr>

<tr bgcolor="#D4E4F3">

<td>Shape_Leng</td>

<td>0.004573</td>

</tr>

</table>

</td>

</tr>

</table>

</body>

</html>]]></description>
				<styleUrl>#LineStyle300</styleUrl>
				<MultiGeometry>
					<LineString>
						<coordinates>
							110.89627326,-7.628680628999973,0 110.89667711,-7.628427841999951,0 110.8964524510001,-7.628130038999927,0 110.895953176,-7.627425923999965,0 110.895030197,-7.626297478999959,0 110.8947456210001,-7.625974708999934,0 110.8944255860001,-7.625783713999964,0 110.89405221,-7.625550730999976,0 110.8939485350001,-7.625671379999972,0 
						</coordinates>
					</LineString>
				</MultiGeometry>
			</Placemark>
			<Placemark id="ID_30022">
				<name>ODP SIMPANG MOJOLABAN TO SIMPANG PASAR BEKONANG</name>
				<Snippet maxLines="0"></Snippet>
				<description><![CDATA[<html xmlns:fo="http://www.w3.org/1999/XSL/Format" xmlns:msxsl="urn:schemas-microsoft-com:xslt">

<head>

<META http-equiv="Content-Type" content="text/html">

<meta http-equiv="content-type" content="text/html; charset=UTF-8">

</head>

<body style="margin:0px 0px 0px 0px;overflow:auto;background:#FFFFFF;">

<table style="font-family:Arial,Verdana,Times;font-size:12px;text-align:left;width:100%;border-collapse:collapse;padding:3px 3px 3px 3px">

<tr style="text-align:center;font-weight:bold;background:#9CBCE2">

<td>ODP SIMPANG MOJOLABAN TO SIMPANG PASAR BEKONANG</td>

</tr>

<tr>

<td>

<table style="font-family:Arial,Verdana,Times;font-size:12px;text-align:left;width:100%;border-spacing:0px; padding:3px 3px 3px 3px">

<tr>

<td>FID</td>

<td>22</td>

</tr>

<tr bgcolor="#D4E4F3">

<td>OID_</td>

<td>0</td>

</tr>

<tr>

<td>Name</td>

<td>ODP SIMPANG MOJOLABAN TO SIMPANG PASAR BEKONANG</td>

</tr>

<tr bgcolor="#D4E4F3">

<td>FolderPath</td>

<td>PEMKAB SUKOHARJO FIX/DROP CORE</td>

</tr>

<tr>

<td>PopupInfo</td>

<td>DROP CORE</td>

</tr>

<tr bgcolor="#D4E4F3">

<td>Shape_Leng</td>

<td>0.000251</td>

</tr>

</table>

</td>

</tr>

</table>

</body>

</html>]]></description>
				<styleUrl>#LineStyle300</styleUrl>
				<MultiGeometry>
					<LineString>
						<coordinates>
							110.873520914,-7.609592253999949,0 110.8735926950001,-7.609477779999964,0 110.8734782870001,-7.609461297999927,0 
						</coordinates>
					</LineString>
				</MultiGeometry>
			</Placemark>
			<Placemark id="ID_30023">
				<name>ODP SIMPANG MOJOLABAN TO KANTOR KECAMATAN MOJOLABAN</name>
				<Snippet maxLines="0"></Snippet>
				<description><![CDATA[<html xmlns:fo="http://www.w3.org/1999/XSL/Format" xmlns:msxsl="urn:schemas-microsoft-com:xslt">

<head>

<META http-equiv="Content-Type" content="text/html">

<meta http-equiv="content-type" content="text/html; charset=UTF-8">

</head>

<body style="margin:0px 0px 0px 0px;overflow:auto;background:#FFFFFF;">

<table style="font-family:Arial,Verdana,Times;font-size:12px;text-align:left;width:100%;border-collapse:collapse;padding:3px 3px 3px 3px">

<tr style="text-align:center;font-weight:bold;background:#9CBCE2">

<td>ODP SIMPANG MOJOLABAN TO KANTOR KECAMATAN MOJOLABAN</td>

</tr>

<tr>

<td>

<table style="font-family:Arial,Verdana,Times;font-size:12px;text-align:left;width:100%;border-spacing:0px; padding:3px 3px 3px 3px">

<tr>

<td>FID</td>

<td>23</td>

</tr>

<tr bgcolor="#D4E4F3">

<td>OID_</td>

<td>0</td>

</tr>

<tr>

<td>Name</td>

<td>ODP SIMPANG MOJOLABAN TO KANTOR KECAMATAN MOJOLABAN</td>

</tr>

<tr bgcolor="#D4E4F3">

<td>FolderPath</td>

<td>PEMKAB SUKOHARJO FIX/DROP CORE</td>

</tr>

<tr>

<td>PopupInfo</td>

<td>DROP CORE</td>

</tr>

<tr bgcolor="#D4E4F3">

<td>Shape_Leng</td>

<td>0.005381</td>

</tr>

</table>

</td>

</tr>

</table>

</body>

</html>]]></description>
				<styleUrl>#LineStyle300</styleUrl>
				<MultiGeometry>
					<LineString>
						<coordinates>
							110.870995995,-7.606200957999931,0 110.8706481790001,-7.606194627999969,0 110.8705189780001,-7.606481274999965,0 110.8704088150001,-7.60674910199998,0 110.8703600660001,-7.607001084999978,0 110.871995273,-7.608650155999953,0 110.8725020320001,-7.609155894999958,0 110.872701626,-7.609304958999928,0 110.8728801890001,-7.609377184999971,0 110.872891984,-7.609378051999954,0 110.8731571870001,-7.609481978999952,0 110.8733812710001,-7.60955043499996,0 110.8735400590001,-7.609577144999946,0 
						</coordinates>
					</LineString>
				</MultiGeometry>
			</Placemark>
			<Placemark id="ID_30024">
				<name>ODP PUSKESMAS GROGOL TO  KEC GROGOL</name>
				<Snippet maxLines="0"></Snippet>
				<description><![CDATA[<html xmlns:fo="http://www.w3.org/1999/XSL/Format" xmlns:msxsl="urn:schemas-microsoft-com:xslt">

<head>

<META http-equiv="Content-Type" content="text/html">

<meta http-equiv="content-type" content="text/html; charset=UTF-8">

</head>

<body style="margin:0px 0px 0px 0px;overflow:auto;background:#FFFFFF;">

<table style="font-family:Arial,Verdana,Times;font-size:12px;text-align:left;width:100%;border-collapse:collapse;padding:3px 3px 3px 3px">

<tr style="text-align:center;font-weight:bold;background:#9CBCE2">

<td>ODP PUSKESMAS GROGOL TO  KEC GROGOL</td>

</tr>

<tr>

<td>

<table style="font-family:Arial,Verdana,Times;font-size:12px;text-align:left;width:100%;border-spacing:0px; padding:3px 3px 3px 3px">

<tr>

<td>FID</td>

<td>24</td>

</tr>

<tr bgcolor="#D4E4F3">

<td>OID_</td>

<td>0</td>

</tr>

<tr>

<td>Name</td>

<td>ODP PUSKESMAS GROGOL TO  KEC GROGOL</td>

</tr>

<tr bgcolor="#D4E4F3">

<td>FolderPath</td>

<td>PEMKAB SUKOHARJO FIX/DROP CORE</td>

</tr>

<tr>

<td>PopupInfo</td>

<td>DROP CORE</td>

</tr>

<tr bgcolor="#D4E4F3">

<td>Shape_Leng</td>

<td>0.002023</td>

</tr>

</table>

</td>

</tr>

</table>

</body>

</html>]]></description>
				<styleUrl>#LineStyle300</styleUrl>
				<MultiGeometry>
					<LineString>
						<coordinates>
							110.8194087260001,-7.60022400899993,0 110.8191651550001,-7.60090334299997,0 110.8188783030001,-7.601820605999934,0 110.8185677900001,-7.601960773999963,0 
						</coordinates>
					</LineString>
				</MultiGeometry>
			</Placemark>
			<Placemark id="ID_30025">
				<name>ODP PUSKESMAS GROGOL TO SIMPANG THE PARK</name>
				<Snippet maxLines="0"></Snippet>
				<description><![CDATA[<html xmlns:fo="http://www.w3.org/1999/XSL/Format" xmlns:msxsl="urn:schemas-microsoft-com:xslt">

<head>

<META http-equiv="Content-Type" content="text/html">

<meta http-equiv="content-type" content="text/html; charset=UTF-8">

</head>

<body style="margin:0px 0px 0px 0px;overflow:auto;background:#FFFFFF;">

<table style="font-family:Arial,Verdana,Times;font-size:12px;text-align:left;width:100%;border-collapse:collapse;padding:3px 3px 3px 3px">

<tr style="text-align:center;font-weight:bold;background:#9CBCE2">

<td>ODP PUSKESMAS GROGOL TO SIMPANG THE PARK</td>

</tr>

<tr>

<td>

<table style="font-family:Arial,Verdana,Times;font-size:12px;text-align:left;width:100%;border-spacing:0px; padding:3px 3px 3px 3px">

<tr>

<td>FID</td>

<td>25</td>

</tr>

<tr bgcolor="#D4E4F3">

<td>OID_</td>

<td>0</td>

</tr>

<tr>

<td>Name</td>

<td>ODP PUSKESMAS GROGOL TO SIMPANG THE PARK</td>

</tr>

<tr bgcolor="#D4E4F3">

<td>FolderPath</td>

<td>PEMKAB SUKOHARJO FIX/DROP CORE</td>

</tr>

<tr>

<td>PopupInfo</td>

<td>DROP CORE</td>

</tr>

<tr bgcolor="#D4E4F3">

<td>Shape_Leng</td>

<td>0.009304</td>

</tr>

</table>

</td>

</tr>

</table>

</body>

</html>]]></description>
				<styleUrl>#LineStyle300</styleUrl>
				<MultiGeometry>
					<LineString>
						<coordinates>
							110.8144657780001,-7.599419934999957,0 110.8139213460001,-7.601031053999974,0 110.814090514,-7.601110302999929,0 110.8139710240001,-7.601419929999963,0 110.8156550590001,-7.601782020999964,0 110.8164476630001,-7.601906171999929,0 110.817385566,-7.602026179999939,0 110.8187301580001,-7.602246950999926,0 110.8188478850001,-7.601875676999953,0 110.819094104,-7.601131303999977,0 110.8194204420001,-7.600206922999973,0 110.8193750340001,-7.60029349499996,0 
						</coordinates>
					</LineString>
				</MultiGeometry>
			</Placemark>
			<Placemark id="ID_30026">
				<name>ODP SIMPANG KARTOSURO TO KEL KARTOSURO</name>
				<Snippet maxLines="0"></Snippet>
				<description><![CDATA[<html xmlns:fo="http://www.w3.org/1999/XSL/Format" xmlns:msxsl="urn:schemas-microsoft-com:xslt">

<head>

<META http-equiv="Content-Type" content="text/html">

<meta http-equiv="content-type" content="text/html; charset=UTF-8">

</head>

<body style="margin:0px 0px 0px 0px;overflow:auto;background:#FFFFFF;">

<table style="font-family:Arial,Verdana,Times;font-size:12px;text-align:left;width:100%;border-collapse:collapse;padding:3px 3px 3px 3px">

<tr style="text-align:center;font-weight:bold;background:#9CBCE2">

<td>ODP SIMPANG KARTOSURO TO KEL KARTOSURO</td>

</tr>

<tr>

<td>

<table style="font-family:Arial,Verdana,Times;font-size:12px;text-align:left;width:100%;border-spacing:0px; padding:3px 3px 3px 3px">

<tr>

<td>FID</td>

<td>26</td>

</tr>

<tr bgcolor="#D4E4F3">

<td>OID_</td>

<td>0</td>

</tr>

<tr>

<td>Name</td>

<td>ODP SIMPANG KARTOSURO TO KEL KARTOSURO</td>

</tr>

<tr bgcolor="#D4E4F3">

<td>FolderPath</td>

<td>PEMKAB SUKOHARJO FIX/DROP CORE</td>

</tr>

<tr>

<td>PopupInfo</td>

<td>DROP CORE</td>

</tr>

<tr bgcolor="#D4E4F3">

<td>Shape_Leng</td>

<td>0.008208</td>

</tr>

</table>

</td>

</tr>

</table>

</body>

</html>]]></description>
				<styleUrl>#LineStyle300</styleUrl>
				<MultiGeometry>
					<LineString>
						<coordinates>
							110.7367036680001,-7.552218245999939,0 110.7365885570001,-7.552199703999975,0 110.7366469290001,-7.552065905999939,0 110.7366907520001,-7.551947950999931,0 110.7375092410001,-7.552407912999967,0 110.7389524060001,-7.553270509999948,0 110.7413032230001,-7.554730340999982,0 110.7414617440001,-7.55435463699996,0 110.7417113780001,-7.55370677999997,0 110.7419495220001,-7.553000654999948,0 110.7420713000001,-7.55266680799997,0 110.7421328560001,-7.552445371999966,0 
						</coordinates>
					</LineString>
				</MultiGeometry>
			</Placemark>
			<Placemark id="ID_30027">
				<name>ODP SIMPANG KARTOSURO TO CCTV SIMPANG TUGU KARTOSURO</name>
				<Snippet maxLines="0"></Snippet>
				<description><![CDATA[<html xmlns:fo="http://www.w3.org/1999/XSL/Format" xmlns:msxsl="urn:schemas-microsoft-com:xslt">

<head>

<META http-equiv="Content-Type" content="text/html">

<meta http-equiv="content-type" content="text/html; charset=UTF-8">

</head>

<body style="margin:0px 0px 0px 0px;overflow:auto;background:#FFFFFF;">

<table style="font-family:Arial,Verdana,Times;font-size:12px;text-align:left;width:100%;border-collapse:collapse;padding:3px 3px 3px 3px">

<tr style="text-align:center;font-weight:bold;background:#9CBCE2">

<td>ODP SIMPANG KARTOSURO TO CCTV SIMPANG TUGU KARTOSURO</td>

</tr>

<tr>

<td>

<table style="font-family:Arial,Verdana,Times;font-size:12px;text-align:left;width:100%;border-spacing:0px; padding:3px 3px 3px 3px">

<tr>

<td>FID</td>

<td>27</td>

</tr>

<tr bgcolor="#D4E4F3">

<td>OID_</td>

<td>0</td>

</tr>

<tr>

<td>Name</td>

<td>ODP SIMPANG KARTOSURO TO CCTV SIMPANG TUGU KARTOSURO</td>

</tr>

<tr bgcolor="#D4E4F3">

<td>FolderPath</td>

<td>PEMKAB SUKOHARJO FIX/DROP CORE</td>

</tr>

<tr>

<td>PopupInfo</td>

<td>DROP CORE</td>

</tr>

<tr bgcolor="#D4E4F3">

<td>Shape_Leng</td>

<td>0.005685</td>

</tr>

</table>

</td>

</tr>

</table>

</body>

</html>]]></description>
				<styleUrl>#LineStyle300</styleUrl>
				<MultiGeometry>
					<LineString>
						<coordinates>
							110.7369344530001,-7.550401639999961,0 110.7370299610001,-7.550544053999943,0 110.7373115700001,-7.550586717999977,0 110.7374182710001,-7.550606030999973,0 110.7381689250001,-7.550766774999943,0 110.7390349300001,-7.550998477999941,0 110.7396599240001,-7.551200275999975,0 110.7408521360001,-7.551799358999973,0 110.7417354300001,-7.55225476499993,0 110.742166614,-7.552445564999971,0 
						</coordinates>
					</LineString>
				</MultiGeometry>
			</Placemark>
			<Placemark id="ID_30028">
				<name>ODP SIMPANG KARTOSURO TO CCTV SIMPANG 4 KARTOSURO</name>
				<Snippet maxLines="0"></Snippet>
				<description><![CDATA[<html xmlns:fo="http://www.w3.org/1999/XSL/Format" xmlns:msxsl="urn:schemas-microsoft-com:xslt">

<head>

<META http-equiv="Content-Type" content="text/html">

<meta http-equiv="content-type" content="text/html; charset=UTF-8">

</head>

<body style="margin:0px 0px 0px 0px;overflow:auto;background:#FFFFFF;">

<table style="font-family:Arial,Verdana,Times;font-size:12px;text-align:left;width:100%;border-collapse:collapse;padding:3px 3px 3px 3px">

<tr style="text-align:center;font-weight:bold;background:#9CBCE2">

<td>ODP SIMPANG KARTOSURO TO CCTV SIMPANG 4 KARTOSURO</td>

</tr>

<tr>

<td>

<table style="font-family:Arial,Verdana,Times;font-size:12px;text-align:left;width:100%;border-spacing:0px; padding:3px 3px 3px 3px">

<tr>

<td>FID</td>

<td>28</td>

</tr>

<tr bgcolor="#D4E4F3">

<td>OID_</td>

<td>0</td>

</tr>

<tr>

<td>Name</td>

<td>ODP SIMPANG KARTOSURO TO CCTV SIMPANG 4 KARTOSURO</td>

</tr>

<tr bgcolor="#D4E4F3">

<td>FolderPath</td>

<td>PEMKAB SUKOHARJO FIX/DROP CORE</td>

</tr>

<tr>

<td>PopupInfo</td>

<td>DROP CORE</td>

</tr>

<tr bgcolor="#D4E4F3">

<td>Shape_Leng</td>

<td>0.000177</td>

</tr>

</table>

</td>

</tr>

</table>

</body>

</html>]]></description>
				<styleUrl>#LineStyle300</styleUrl>
				<MultiGeometry>
					<LineString>
						<coordinates>
							110.7421944290001,-7.552284445999931,0 110.7421390390001,-7.552452536999965,0 
						</coordinates>
					</LineString>
				</MultiGeometry>
			</Placemark>
			<Placemark id="ID_30030">
				<name>ODP SIMPANG PANDAWA TO CCTV SIMPANG 4 PANDAWA SELATAN</name>
				<Snippet maxLines="0"></Snippet>
				<description><![CDATA[<html xmlns:fo="http://www.w3.org/1999/XSL/Format" xmlns:msxsl="urn:schemas-microsoft-com:xslt">

<head>

<META http-equiv="Content-Type" content="text/html">

<meta http-equiv="content-type" content="text/html; charset=UTF-8">

</head>

<body style="margin:0px 0px 0px 0px;overflow:auto;background:#FFFFFF;">

<table style="font-family:Arial,Verdana,Times;font-size:12px;text-align:left;width:100%;border-collapse:collapse;padding:3px 3px 3px 3px">

<tr style="text-align:center;font-weight:bold;background:#9CBCE2">

<td>ODP SIMPANG PANDAWA TO CCTV SIMPANG 4 PANDAWA SELATAN</td>

</tr>

<tr>

<td>

<table style="font-family:Arial,Verdana,Times;font-size:12px;text-align:left;width:100%;border-spacing:0px; padding:3px 3px 3px 3px">

<tr>

<td>FID</td>

<td>30</td>

</tr>

<tr bgcolor="#D4E4F3">

<td>OID_</td>

<td>0</td>

</tr>

<tr>

<td>Name</td>

<td>ODP SIMPANG PANDAWA TO CCTV SIMPANG 4 PANDAWA SELATAN</td>

</tr>

<tr bgcolor="#D4E4F3">

<td>FolderPath</td>

<td>PEMKAB SUKOHARJO FIX/DROP CORE</td>

</tr>

<tr>

<td>PopupInfo</td>

<td>DROP CORE</td>

</tr>

<tr bgcolor="#D4E4F3">

<td>Shape_Leng</td>

<td>0.00073</td>

</tr>

</table>

</td>

</tr>

</table>

</body>

</html>]]></description>
				<styleUrl>#LineStyle300</styleUrl>
				<MultiGeometry>
					<LineString>
						<coordinates>
							110.8112062210001,-7.608862923999936,0 110.8109035380001,-7.608732486999942,0 110.8107641780001,-7.608537720999948,0 110.8109024230001,-7.608455595999941,0 
						</coordinates>
					</LineString>
				</MultiGeometry>
			</Placemark>
			<Placemark id="ID_30031">
				<name>ODP SIMPANG PANDAWA TO CCTV SIMPANG 4 PANDAWA BARAT</name>
				<Snippet maxLines="0"></Snippet>
				<description><![CDATA[<html xmlns:fo="http://www.w3.org/1999/XSL/Format" xmlns:msxsl="urn:schemas-microsoft-com:xslt">

<head>

<META http-equiv="Content-Type" content="text/html">

<meta http-equiv="content-type" content="text/html; charset=UTF-8">

</head>

<body style="margin:0px 0px 0px 0px;overflow:auto;background:#FFFFFF;">

<table style="font-family:Arial,Verdana,Times;font-size:12px;text-align:left;width:100%;border-collapse:collapse;padding:3px 3px 3px 3px">

<tr style="text-align:center;font-weight:bold;background:#9CBCE2">

<td>ODP SIMPANG PANDAWA TO CCTV SIMPANG 4 PANDAWA BARAT</td>

</tr>

<tr>

<td>

<table style="font-family:Arial,Verdana,Times;font-size:12px;text-align:left;width:100%;border-spacing:0px; padding:3px 3px 3px 3px">

<tr>

<td>FID</td>

<td>31</td>

</tr>

<tr bgcolor="#D4E4F3">

<td>OID_</td>

<td>0</td>

</tr>

<tr>

<td>Name</td>

<td>ODP SIMPANG PANDAWA TO CCTV SIMPANG 4 PANDAWA BARAT</td>

</tr>

<tr bgcolor="#D4E4F3">

<td>FolderPath</td>

<td>PEMKAB SUKOHARJO FIX/DROP CORE</td>

</tr>

<tr>

<td>PopupInfo</td>

<td>DROP CORE</td>

</tr>

<tr bgcolor="#D4E4F3">

<td>Shape_Leng</td>

<td>0.000291</td>

</tr>

</table>

</td>

</tr>

</table>

</body>

</html>]]></description>
				<styleUrl>#LineStyle300</styleUrl>
				<MultiGeometry>
					<LineString>
						<coordinates>
							110.8109024300001,-7.608456271999955,0 110.8109012100001,-7.608335693999948,0 110.8110661280001,-7.608292379999966,0 
						</coordinates>
					</LineString>
				</MultiGeometry>
			</Placemark>
			<Placemark id="ID_30032">
				<name>ODP SIMPANG KADILANGU TO SIMPANG 3 AL AZHAR</name>
				<Snippet maxLines="0"></Snippet>
				<description><![CDATA[<html xmlns:fo="http://www.w3.org/1999/XSL/Format" xmlns:msxsl="urn:schemas-microsoft-com:xslt">

<head>

<META http-equiv="Content-Type" content="text/html">

<meta http-equiv="content-type" content="text/html; charset=UTF-8">

</head>

<body style="margin:0px 0px 0px 0px;overflow:auto;background:#FFFFFF;">

<table style="font-family:Arial,Verdana,Times;font-size:12px;text-align:left;width:100%;border-collapse:collapse;padding:3px 3px 3px 3px">

<tr style="text-align:center;font-weight:bold;background:#9CBCE2">

<td>ODP SIMPANG KADILANGU TO SIMPANG 3 AL AZHAR</td>

</tr>

<tr>

<td>

<table style="font-family:Arial,Verdana,Times;font-size:12px;text-align:left;width:100%;border-spacing:0px; padding:3px 3px 3px 3px">

<tr>

<td>FID</td>

<td>32</td>

</tr>

<tr bgcolor="#D4E4F3">

<td>OID_</td>

<td>0</td>

</tr>

<tr>

<td>Name</td>

<td>ODP SIMPANG KADILANGU TO SIMPANG 3 AL AZHAR</td>

</tr>

<tr bgcolor="#D4E4F3">

<td>FolderPath</td>

<td>PEMKAB SUKOHARJO FIX/DROP CORE</td>

</tr>

<tr>

<td>PopupInfo</td>

<td>DROP CORE</td>

</tr>

<tr bgcolor="#D4E4F3">

<td>Shape_Leng</td>

<td>0.002095</td>

</tr>

</table>

</td>

</tr>

</table>

</body>

</html>]]></description>
				<styleUrl>#LineStyle300</styleUrl>
				<MultiGeometry>
					<LineString>
						<coordinates>
							110.791626734,-7.606095037999978,0 110.7914303080001,-7.605981938999946,0 110.7911957900001,-7.606008730999974,0 110.7909592140001,-7.606029304999936,0 110.7906122780001,-7.606063913999948,0 110.790072287,-7.606140747999973,0 110.7895736640001,-7.606191685999932,0 
						</coordinates>
					</LineString>
				</MultiGeometry>
			</Placemark>
			<Placemark id="ID_30033">
				<name>ODP SIMPANG KADILANGU TO KECAMATAN BAKI</name>
				<Snippet maxLines="0"></Snippet>
				<description><![CDATA[<html xmlns:fo="http://www.w3.org/1999/XSL/Format" xmlns:msxsl="urn:schemas-microsoft-com:xslt">

<head>

<META http-equiv="Content-Type" content="text/html">

<meta http-equiv="content-type" content="text/html; charset=UTF-8">

</head>

<body style="margin:0px 0px 0px 0px;overflow:auto;background:#FFFFFF;">

<table style="font-family:Arial,Verdana,Times;font-size:12px;text-align:left;width:100%;border-collapse:collapse;padding:3px 3px 3px 3px">

<tr style="text-align:center;font-weight:bold;background:#9CBCE2">

<td>ODP SIMPANG KADILANGU TO KECAMATAN BAKI</td>

</tr>

<tr>

<td>

<table style="font-family:Arial,Verdana,Times;font-size:12px;text-align:left;width:100%;border-spacing:0px; padding:3px 3px 3px 3px">

<tr>

<td>FID</td>

<td>33</td>

</tr>

<tr bgcolor="#D4E4F3">

<td>OID_</td>

<td>0</td>

</tr>

<tr>

<td>Name</td>

<td>ODP SIMPANG KADILANGU TO KECAMATAN BAKI</td>

</tr>

<tr bgcolor="#D4E4F3">

<td>FolderPath</td>

<td>PEMKAB SUKOHARJO FIX/DROP CORE</td>

</tr>

<tr>

<td>PopupInfo</td>

<td>DROP CORE</td>

</tr>

<tr bgcolor="#D4E4F3">

<td>Shape_Leng</td>

<td>0.009688</td>

</tr>

</table>

</td>

</tr>

</table>

</body>

</html>]]></description>
				<styleUrl>#LineStyle300</styleUrl>
				<MultiGeometry>
					<LineString>
						<coordinates>
							110.7896024440001,-7.606208857999945,0 110.7892028510001,-7.60626930799998,0 110.7888255870001,-7.606340103999969,0 110.788612297,-7.606198348999953,0 110.7883071990001,-7.606387759999961,0 110.788086885,-7.606407240999943,0 110.7873381480001,-7.606519223999953,0 110.786631862,-7.606603029999975,0 110.7858252550001,-7.60670728599996,0 110.7853370920001,-7.606810398999926,0 110.785005508,-7.606956808999939,0 110.7845684000001,-7.607163339999943,0 110.7841800460001,-7.607404349999969,0 110.7840507760001,-7.607831661999967,0 110.7839630450001,-7.608793038999977,0 110.7838789660001,-7.609652956999979,0 110.7836537650001,-7.610855848999961,0 110.7837915850001,-7.610918625999943,0 110.7837600160001,-7.611057849999952,0 110.7838561450001,-7.611080010999955,0 110.783844559,-7.611167048999961,0 
						</coordinates>
					</LineString>
				</MultiGeometry>
			</Placemark>
			<Placemark id="ID_30034">
				<name>ODP SIMPANG KADILANGU TO CCTV SIMPANG 4 KADILANGU</name>
				<Snippet maxLines="0"></Snippet>
				<description><![CDATA[<html xmlns:fo="http://www.w3.org/1999/XSL/Format" xmlns:msxsl="urn:schemas-microsoft-com:xslt">

<head>

<META http-equiv="Content-Type" content="text/html">

<meta http-equiv="content-type" content="text/html; charset=UTF-8">

</head>

<body style="margin:0px 0px 0px 0px;overflow:auto;background:#FFFFFF;">

<table style="font-family:Arial,Verdana,Times;font-size:12px;text-align:left;width:100%;border-collapse:collapse;padding:3px 3px 3px 3px">

<tr style="text-align:center;font-weight:bold;background:#9CBCE2">

<td>ODP SIMPANG KADILANGU TO CCTV SIMPANG 4 KADILANGU</td>

</tr>

<tr>

<td>

<table style="font-family:Arial,Verdana,Times;font-size:12px;text-align:left;width:100%;border-spacing:0px; padding:3px 3px 3px 3px">

<tr>

<td>FID</td>

<td>34</td>

</tr>

<tr bgcolor="#D4E4F3">

<td>OID_</td>

<td>0</td>

</tr>

<tr>

<td>Name</td>

<td>ODP SIMPANG KADILANGU TO CCTV SIMPANG 4 KADILANGU</td>

</tr>

<tr bgcolor="#D4E4F3">

<td>FolderPath</td>

<td>PEMKAB SUKOHARJO FIX/DROP CORE</td>

</tr>

<tr>

<td>PopupInfo</td>

<td>DROP CORE</td>

</tr>

<tr bgcolor="#D4E4F3">

<td>Shape_Leng</td>

<td>0.001374</td>

</tr>

</table>

</td>

</tr>

</table>

</body>

</html>]]></description>
				<styleUrl>#LineStyle300</styleUrl>
				<MultiGeometry>
					<LineString>
						<coordinates>
							110.7883368390001,-7.606386102999978,0 110.7886134190001,-7.606200866999928,0 110.788821425,-7.606326175999925,0 110.7896122190001,-7.606215005999958,0 
						</coordinates>
					</LineString>
				</MultiGeometry>
			</Placemark>
			<Placemark id="ID_30035">
				<name>GEDUNG WIJAYA TO CCTV SIMPANG 4 UNIVET</name>
				<Snippet maxLines="0"></Snippet>
				<description><![CDATA[<html xmlns:fo="http://www.w3.org/1999/XSL/Format" xmlns:msxsl="urn:schemas-microsoft-com:xslt">

<head>

<META http-equiv="Content-Type" content="text/html">

<meta http-equiv="content-type" content="text/html; charset=UTF-8">

</head>

<body style="margin:0px 0px 0px 0px;overflow:auto;background:#FFFFFF;">

<table style="font-family:Arial,Verdana,Times;font-size:12px;text-align:left;width:100%;border-collapse:collapse;padding:3px 3px 3px 3px">

<tr style="text-align:center;font-weight:bold;background:#9CBCE2">

<td>GEDUNG WIJAYA TO CCTV SIMPANG 4 UNIVET</td>

</tr>

<tr>

<td>

<table style="font-family:Arial,Verdana,Times;font-size:12px;text-align:left;width:100%;border-spacing:0px; padding:3px 3px 3px 3px">

<tr>

<td>FID</td>

<td>35</td>

</tr>

<tr bgcolor="#D4E4F3">

<td>OID_</td>

<td>0</td>

</tr>

<tr>

<td>Name</td>

<td>GEDUNG WIJAYA TO CCTV SIMPANG 4 UNIVET</td>

</tr>

<tr bgcolor="#D4E4F3">

<td>FolderPath</td>

<td>PEMKAB SUKOHARJO FIX/DROP CORE</td>

</tr>

<tr>

<td>PopupInfo</td>

<td>DROP CORE</td>

</tr>

<tr bgcolor="#D4E4F3">

<td>Shape_Leng</td>

<td>0.000465</td>

</tr>

</table>

</td>

</tr>

</table>

</body>

</html>]]></description>
				<styleUrl>#LineStyle300</styleUrl>
				<MultiGeometry>
					<LineString>
						<coordinates>
							110.8370192260001,-7.66591645699998,0 110.8370380370001,-7.665916522999964,0 110.8371191520001,-7.666117544999962,0 110.8368895600001,-7.666117461999932,0 
						</coordinates>
					</LineString>
				</MultiGeometry>
			</Placemark>
			<Placemark id="ID_30036">
				<name>GEDUNG WIJAYA TO BLK</name>
				<Snippet maxLines="0"></Snippet>
				<description><![CDATA[<html xmlns:fo="http://www.w3.org/1999/XSL/Format" xmlns:msxsl="urn:schemas-microsoft-com:xslt">

<head>

<META http-equiv="Content-Type" content="text/html">

<meta http-equiv="content-type" content="text/html; charset=UTF-8">

</head>

<body style="margin:0px 0px 0px 0px;overflow:auto;background:#FFFFFF;">

<table style="font-family:Arial,Verdana,Times;font-size:12px;text-align:left;width:100%;border-collapse:collapse;padding:3px 3px 3px 3px">

<tr style="text-align:center;font-weight:bold;background:#9CBCE2">

<td>GEDUNG WIJAYA TO BLK</td>

</tr>

<tr>

<td>

<table style="font-family:Arial,Verdana,Times;font-size:12px;text-align:left;width:100%;border-spacing:0px; padding:3px 3px 3px 3px">

<tr>

<td>FID</td>

<td>36</td>

</tr>

<tr bgcolor="#D4E4F3">

<td>OID_</td>

<td>0</td>

</tr>

<tr>

<td>Name</td>

<td>GEDUNG WIJAYA TO BLK</td>

</tr>

<tr bgcolor="#D4E4F3">

<td>FolderPath</td>

<td>PEMKAB SUKOHARJO FIX/DROP CORE</td>

</tr>

<tr>

<td>PopupInfo</td>

<td>DROP CORE</td>

</tr>

<tr bgcolor="#D4E4F3">

<td>Shape_Leng</td>

<td>0.002821</td>

</tr>

</table>

</td>

</tr>

</table>

</body>

</html>]]></description>
				<styleUrl>#LineStyle300</styleUrl>
				<MultiGeometry>
					<LineString>
						<coordinates>
							110.8344829720001,-7.665362218999975,0 110.8347643820001,-7.66546075399998,0 110.8348362840001,-7.665208050999979,0 110.835237981,-7.665363006999939,0 110.8366783110001,-7.665946764999945,0 110.8368945280001,-7.666117301999975,0 
						</coordinates>
					</LineString>
				</MultiGeometry>
			</Placemark>
			<Placemark id="ID_30037">
				<name>ODP PASAR CUPLIK TO KEL BULAKAN</name>
				<Snippet maxLines="0"></Snippet>
				<description><![CDATA[<html xmlns:fo="http://www.w3.org/1999/XSL/Format" xmlns:msxsl="urn:schemas-microsoft-com:xslt">

<head>

<META http-equiv="Content-Type" content="text/html">

<meta http-equiv="content-type" content="text/html; charset=UTF-8">

</head>

<body style="margin:0px 0px 0px 0px;overflow:auto;background:#FFFFFF;">

<table style="font-family:Arial,Verdana,Times;font-size:12px;text-align:left;width:100%;border-collapse:collapse;padding:3px 3px 3px 3px">

<tr style="text-align:center;font-weight:bold;background:#9CBCE2">

<td>ODP PASAR CUPLIK TO KEL BULAKAN</td>

</tr>

<tr>

<td>

<table style="font-family:Arial,Verdana,Times;font-size:12px;text-align:left;width:100%;border-spacing:0px; padding:3px 3px 3px 3px">

<tr>

<td>FID</td>

<td>37</td>

</tr>

<tr bgcolor="#D4E4F3">

<td>OID_</td>

<td>0</td>

</tr>

<tr>

<td>Name</td>

<td>ODP PASAR CUPLIK TO KEL BULAKAN</td>

</tr>

<tr bgcolor="#D4E4F3">

<td>FolderPath</td>

<td>PEMKAB SUKOHARJO FIX/DROP CORE</td>

</tr>

<tr>

<td>PopupInfo</td>

<td>DROP CORE</td>

</tr>

<tr bgcolor="#D4E4F3">

<td>Shape_Leng</td>

<td>0.015302</td>

</tr>

</table>

</td>

</tr>

</table>

</body>

</html>]]></description>
				<styleUrl>#LineStyle300</styleUrl>
				<MultiGeometry>
					<LineString>
						<coordinates>
							110.79772775,-7.677085782999939,0 110.7970938460001,-7.676727984999957,0 110.7961596600001,-7.676209121999931,0 110.7952196100001,-7.675621390999936,0 110.7948773990001,-7.675470213999972,0 110.7943925760001,-7.675297299999954,0 110.7934933480001,-7.674943112999927,0 110.791780149,-7.674320707999924,0 110.7898106610001,-7.673576913999966,0 110.7887143080001,-7.673174001999938,0 110.7877052390001,-7.672775781999974,0 110.7868258890001,-7.674930739999979,0 110.7864713580001,-7.675853799999969,0 110.7861529750001,-7.676563011999975,0 110.7860094550001,-7.676490915999978,0 110.786053881,-7.676394245999973,0 
						</coordinates>
					</LineString>
				</MultiGeometry>
			</Placemark>
			<Placemark id="ID_30038">
				<name>OPD PASAR CUPLIK TO KEL KRIWEN</name>
				<Snippet maxLines="0"></Snippet>
				<description><![CDATA[<html xmlns:fo="http://www.w3.org/1999/XSL/Format" xmlns:msxsl="urn:schemas-microsoft-com:xslt">

<head>

<META http-equiv="Content-Type" content="text/html">

<meta http-equiv="content-type" content="text/html; charset=UTF-8">

</head>

<body style="margin:0px 0px 0px 0px;overflow:auto;background:#FFFFFF;">

<table style="font-family:Arial,Verdana,Times;font-size:12px;text-align:left;width:100%;border-collapse:collapse;padding:3px 3px 3px 3px">

<tr style="text-align:center;font-weight:bold;background:#9CBCE2">

<td>OPD PASAR CUPLIK TO KEL KRIWEN</td>

</tr>

<tr>

<td>

<table style="font-family:Arial,Verdana,Times;font-size:12px;text-align:left;width:100%;border-spacing:0px; padding:3px 3px 3px 3px">

<tr>

<td>FID</td>

<td>38</td>

</tr>

<tr bgcolor="#D4E4F3">

<td>OID_</td>

<td>0</td>

</tr>

<tr>

<td>Name</td>

<td>OPD PASAR CUPLIK TO KEL KRIWEN</td>

</tr>

<tr bgcolor="#D4E4F3">

<td>FolderPath</td>

<td>PEMKAB SUKOHARJO FIX/DROP CORE</td>

</tr>

<tr>

<td>PopupInfo</td>

<td>DROP CORE</td>

</tr>

<tr bgcolor="#D4E4F3">

<td>Shape_Leng</td>

<td>0.010916</td>

</tr>

</table>

</td>

</tr>

</table>

</body>

</html>]]></description>
				<styleUrl>#LineStyle300</styleUrl>
				<MultiGeometry>
					<LineString>
						<coordinates>
							110.7973535750001,-7.686862454999924,0 110.7973674470001,-7.686785433999945,0 110.7970919800001,-7.686732743999927,0 110.7972269210001,-7.686077348999959,0 110.7974918150001,-7.684781657999964,0 110.7976761460001,-7.683898622999948,0 110.7978552500001,-7.683132407999949,0 110.7979510340001,-7.682651663999934,0 110.798304698,-7.680939543999955,0 110.798460634,-7.680153142999927,0 110.7984743870001,-7.680133250999974,0 110.7986628610001,-7.679166474999931,0 110.7989605590001,-7.677819067999963,0 110.7982596180001,-7.677402075999964,0 110.79770769,-7.677094111999963,0 
						</coordinates>
					</LineString>
				</MultiGeometry>
			</Placemark>
			<Placemark id="ID_30039">
				<name>ODP PASAR CUPLIK TO KEL DUKUH</name>
				<Snippet maxLines="0"></Snippet>
				<description><![CDATA[<html xmlns:fo="http://www.w3.org/1999/XSL/Format" xmlns:msxsl="urn:schemas-microsoft-com:xslt">

<head>

<META http-equiv="Content-Type" content="text/html">

<meta http-equiv="content-type" content="text/html; charset=UTF-8">

</head>

<body style="margin:0px 0px 0px 0px;overflow:auto;background:#FFFFFF;">

<table style="font-family:Arial,Verdana,Times;font-size:12px;text-align:left;width:100%;border-collapse:collapse;padding:3px 3px 3px 3px">

<tr style="text-align:center;font-weight:bold;background:#9CBCE2">

<td>ODP PASAR CUPLIK TO KEL DUKUH</td>

</tr>

<tr>

<td>

<table style="font-family:Arial,Verdana,Times;font-size:12px;text-align:left;width:100%;border-spacing:0px; padding:3px 3px 3px 3px">

<tr>

<td>FID</td>

<td>39</td>

</tr>

<tr bgcolor="#D4E4F3">

<td>OID_</td>

<td>0</td>

</tr>

<tr>

<td>Name</td>

<td>ODP PASAR CUPLIK TO KEL DUKUH</td>

</tr>

<tr bgcolor="#D4E4F3">

<td>FolderPath</td>

<td>PEMKAB SUKOHARJO FIX/DROP CORE</td>

</tr>

<tr>

<td>PopupInfo</td>

<td>DROP CORE</td>

</tr>

<tr bgcolor="#D4E4F3">

<td>Shape_Leng</td>

<td>0.012725</td>

</tr>

</table>

</td>

</tr>

</table>

</body>

</html>]]></description>
				<styleUrl>#LineStyle300</styleUrl>
				<MultiGeometry>
					<LineString>
						<coordinates>
							110.7958574840001,-7.666733603999944,0 110.7958548190001,-7.666809776999969,0 110.7960792330001,-7.666883092999967,0 110.795949089,-7.668520958999977,0 110.7957342500001,-7.670559373999935,0 110.7955059380001,-7.671407061999958,0 110.7952440500001,-7.672300605999965,0 110.7950671660001,-7.672936538999978,0 110.7946883930001,-7.674338796999962,0 110.794484277,-7.67511861099996,0 110.7943919730001,-7.675293533999934,0 110.794497392,-7.675330911999936,0 110.7946423050001,-7.675379672999953,0 110.794878704,-7.675453621999964,0 110.795224337,-7.675622730999976,0 110.795779962,-7.675956298999949,0 110.7965954110001,-7.676456928999925,0 110.7970899510001,-7.676731630999939,0 110.7977203180001,-7.677093852999974,0 
						</coordinates>
					</LineString>
				</MultiGeometry>
			</Placemark>
			<Placemark id="ID_30040">
				<name>ODP TAMAN WIJAYA TO KEL SONOREJO</name>
				<Snippet maxLines="0"></Snippet>
				<description><![CDATA[<html xmlns:fo="http://www.w3.org/1999/XSL/Format" xmlns:msxsl="urn:schemas-microsoft-com:xslt">

<head>

<META http-equiv="Content-Type" content="text/html">

<meta http-equiv="content-type" content="text/html; charset=UTF-8">

</head>

<body style="margin:0px 0px 0px 0px;overflow:auto;background:#FFFFFF;">

<table style="font-family:Arial,Verdana,Times;font-size:12px;text-align:left;width:100%;border-collapse:collapse;padding:3px 3px 3px 3px">

<tr style="text-align:center;font-weight:bold;background:#9CBCE2">

<td>ODP TAMAN WIJAYA TO KEL SONOREJO</td>

</tr>

<tr>

<td>

<table style="font-family:Arial,Verdana,Times;font-size:12px;text-align:left;width:100%;border-spacing:0px; padding:3px 3px 3px 3px">

<tr>

<td>FID</td>

<td>40</td>

</tr>

<tr bgcolor="#D4E4F3">

<td>OID_</td>

<td>0</td>

</tr>

<tr>

<td>Name</td>

<td>ODP TAMAN WIJAYA TO KEL SONOREJO</td>

</tr>

<tr bgcolor="#D4E4F3">

<td>FolderPath</td>

<td>PEMKAB SUKOHARJO FIX/DROP CORE</td>

</tr>

<tr>

<td>PopupInfo</td>

<td>DROP CORE</td>

</tr>

<tr bgcolor="#D4E4F3">

<td>Shape_Leng</td>

<td>0.001019</td>

</tr>

</table>

</td>

</tr>

</table>

</body>

</html>]]></description>
				<styleUrl>#LineStyle300</styleUrl>
				<MultiGeometry>
					<LineString>
						<coordinates>
							110.7985473050001,-7.648078660999943,0 110.7986240430001,-7.648033012999975,0 110.798823461,-7.648076172999937,0 110.798708623,-7.648792302999938,0 
						</coordinates>
					</LineString>
				</MultiGeometry>
			</Placemark>
			<Placemark id="ID_30041">
				<name>ODP TAWANGSARI TO CCTV PASAR TAWANGSARI</name>
				<Snippet maxLines="0"></Snippet>
				<description><![CDATA[<html xmlns:fo="http://www.w3.org/1999/XSL/Format" xmlns:msxsl="urn:schemas-microsoft-com:xslt">

<head>

<META http-equiv="Content-Type" content="text/html">

<meta http-equiv="content-type" content="text/html; charset=UTF-8">

</head>

<body style="margin:0px 0px 0px 0px;overflow:auto;background:#FFFFFF;">

<table style="font-family:Arial,Verdana,Times;font-size:12px;text-align:left;width:100%;border-collapse:collapse;padding:3px 3px 3px 3px">

<tr style="text-align:center;font-weight:bold;background:#9CBCE2">

<td>ODP TAWANGSARI TO CCTV PASAR TAWANGSARI</td>

</tr>

<tr>

<td>

<table style="font-family:Arial,Verdana,Times;font-size:12px;text-align:left;width:100%;border-spacing:0px; padding:3px 3px 3px 3px">

<tr>

<td>FID</td>

<td>41</td>

</tr>

<tr bgcolor="#D4E4F3">

<td>OID_</td>

<td>0</td>

</tr>

<tr>

<td>Name</td>

<td>ODP TAWANGSARI TO CCTV PASAR TAWANGSARI</td>

</tr>

<tr bgcolor="#D4E4F3">

<td>FolderPath</td>

<td>PEMKAB SUKOHARJO FIX/DROP CORE</td>

</tr>

<tr>

<td>PopupInfo</td>

<td>DROP CORE</td>

</tr>

<tr bgcolor="#D4E4F3">

<td>Shape_Leng</td>

<td>0.001902</td>

</tr>

</table>

</td>

</tr>

</table>

</body>

</html>]]></description>
				<styleUrl>#LineStyle300</styleUrl>
				<MultiGeometry>
					<LineString>
						<coordinates>
							110.7955740800001,-7.735611289999952,0 110.796074005,-7.735557744999938,0 110.7960877,-7.735412593999967,0 110.796740948,-7.735369495999976,0 110.7967412360001,-7.735364105999963,0 110.796957229,-7.735289286999944,0 110.797102114,-7.734954028999936,0 
						</coordinates>
					</LineString>
				</MultiGeometry>
			</Placemark>
			<Placemark id="ID_30042">
				<name>ODP WERU TO CCTV SIMPANG 4 TENGKLIK</name>
				<Snippet maxLines="0"></Snippet>
				<description><![CDATA[<html xmlns:fo="http://www.w3.org/1999/XSL/Format" xmlns:msxsl="urn:schemas-microsoft-com:xslt">

<head>

<META http-equiv="Content-Type" content="text/html">

<meta http-equiv="content-type" content="text/html; charset=UTF-8">

</head>

<body style="margin:0px 0px 0px 0px;overflow:auto;background:#FFFFFF;">

<table style="font-family:Arial,Verdana,Times;font-size:12px;text-align:left;width:100%;border-collapse:collapse;padding:3px 3px 3px 3px">

<tr style="text-align:center;font-weight:bold;background:#9CBCE2">

<td>ODP WERU TO CCTV SIMPANG 4 TENGKLIK</td>

</tr>

<tr>

<td>

<table style="font-family:Arial,Verdana,Times;font-size:12px;text-align:left;width:100%;border-spacing:0px; padding:3px 3px 3px 3px">

<tr>

<td>FID</td>

<td>42</td>

</tr>

<tr bgcolor="#D4E4F3">

<td>OID_</td>

<td>0</td>

</tr>

<tr>

<td>Name</td>

<td>ODP WERU TO CCTV SIMPANG 4 TENGKLIK</td>

</tr>

<tr bgcolor="#D4E4F3">

<td>FolderPath</td>

<td>PEMKAB SUKOHARJO FIX/DROP CORE</td>

</tr>

<tr>

<td>PopupInfo</td>

<td>DROP CORE</td>

</tr>

<tr bgcolor="#D4E4F3">

<td>Shape_Leng</td>

<td>0.013334</td>

</tr>

</table>

</td>

</tr>

</table>

</body>

</html>]]></description>
				<styleUrl>#LineStyle300</styleUrl>
				<MultiGeometry>
					<LineString>
						<coordinates>
							110.7653539440001,-7.748332088999973,0 110.7648407380001,-7.748701420999964,0 110.7642830610001,-7.749221843999976,0 110.7630655500001,-7.750274119999972,0 110.7628717260001,-7.750488557999972,0 110.7626590350001,-7.750795608999965,0 110.7618329490001,-7.752102604999949,0 110.7616056020001,-7.752425892999952,0 110.7611550950001,-7.753122658999928,0 110.7610156960001,-7.753366691999929,0 110.7606314600001,-7.754056739999953,0 110.76012482,-7.754915221999966,0 110.7598326080001,-7.75516575499995,0 110.7596276520001,-7.755503809999937,0 110.7595153200001,-7.755801896999968,0 110.7594253110001,-7.756192595999948,0 110.7594071550001,-7.756802750999952,0 110.7594284430001,-7.757897556999978,0 110.7594535030001,-7.758190925999942,0 110.759621242,-7.758535670999947,0 110.7599804650001,-7.759162760999971,0 110.7600107110001,-7.759383392999951,0 
						</coordinates>
					</LineString>
				</MultiGeometry>
			</Placemark>
			<Placemark id="ID_30007">
				<name>ODP KRETEK NAMBANGAN TO TIKUNGAN JEMBATAN COLO</name>
				<Snippet maxLines="0"></Snippet>
				<description><![CDATA[<html xmlns:fo="http://www.w3.org/1999/XSL/Format" xmlns:msxsl="urn:schemas-microsoft-com:xslt">

<head>

<META http-equiv="Content-Type" content="text/html">

<meta http-equiv="content-type" content="text/html; charset=UTF-8">

</head>

<body style="margin:0px 0px 0px 0px;overflow:auto;background:#FFFFFF;">

<table style="font-family:Arial,Verdana,Times;font-size:12px;text-align:left;width:100%;border-collapse:collapse;padding:3px 3px 3px 3px">

<tr style="text-align:center;font-weight:bold;background:#9CBCE2">

<td>ODP KRETEK NAMBANGAN TO TIKUNGAN JEMBATAN COLO</td>

</tr>

<tr>

<td>

<table style="font-family:Arial,Verdana,Times;font-size:12px;text-align:left;width:100%;border-spacing:0px; padding:3px 3px 3px 3px">

<tr>

<td>FID</td>

<td>7</td>

</tr>

<tr bgcolor="#D4E4F3">

<td>OID_</td>

<td>0</td>

</tr>

<tr>

<td>Name</td>

<td>ODP KRETEK NAMBANGAN TO TIKUNGAN JEMBATAN COLO</td>

</tr>

<tr bgcolor="#D4E4F3">

<td>FolderPath</td>

<td>PEMKAB SUKOHARJO FIX/DROP CORE</td>

</tr>

<tr>

<td>PopupInfo</td>

<td>DROP CORE</td>

</tr>

<tr bgcolor="#D4E4F3">

<td>Shape_Leng</td>

<td>0.008524</td>

</tr>

</table>

</td>

</tr>

</table>

</body>

</html>]]></description>
				<styleUrl>#LineStyle300</styleUrl>
				<MultiGeometry>
					<LineString>
						<coordinates>
							110.8872456710001,-7.750345301999971,0 110.8871229090001,-7.750194351999937,0 110.8864086450001,-7.749813897999957,0 110.8860258810001,-7.749653471999977,0 110.8848553480001,-7.749147778999941,0 110.8837213660001,-7.748674177999931,0 110.8831310420001,-7.748394663999932,0 110.8825687020001,-7.748165721999953,0 110.8819002670001,-7.747730612999931,0 110.8812219610001,-7.747238817999971,0 110.8802869450001,-7.746606186999942,0 110.879953523,-7.746384669999941,0 110.8799535200001,-7.74656077399993,0 
						</coordinates>
					</LineString>
				</MultiGeometry>
			</Placemark>
			<Placemark id="ID_30029">
				<name>ODP KEC KARTOSURO TO SIMPANG SINGOPURAN</name>
				<Snippet maxLines="0"></Snippet>
				<description><![CDATA[<html xmlns:fo="http://www.w3.org/1999/XSL/Format" xmlns:msxsl="urn:schemas-microsoft-com:xslt">

<head>

<META http-equiv="Content-Type" content="text/html">

<meta http-equiv="content-type" content="text/html; charset=UTF-8">

</head>

<body style="margin:0px 0px 0px 0px;overflow:auto;background:#FFFFFF;">

<table style="font-family:Arial,Verdana,Times;font-size:12px;text-align:left;width:100%;border-collapse:collapse;padding:3px 3px 3px 3px">

<tr style="text-align:center;font-weight:bold;background:#9CBCE2">

<td>ODP KEC KARTOSURO TO SIMPANG SINGOPURAN</td>

</tr>

<tr>

<td>

<table style="font-family:Arial,Verdana,Times;font-size:12px;text-align:left;width:100%;border-spacing:0px; padding:3px 3px 3px 3px">

<tr>

<td>FID</td>

<td>29</td>

</tr>

<tr bgcolor="#D4E4F3">

<td>OID_</td>

<td>0</td>

</tr>

<tr>

<td>Name</td>

<td>ODP KEC KARTOSURO TO SIMPANG SINGOPURAN</td>

</tr>

<tr bgcolor="#D4E4F3">

<td>FolderPath</td>

<td>PEMKAB SUKOHARJO FIX/DROP CORE</td>

</tr>

<tr>

<td>PopupInfo</td>

<td>DROP CORE</td>

</tr>

<tr bgcolor="#D4E4F3">

<td>Shape_Leng</td>

<td>0.000812</td>

</tr>

</table>

</td>

</tr>

</table>

</body>

</html>]]></description>
				<styleUrl>#LineStyle300</styleUrl>
				<MultiGeometry>
					<LineString>
						<coordinates>
							110.7440721260001,-7.546359477999943,0 110.7438089040001,-7.54712791099996,0 
						</coordinates>
					</LineString>
				</MultiGeometry>
			</Placemark>
			<Folder>
				<name>cc</name>
				<Placemark id="ID_30043">
					<name>GEDUNG WIJAYA TO CLOSURE DELTA MERLIN</name>
					<Snippet maxLines="0"></Snippet>
					<description><![CDATA[<html xmlns:fo="http://www.w3.org/1999/XSL/Format" xmlns:msxsl="urn:schemas-microsoft-com:xslt">

<head>

<META http-equiv="Content-Type" content="text/html">

<meta http-equiv="content-type" content="text/html; charset=UTF-8">

</head>

<body style="margin:0px 0px 0px 0px;overflow:auto;background:#FFFFFF;">

<table style="font-family:Arial,Verdana,Times;font-size:12px;text-align:left;width:100%;border-collapse:collapse;padding:3px 3px 3px 3px">

<tr style="text-align:center;font-weight:bold;background:#9CBCE2">

<td>GEDUNG WIJAYA TO CLOSURE DELTA MERLIN</td>

</tr>

<tr>

<td>

<table style="font-family:Arial,Verdana,Times;font-size:12px;text-align:left;width:100%;border-spacing:0px; padding:3px 3px 3px 3px">

<tr>

<td>FID</td>

<td>43</td>

</tr>

<tr bgcolor="#D4E4F3">

<td>OID_</td>

<td>0</td>

</tr>

<tr>

<td>Name</td>

<td>GEDUNG WIJAYA TO CLOSURE DELTA MERLIN</td>

</tr>

<tr bgcolor="#D4E4F3">

<td>FolderPath</td>

<td>PEMKAB SUKOHARJO FIX/GEDUNG WIJAYA TO CLOSURE DELTA MERLIN</td>

</tr>

<tr>

<td>PopupInfo</td>

<td>KU 24 CORE</td>

</tr>

<tr bgcolor="#D4E4F3">

<td>Shape_Leng</td>

<td>0.033733</td>

</tr>

</table>

</td>

</tr>

</table>

</body>

</html>]]></description>
					<styleUrl>#LineStyle300</styleUrl>
					<MultiGeometry>
						<LineString>
							<coordinates>
								110.8361556730001,-7.665320995999934,0 110.8361560060001,-7.665269341999931,0 110.8361562820001,-7.66521759699998,0 110.8361435620001,-7.665129381999975,0 110.8361153230001,-7.665093579999963,0 110.8360591750001,-7.665090718999977,0 110.8359746620001,-7.665098450999949,0 110.8359291800001,-7.665109521999965,0 110.8358773320001,-7.665125046999948,0 110.8358364630001,-7.665149165999934,0 110.8358087300001,-7.665188242999932,0 110.835787677,-7.665248602999952,0 110.835784108,-7.665340677999951,0 110.8357913370001,-7.665411129999939,0 110.8358008000001,-7.665485358999945,0 110.8358208550001,-7.665563146999945,0 110.8358467130001,-7.665613237999935,0 110.835887428,-7.665666114999965,0 110.836373801,-7.665833480999935,0 110.8366948970001,-7.665945972999964,0 110.8369147690001,-7.666127547999963,0 110.8370958770001,-7.666097553999975,0 110.836922653,-7.665451486999928,0 110.836532075,-7.663981543999967,0 110.8353862180001,-7.659532882999941,0 110.8340351250001,-7.655113664999931,0 110.832488003,-7.650614299999972,0 110.8319030110001,-7.649142881999978,0 110.8307860520001,-7.646214662999967,0 110.8303083610001,-7.644504806999977,0 110.8294219030001,-7.641211303999967,0 110.82875282,-7.639120611999942,0 110.8280180010001,-7.636142149999955,0 
							</coordinates>
						</LineString>
					</MultiGeometry>
				</Placemark>
				<Placemark id="ID_30044">
					<name>CLOSURE DELTA MERLIN TO CLOSURE TELUKAN</name>
					<Snippet maxLines="0"></Snippet>
					<description><![CDATA[<html xmlns:fo="http://www.w3.org/1999/XSL/Format" xmlns:msxsl="urn:schemas-microsoft-com:xslt">

<head>

<META http-equiv="Content-Type" content="text/html">

<meta http-equiv="content-type" content="text/html; charset=UTF-8">

</head>

<body style="margin:0px 0px 0px 0px;overflow:auto;background:#FFFFFF;">

<table style="font-family:Arial,Verdana,Times;font-size:12px;text-align:left;width:100%;border-collapse:collapse;padding:3px 3px 3px 3px">

<tr style="text-align:center;font-weight:bold;background:#9CBCE2">

<td>CLOSURE DELTA MERLIN TO CLOSURE TELUKAN</td>

</tr>

<tr>

<td>

<table style="font-family:Arial,Verdana,Times;font-size:12px;text-align:left;width:100%;border-spacing:0px; padding:3px 3px 3px 3px">

<tr>

<td>FID</td>

<td>44</td>

</tr>

<tr bgcolor="#D4E4F3">

<td>OID_</td>

<td>0</td>

</tr>

<tr>

<td>Name</td>

<td>CLOSURE DELTA MERLIN TO CLOSURE TELUKAN</td>

</tr>

<tr bgcolor="#D4E4F3">

<td>FolderPath</td>

<td>PEMKAB SUKOHARJO FIX/CLOSURE DELTA MERLIN TO CLOSURE TELUKAN</td>

</tr>

<tr>

<td>PopupInfo</td>

<td>KU 24 CORE</td>

</tr>

<tr bgcolor="#D4E4F3">

<td>Shape_Leng</td>

<td>0.015755</td>

</tr>

</table>

</td>

</tr>

</table>

</body>

</html>]]></description>
					<styleUrl>#LineStyle300</styleUrl>
					<MultiGeometry>
						<LineString>
							<coordinates>
								110.8217974260001,-7.62190543099996,0 110.8222949410001,-7.623216949999971,0 110.823161079,-7.625241561999928,0 110.8240744650001,-7.627334711999936,0 110.8252127680001,-7.629631318999942,0 110.8261733520001,-7.631603906999942,0 110.8268418060001,-7.63304704899997,0 110.8272079660001,-7.63378653999996,0 110.828108355,-7.636325080999939,0 
							</coordinates>
						</LineString>
					</MultiGeometry>
				</Placemark>
				<Placemark id="ID_30045">
					<name>CLOSURE TELUKAN TO ODP KEL TELUKAN</name>
					<Snippet maxLines="0"></Snippet>
					<description><![CDATA[<html xmlns:fo="http://www.w3.org/1999/XSL/Format" xmlns:msxsl="urn:schemas-microsoft-com:xslt">

<head>

<META http-equiv="Content-Type" content="text/html">

<meta http-equiv="content-type" content="text/html; charset=UTF-8">

</head>

<body style="margin:0px 0px 0px 0px;overflow:auto;background:#FFFFFF;">

<table style="font-family:Arial,Verdana,Times;font-size:12px;text-align:left;width:100%;border-collapse:collapse;padding:3px 3px 3px 3px">

<tr style="text-align:center;font-weight:bold;background:#9CBCE2">

<td>CLOSURE TELUKAN TO ODP KEL TELUKAN</td>

</tr>

<tr>

<td>

<table style="font-family:Arial,Verdana,Times;font-size:12px;text-align:left;width:100%;border-spacing:0px; padding:3px 3px 3px 3px">

<tr>

<td>FID</td>

<td>45</td>

</tr>

<tr bgcolor="#D4E4F3">

<td>OID_</td>

<td>0</td>

</tr>

<tr>

<td>Name</td>

<td>CLOSURE TELUKAN TO ODP KEL TELUKAN</td>

</tr>

<tr bgcolor="#D4E4F3">

<td>FolderPath</td>

<td>PEMKAB SUKOHARJO FIX/CLOSURE TELUKAN TO ODP KEL TELUKAN</td>

</tr>

<tr>

<td>PopupInfo</td>

<td>KU 12 CORE</td>

</tr>

<tr bgcolor="#D4E4F3">

<td>Shape_Leng</td>

<td>0.001937</td>

</tr>

</table>

</td>

</tr>

</table>

</body>

</html>]]></description>
					<styleUrl>#LineStyle300</styleUrl>
					<MultiGeometry>
						<LineString>
							<coordinates>
								110.821054244,-7.620132848999958,0 110.8218019560001,-7.621919241999933,0 
							</coordinates>
						</LineString>
					</MultiGeometry>
				</Placemark>
				<Placemark id="ID_30046">
					<name>ODP KEL TELUKAN TO CLOSURE BACEM</name>
					<Snippet maxLines="0"></Snippet>
					<description><![CDATA[<html xmlns:fo="http://www.w3.org/1999/XSL/Format" xmlns:msxsl="urn:schemas-microsoft-com:xslt">

<head>

<META http-equiv="Content-Type" content="text/html">

<meta http-equiv="content-type" content="text/html; charset=UTF-8">

</head>

<body style="margin:0px 0px 0px 0px;overflow:auto;background:#FFFFFF;">

<table style="font-family:Arial,Verdana,Times;font-size:12px;text-align:left;width:100%;border-collapse:collapse;padding:3px 3px 3px 3px">

<tr style="text-align:center;font-weight:bold;background:#9CBCE2">

<td>ODP KEL TELUKAN TO CLOSURE BACEM</td>

</tr>

<tr>

<td>

<table style="font-family:Arial,Verdana,Times;font-size:12px;text-align:left;width:100%;border-spacing:0px; padding:3px 3px 3px 3px">

<tr>

<td>FID</td>

<td>46</td>

</tr>

<tr bgcolor="#D4E4F3">

<td>OID_</td>

<td>0</td>

</tr>

<tr>

<td>Name</td>

<td>ODP KEL TELUKAN TO CLOSURE BACEM</td>

</tr>

<tr bgcolor="#D4E4F3">

<td>FolderPath</td>

<td>PEMKAB SUKOHARJO FIX/ODP KEL TELUKAN TO CLOSURE BACEM</td>

</tr>

<tr>

<td>PopupInfo</td>

<td>KU 12 CORE</td>

</tr>

<tr bgcolor="#D4E4F3">

<td>Shape_Leng</td>

<td>0.008636</td>

</tr>

</table>

</td>

</tr>

</table>

</body>

</html>]]></description>
					<styleUrl>#LineStyle300</styleUrl>
					<MultiGeometry>
						<LineString>
							<coordinates>
								110.818859816,-7.611918651999929,0 110.8189965970001,-7.612844334999977,0 110.8190270190001,-7.613180549999981,0 110.8192199480001,-7.614187111999968,0 110.8192788010001,-7.614306612999939,0 110.8194232990001,-7.615607147999981,0 110.8194645300001,-7.615934834999962,0 110.8195576110001,-7.616336975999957,0 110.8196543300001,-7.616689719999954,0 110.8205257230001,-7.618833649999942,0 110.8207411820001,-7.619309935999979,0 110.821089918,-7.620194072999937,0 
							</coordinates>
						</LineString>
					</MultiGeometry>
				</Placemark>
				<Placemark id="ID_30047">
					<name>CLOSURE BACEM TO PUSKESMAS GROGOL</name>
					<Snippet maxLines="0"></Snippet>
					<description><![CDATA[<html xmlns:fo="http://www.w3.org/1999/XSL/Format" xmlns:msxsl="urn:schemas-microsoft-com:xslt">

<head>

<META http-equiv="Content-Type" content="text/html">

<meta http-equiv="content-type" content="text/html; charset=UTF-8">

</head>

<body style="margin:0px 0px 0px 0px;overflow:auto;background:#FFFFFF;">

<table style="font-family:Arial,Verdana,Times;font-size:12px;text-align:left;width:100%;border-collapse:collapse;padding:3px 3px 3px 3px">

<tr style="text-align:center;font-weight:bold;background:#9CBCE2">

<td>KU 12 CORE</td>

</tr>

<tr>

<td>

<table style="font-family:Arial,Verdana,Times;font-size:12px;text-align:left;width:100%;border-spacing:0px; padding:3px 3px 3px 3px">

<tr>

<td>FID</td>

<td>47</td>

</tr>

<tr bgcolor="#D4E4F3">

<td>OID_</td>

<td>0</td>

</tr>

<tr>

<td>Name</td>

<td>KU 12 CORE</td>

</tr>

<tr bgcolor="#D4E4F3">

<td>FolderPath</td>

<td>PEMKAB SUKOHARJO FIX/CLOSURE BACEM TO PUSKESMAS GROGOL</td>

</tr>

<tr>

<td>PopupInfo</td>

<td>KU 12 CORE</td>

</tr>

<tr bgcolor="#D4E4F3">

<td>Shape_Leng</td>

<td>0.01176</td>

</tr>

</table>

</td>

</tr>

</table>

</body>

</html>]]></description>
					<styleUrl>#LineStyle300</styleUrl>
					<MultiGeometry>
						<LineString>
							<coordinates>
								110.8193758750001,-7.600319680999981,0 110.8194749860001,-7.60042103399996,0 110.8191612900001,-7.601178677999942,0 110.8188369980001,-7.602258440999949,0 110.8188212730001,-7.603534880999979,0 110.8188860920001,-7.605192918999932,0 110.8188774970001,-7.606554293999985,0 110.8188800630001,-7.608075168999958,0 110.8188603990001,-7.60964588699995,0 110.8188352560001,-7.61066279899995,0 110.818824099,-7.610965671999961,0 110.818818477,-7.611156933999945,0 110.8187964950001,-7.611474007999952,0 110.8188603900001,-7.611921463999982,0 
							</coordinates>
						</LineString>
					</MultiGeometry>
				</Placemark>
				<Placemark id="ID_30048">
					<name>RERUTE CLOSURE TELUKAN TO TEGALMADE</name>
					<Snippet maxLines="0"></Snippet>
					<description><![CDATA[<html xmlns:fo="http://www.w3.org/1999/XSL/Format" xmlns:msxsl="urn:schemas-microsoft-com:xslt">

<head>

<META http-equiv="Content-Type" content="text/html">

<meta http-equiv="content-type" content="text/html; charset=UTF-8">

</head>

<body style="margin:0px 0px 0px 0px;overflow:auto;background:#FFFFFF;">

<table style="font-family:Arial,Verdana,Times;font-size:12px;text-align:left;width:100%;border-collapse:collapse;padding:3px 3px 3px 3px">

<tr style="text-align:center;font-weight:bold;background:#9CBCE2">

<td>RERUTE CLOSURE TELUKAN TO TEGALMADE</td>

</tr>

<tr>

<td>

<table style="font-family:Arial,Verdana,Times;font-size:12px;text-align:left;width:100%;border-spacing:0px; padding:3px 3px 3px 3px">

<tr>

<td>FID</td>

<td>48</td>

</tr>

<tr bgcolor="#D4E4F3">

<td>OID_</td>

<td>0</td>

</tr>

<tr>

<td>Name</td>

<td>RERUTE CLOSURE TELUKAN TO TEGALMADE</td>

</tr>

<tr bgcolor="#D4E4F3">

<td>FolderPath</td>

<td>PEMKAB SUKOHARJO FIX/CLOSURE TELUKAN TO CLOSURE TEGALMADE</td>

</tr>

<tr>

<td>PopupInfo</td>

<td>KU 12 CORE</td>

</tr>

<tr bgcolor="#D4E4F3">

<td>Shape_Leng</td>

<td>0.033629</td>

</tr>

</table>

</td>

</tr>

</table>

</body>

</html>]]></description>
					<styleUrl>#LineStyle300</styleUrl>
					<MultiGeometry>
						<LineString>
							<coordinates>
								110.851540442,-7.627469099999928,0 110.8503378680001,-7.62720578099993,0 110.8495851600001,-7.627025621999962,0 110.8482837670001,-7.626718601999926,0 110.8470639000001,-7.626460259999931,0 110.8462230420001,-7.626276192999968,0 110.8452817990001,-7.626055338999947,0 110.844523408,-7.625876765999976,0 110.8433436680001,-7.625606127999959,0 110.8432230800001,-7.625695979999932,0 110.8430964300001,-7.626366814999927,0 110.8429600000001,-7.626659999999959,0 110.8428782630001,-7.626964285999975,0 110.8427297820001,-7.627733442999953,0 110.8426089440001,-7.628119138999978,0 110.842511346,-7.62812813499994,0 110.8423806120001,-7.628115849999972,0 110.8408808620001,-7.627423660999967,0 110.8397563110001,-7.627092332999952,0 110.8395620000001,-7.627096507999966,0 110.838686544,-7.627321396999946,0 110.8382929130001,-7.627326809999943,0 110.837406834,-7.627229545999967,0 110.8359462230001,-7.627095256999952,0 110.8337605310001,-7.626395533999926,0 110.8333753330001,-7.626257291999933,0 110.8330679490001,-7.626126650999936,0 110.8327236060001,-7.625950513999953,0 110.8316449360001,-7.625280227999951,0 110.8313766860001,-7.625131967999948,0 110.8314154680001,-7.624880565999944,0 110.8314774620001,-7.624513432999947,0 110.8312668900001,-7.624393821999945,0 110.8304498210001,-7.624121826999954,0 110.828717855,-7.623682046999932,0 110.8265799710001,-7.623129993999953,0 110.8248827470001,-7.622686185999953,0 110.8236188930001,-7.622367133999944,0 110.8226560910001,-7.622128521999969,0 110.822237171,-7.622015411999939,0 110.8217985850001,-7.621912847999965,0 
							</coordinates>
						</LineString>
					</MultiGeometry>
				</Placemark>
				<Placemark id="ID_30049">
					<name>RERUTE CLOSURE TELUKAN TO MOJOLABAN</name>
					<Snippet maxLines="0"></Snippet>
					<description><![CDATA[<html xmlns:fo="http://www.w3.org/1999/XSL/Format" xmlns:msxsl="urn:schemas-microsoft-com:xslt">

<head>

<META http-equiv="Content-Type" content="text/html">

<meta http-equiv="content-type" content="text/html; charset=UTF-8">

</head>

<body style="margin:0px 0px 0px 0px;overflow:auto;background:#FFFFFF;">

<table style="font-family:Arial,Verdana,Times;font-size:12px;text-align:left;width:100%;border-collapse:collapse;padding:3px 3px 3px 3px">

<tr style="text-align:center;font-weight:bold;background:#9CBCE2">

<td>RERUTE CLOSURE TELUKAN TO MOJOLABAN</td>

</tr>

<tr>

<td>

<table style="font-family:Arial,Verdana,Times;font-size:12px;text-align:left;width:100%;border-spacing:0px; padding:3px 3px 3px 3px">

<tr>

<td>FID</td>

<td>49</td>

</tr>

<tr bgcolor="#D4E4F3">

<td>OID_</td>

<td>0</td>

</tr>

<tr>

<td>Name</td>

<td>RERUTE CLOSURE TELUKAN TO MOJOLABAN</td>

</tr>

<tr bgcolor="#D4E4F3">

<td>FolderPath</td>

<td>PEMKAB SUKOHARJO FIX/CLOSURE TEGALMADE TO ODP SIMPANG MOJOLABAN</td>

</tr>

<tr>

<td>PopupInfo</td>

<td>KU 12 CORE</td>

</tr>

<tr bgcolor="#D4E4F3">

<td>Shape_Leng</td>

<td>0.03597</td>

</tr>

</table>

</td>

</tr>

</table>

</body>

</html>]]></description>
					<styleUrl>#LineStyle300</styleUrl>
					<MultiGeometry>
						<LineString>
							<coordinates>
								110.8720737280001,-7.612055133999946,0 110.8719461420001,-7.612346743999979,0 110.8717086280001,-7.612833793999926,0 110.8715912950001,-7.613266573999966,0 110.871597336,-7.613608282999963,0 110.8716185070001,-7.614752653999972,0 110.871618519,-7.615505105999944,0 110.8716459390001,-7.61635367799994,0 110.871498913,-7.61722217099998,0 110.8711637500001,-7.618956926999942,0 110.8708761240001,-7.620407801999932,0 110.870631233,-7.621614376999958,0 110.8703704150001,-7.622612668999977,0 110.8702198270001,-7.623018164999963,0 110.8700556150001,-7.623385414999974,0 110.86992874,-7.623735351999925,0 110.8698591690001,-7.62410277799995,0 110.869739726,-7.624947057999975,0 110.8695883520001,-7.626085719999935,0 110.8693111730001,-7.627689895999935,0 110.8680807420001,-7.627462296999966,0 110.866280363,-7.627120673999968,0 110.866052154,-7.627145236999979,0 110.865945336,-7.627374326999928,0 110.8658409100001,-7.628749309999933,0 110.865747974,-7.629176131999942,0 110.8639963960001,-7.62934138999998,0 110.8625530580001,-7.629735937999953,0 110.8617327440001,-7.62982115799997,0 110.8614289720001,-7.629821206999963,0 110.8604203530001,-7.629607269999951,0 110.858241745,-7.629078458999969,0 110.856629631,-7.628693938999959,0 110.8548772790001,-7.628294068999935,0 110.8533488190001,-7.627929127999949,0 110.8514974240001,-7.62746556299993,0 
							</coordinates>
						</LineString>
					</MultiGeometry>
				</Placemark>
				<Placemark id="ID_30050">
					<name>ODP SIMPANG TUGU MOJOLABAN TO ODP PASAR POLOKARTO</name>
					<Snippet maxLines="0"></Snippet>
					<description><![CDATA[<html xmlns:fo="http://www.w3.org/1999/XSL/Format" xmlns:msxsl="urn:schemas-microsoft-com:xslt">

<head>

<META http-equiv="Content-Type" content="text/html">

<meta http-equiv="content-type" content="text/html; charset=UTF-8">

</head>

<body style="margin:0px 0px 0px 0px;overflow:auto;background:#FFFFFF;">

<table style="font-family:Arial,Verdana,Times;font-size:12px;text-align:left;width:100%;border-collapse:collapse;padding:3px 3px 3px 3px">

<tr style="text-align:center;font-weight:bold;background:#9CBCE2">

<td>ODP SIMPANG TUGU MOJOLABAN TO ODP PASAR POLOKARTO</td>

</tr>

<tr>

<td>

<table style="font-family:Arial,Verdana,Times;font-size:12px;text-align:left;width:100%;border-spacing:0px; padding:3px 3px 3px 3px">

<tr>

<td>FID</td>

<td>50</td>

</tr>

<tr bgcolor="#D4E4F3">

<td>OID_</td>

<td>0</td>

</tr>

<tr>

<td>Name</td>

<td>ODP SIMPANG TUGU MOJOLABAN TO ODP PASAR POLOKARTO</td>

</tr>

<tr bgcolor="#D4E4F3">

<td>FolderPath</td>

<td>PEMKAB SUKOHARJO FIX/ODP SIMPANG TUGU MOJOLABAN TO ODP PASAR POLOKARTO</td>

</tr>

<tr>

<td>PopupInfo</td>

<td>KU 12 CORE</td>

</tr>

<tr bgcolor="#D4E4F3">

<td>Shape_Leng</td>

<td>0.031649</td>

</tr>

</table>

</td>

</tr>

</table>

</body>

</html>]]></description>
					<styleUrl>#LineStyle300</styleUrl>
					<MultiGeometry>
						<LineString>
							<coordinates>
								110.893403741,-7.622857484999932,0 110.8933106870001,-7.622083471999932,0 110.8931397800001,-7.620881829999974,0 110.8929732870001,-7.61962823599993,0 110.8928292090001,-7.618694594999971,0 110.8926648410001,-7.617338051999987,0 110.8925526630001,-7.616362740999938,0 110.8923668020001,-7.61502586799997,0 110.8922404580001,-7.61417717099993,0 110.892252634,-7.613983107999955,0 110.892379421,-7.61378027799998,0 110.8922285840001,-7.613712969999932,0 110.8913691940001,-7.613420157999933,0 110.891160164,-7.613444614999929,0 110.890630377,-7.613265799999961,0 110.8897586460001,-7.612940999999973,0 110.8890797340001,-7.612640754999964,0 110.8877423800001,-7.612141891999959,0 110.886296272,-7.611708406999971,0 110.8857957910001,-7.611581481999968,0 110.8854504830001,-7.611522014999941,0 110.8836493890001,-7.611287036999952,0 110.882094001,-7.611108353999953,0 110.8802990460001,-7.610848351999944,0 110.8784557290001,-7.610651636999934,0 110.8767077760001,-7.61042335399997,0 110.8749792170001,-7.610144207999947,0 110.8745456840001,-7.60996377599997,0 110.8737439170001,-7.609646712999965,0 110.8733700940001,-7.609527004999964,0 110.873157952,-7.610019679999931,0 110.8723421600001,-7.611585081999969,0 110.8720473210001,-7.612048013999983,0 
							</coordinates>
						</LineString>
					</MultiGeometry>
				</Placemark>
				<Placemark id="ID_30051">
					<name>CLOSURE POLOKARTO TO ODP PASAR POLOAKRTO</name>
					<Snippet maxLines="0"></Snippet>
					<description><![CDATA[<html xmlns:fo="http://www.w3.org/1999/XSL/Format" xmlns:msxsl="urn:schemas-microsoft-com:xslt">

<head>

<META http-equiv="Content-Type" content="text/html">

<meta http-equiv="content-type" content="text/html; charset=UTF-8">

</head>

<body style="margin:0px 0px 0px 0px;overflow:auto;background:#FFFFFF;">

<table style="font-family:Arial,Verdana,Times;font-size:12px;text-align:left;width:100%;border-collapse:collapse;padding:3px 3px 3px 3px">

<tr style="text-align:center;font-weight:bold;background:#9CBCE2">

<td>CLOSURE POLOKARTO TO ODP PASAR POLOAKRTO</td>

</tr>

<tr>

<td>

<table style="font-family:Arial,Verdana,Times;font-size:12px;text-align:left;width:100%;border-spacing:0px; padding:3px 3px 3px 3px">

<tr>

<td>FID</td>

<td>51</td>

</tr>

<tr bgcolor="#D4E4F3">

<td>OID_</td>

<td>0</td>

</tr>

<tr>

<td>Name</td>

<td>CLOSURE POLOKARTO TO ODP PASAR POLOAKRTO</td>

</tr>

<tr bgcolor="#D4E4F3">

<td>FolderPath</td>

<td>PEMKAB SUKOHARJO FIX/ODP SIMPANG TUGU MOJOLABAN TO ODP PASAR POLOKARTO</td>

</tr>

<tr>

<td>PopupInfo</td>

<td>KU 12 CORE</td>

</tr>

<tr bgcolor="#D4E4F3">

<td>Shape_Leng</td>

<td>0.003055</td>

</tr>

</table>

</td>

</tr>

</table>

</body>

</html>]]></description>
					<styleUrl>#LineStyle300</styleUrl>
					<MultiGeometry>
						<LineString>
							<coordinates>
								110.893952008,-7.625694630999932,0 110.8938455370001,-7.625429357999963,0 110.8938014280001,-7.625180740999954,0 110.893724509,-7.624197665999935,0 110.893510522,-7.623645033999931,0 110.8933912310001,-7.622714610999936,0 
							</coordinates>
						</LineString>
					</MultiGeometry>
				</Placemark>
				<Placemark id="ID_30052">
					<name>CLOSURE BACEM TO SIMPANG PANDAWA</name>
					<Snippet maxLines="0"></Snippet>
					<description><![CDATA[<html xmlns:fo="http://www.w3.org/1999/XSL/Format" xmlns:msxsl="urn:schemas-microsoft-com:xslt">

<head>

<META http-equiv="Content-Type" content="text/html">

<meta http-equiv="content-type" content="text/html; charset=UTF-8">

</head>

<body style="margin:0px 0px 0px 0px;overflow:auto;background:#FFFFFF;">

<table style="font-family:Arial,Verdana,Times;font-size:12px;text-align:left;width:100%;border-collapse:collapse;padding:3px 3px 3px 3px">

<tr style="text-align:center;font-weight:bold;background:#9CBCE2">

<td>CLOSURE BACEM TO SIMPANG PANDAWA</td>

</tr>

<tr>

<td>

<table style="font-family:Arial,Verdana,Times;font-size:12px;text-align:left;width:100%;border-spacing:0px; padding:3px 3px 3px 3px">

<tr>

<td>FID</td>

<td>52</td>

</tr>

<tr bgcolor="#D4E4F3">

<td>OID_</td>

<td>0</td>

</tr>

<tr>

<td>Name</td>

<td>CLOSURE BACEM TO SIMPANG PANDAWA</td>

</tr>

<tr bgcolor="#D4E4F3">

<td>FolderPath</td>

<td>PEMKAB SUKOHARJO FIX/CLOSURE BACEM TO ODP SIMPANG PANDAWA</td>

</tr>

<tr>

<td>PopupInfo</td>

<td>KU 12 CORE</td>

</tr>

<tr bgcolor="#D4E4F3">

<td>Shape_Leng</td>

<td>0.009128</td>

</tr>

</table>

</td>

</tr>

</table>

</body>

</html>]]></description>
					<styleUrl>#LineStyle300</styleUrl>
					<MultiGeometry>
						<LineString>
							<coordinates>
								110.8110566970001,-7.60828289899996,0 110.8111362450001,-7.60826424499993,0 110.811286679,-7.608300924999981,0 110.811452311,-7.608361270999978,0 110.8114935280001,-7.608493093999925,0 110.8118649240001,-7.60867868899993,0 110.8128640930001,-7.609078997999972,0 110.8130452470001,-7.609084465999956,0 110.8131358970001,-7.609190085999955,0 110.8144421390001,-7.60964682499997,0 110.8143841670001,-7.609780364999948,0 110.8143902860001,-7.609955902999957,0 110.8148201020001,-7.610107100999926,0 110.816367094,-7.610728823999978,0 110.8178833630001,-7.611295126999949,0 110.818412746,-7.611540985999966,0 110.8185856390001,-7.61172978899998,0 110.8186377650001,-7.611963499999945,0 110.8188718100001,-7.611912037999957,0 
							</coordinates>
						</LineString>
					</MultiGeometry>
				</Placemark>
				<Placemark id="ID_30053">
					<name>SIMPANG PANDAWA TO SIMPANG KADILANGU</name>
					<Snippet maxLines="0"></Snippet>
					<description><![CDATA[<html xmlns:fo="http://www.w3.org/1999/XSL/Format" xmlns:msxsl="urn:schemas-microsoft-com:xslt">

<head>

<META http-equiv="Content-Type" content="text/html">

<meta http-equiv="content-type" content="text/html; charset=UTF-8">

</head>

<body style="margin:0px 0px 0px 0px;overflow:auto;background:#FFFFFF;">

<table style="font-family:Arial,Verdana,Times;font-size:12px;text-align:left;width:100%;border-collapse:collapse;padding:3px 3px 3px 3px">

<tr style="text-align:center;font-weight:bold;background:#9CBCE2">

<td>SIMPANG PANDAWA TO SIMPANG KADILANGU</td>

</tr>

<tr>

<td>

<table style="font-family:Arial,Verdana,Times;font-size:12px;text-align:left;width:100%;border-spacing:0px; padding:3px 3px 3px 3px">

<tr>

<td>FID</td>

<td>53</td>

</tr>

<tr bgcolor="#D4E4F3">

<td>OID_</td>

<td>0</td>

</tr>

<tr>

<td>Name</td>

<td>SIMPANG PANDAWA TO SIMPANG KADILANGU</td>

</tr>

<tr bgcolor="#D4E4F3">

<td>FolderPath</td>

<td>PEMKAB SUKOHARJO FIX/ODP SIMPANG PANDAWA TO ODP SIMPANG KADILANGU</td>

</tr>

<tr>

<td>PopupInfo</td>

<td>KU 12 CORE</td>

</tr>

<tr bgcolor="#D4E4F3">

<td>Shape_Leng</td>

<td>0.025233</td>

</tr>

</table>

</td>

</tr>

</table>

</body>

</html>]]></description>
					<styleUrl>#LineStyle300</styleUrl>
					<MultiGeometry>
						<LineString>
							<coordinates>
								110.7895949420001,-7.606201945999942,0 110.7906141590001,-7.606063397999947,0 110.7914089620001,-7.605988406999927,0 110.7916258970001,-7.606106720999946,0 110.7921285510001,-7.60623087099998,0 110.7929159230001,-7.60647059799993,0 110.7939350770001,-7.606844167999952,0 110.7949530060001,-7.607223139999974,0 110.79646525,-7.607731168999975,0 110.7979134890001,-7.608210827999926,0 110.7989133130001,-7.608580243999938,0 110.8003691090001,-7.60903019899996,0 110.8011108780001,-7.609278910999932,0 110.8020750080001,-7.609605143999943,0 110.803121424,-7.609976658999927,0 110.8032646770001,-7.609882917999926,0 110.8039513270001,-7.608163678999973,0 110.80454201,-7.60637970099998,0 110.8048166290001,-7.606208000999971,0 110.8056976560001,-7.606588619999969,0 110.8077684370001,-7.607337815999927,0 110.808882693,-7.607783509999933,0 110.8107565760001,-7.608536396999966,0 110.8109086140001,-7.608340681999948,0 110.8110687700001,-7.608281692999981,0 
							</coordinates>
						</LineString>
					</MultiGeometry>
				</Placemark>
				<Placemark id="ID_30054">
					<name>KADILANGU TO TUGU LILIN GAWOK</name>
					<Snippet maxLines="0"></Snippet>
					<description><![CDATA[<html xmlns:fo="http://www.w3.org/1999/XSL/Format" xmlns:msxsl="urn:schemas-microsoft-com:xslt">

<head>

<META http-equiv="Content-Type" content="text/html">

<meta http-equiv="content-type" content="text/html; charset=UTF-8">

</head>

<body style="margin:0px 0px 0px 0px;overflow:auto;background:#FFFFFF;">

<table style="font-family:Arial,Verdana,Times;font-size:12px;text-align:left;width:100%;border-collapse:collapse;padding:3px 3px 3px 3px">

<tr style="text-align:center;font-weight:bold;background:#9CBCE2">

<td>KADILANGU TO TUGU LILIN GAWOK</td>

</tr>

<tr>

<td>

<table style="font-family:Arial,Verdana,Times;font-size:12px;text-align:left;width:100%;border-spacing:0px; padding:3px 3px 3px 3px">

<tr>

<td>FID</td>

<td>54</td>

</tr>

<tr bgcolor="#D4E4F3">

<td>OID_</td>

<td>0</td>

</tr>

<tr>

<td>Name</td>

<td>KADILANGU TO TUGU LILIN GAWOK</td>

</tr>

<tr bgcolor="#D4E4F3">

<td>FolderPath</td>

<td>PEMKAB SUKOHARJO FIX/ODP KADILANGU TO CLOSURE TUGU LILIN GAWOK</td>

</tr>

<tr>

<td>PopupInfo</td>

<td>KU 12 CORE</td>

</tr>

<tr bgcolor="#D4E4F3">

<td>Shape_Leng</td>

<td>0.034199</td>

</tr>

</table>

</td>

</tr>

</table>

</body>

</html>]]></description>
					<styleUrl>#LineStyle300</styleUrl>
					<MultiGeometry>
						<LineString>
							<coordinates>
								110.7574826190001,-7.599700561999953,0 110.7574856960001,-7.599695722999968,0 110.758506847,-7.600097554999934,0 110.7600325240001,-7.600654749999933,0 110.7615152830001,-7.601181044999976,0 110.7625236270001,-7.601598149999973,0 110.7628237340001,-7.601607684999976,0 110.763064033,-7.601730243999952,0 110.7635048080001,-7.602011371999937,0 110.763827882,-7.602250083999933,0 110.7642453620001,-7.60233094299997,0 110.76524656,-7.602557587999968,0 110.7657913880001,-7.602734516999932,0 110.7659124950001,-7.602656168999943,0 110.766103946,-7.602325671999949,0 110.7662921350001,-7.602219602999981,0 110.7664998240001,-7.602202994999971,0 110.7676348320001,-7.602210921999928,0 110.7686444910001,-7.60226728799995,0 110.7695313400001,-7.602328451999938,0 110.770592386,-7.602336433999938,0 110.7714777000001,-7.602386340999942,0 110.772427393,-7.60244985099996,0 110.7735005750001,-7.602543170999979,0 110.7745870900001,-7.60263656099994,0 110.77574415,-7.602709113999935,0 110.776551774,-7.602722894999943,0 110.778223692,-7.602612351999937,0 110.7790021220001,-7.602606649999928,0 110.7794870450001,-7.60274323799996,0 110.7799814060001,-7.603044841999974,0 110.780530415,-7.603278819999957,0 110.7814921740001,-7.603687838999973,0 110.7819003740001,-7.603970583999967,0 110.782420459,-7.604164665999974,0 110.7828822640001,-7.604324897999959,0 110.7834383330001,-7.604572241999961,0 110.7836750530001,-7.604589513999939,0 110.7839124260001,-7.604587362999951,0 110.7843370180001,-7.604686250999976,0 110.7852017540001,-7.60485427499998,0 110.7858208500001,-7.604963834999978,0 110.7866066400001,-7.605137661999947,0 110.7870117800001,-7.605221091999964,0 110.7876564950001,-7.605332546999932,0 110.7883993770001,-7.605477199999938,0 110.7885449030001,-7.605574228999956,0 110.788700825,-7.605713279999975,0 110.7886079640001,-7.606180091999931,0 110.7888149950001,-7.606320684999957,0 110.7895843050001,-7.606194986999981,0 
							</coordinates>
						</LineString>
					</MultiGeometry>
				</Placemark>
				<Placemark id="ID_30055">
					<name>TUGU LILIN GAWOK TO KEC GATAK</name>
					<Snippet maxLines="0"></Snippet>
					<description><![CDATA[<html xmlns:fo="http://www.w3.org/1999/XSL/Format" xmlns:msxsl="urn:schemas-microsoft-com:xslt">

<head>

<META http-equiv="Content-Type" content="text/html">

<meta http-equiv="content-type" content="text/html; charset=UTF-8">

</head>

<body style="margin:0px 0px 0px 0px;overflow:auto;background:#FFFFFF;">

<table style="font-family:Arial,Verdana,Times;font-size:12px;text-align:left;width:100%;border-collapse:collapse;padding:3px 3px 3px 3px">

<tr style="text-align:center;font-weight:bold;background:#9CBCE2">

<td>TUGU LILIN GAWOK TO KEC GATAK</td>

</tr>

<tr>

<td>

<table style="font-family:Arial,Verdana,Times;font-size:12px;text-align:left;width:100%;border-spacing:0px; padding:3px 3px 3px 3px">

<tr>

<td>FID</td>

<td>55</td>

</tr>

<tr bgcolor="#D4E4F3">

<td>OID_</td>

<td>0</td>

</tr>

<tr>

<td>Name</td>

<td>TUGU LILIN GAWOK TO KEC GATAK</td>

</tr>

<tr bgcolor="#D4E4F3">

<td>FolderPath</td>

<td>PEMKAB SUKOHARJO FIX/CLOSURE TUGU LILIN GAWOK TO ODP KEC GATAK</td>

</tr>

<tr>

<td>PopupInfo</td>

<td>KU 12 CORE</td>

</tr>

<tr bgcolor="#D4E4F3">

<td>Shape_Leng</td>

<td>0.017575</td>

</tr>

</table>

</td>

</tr>

</table>

</body>

</html>]]></description>
					<styleUrl>#LineStyle300</styleUrl>
					<MultiGeometry>
						<LineString>
							<coordinates>
								110.7450156300001,-7.591009135999967,0 110.7453299090001,-7.591320090999943,0 110.7458001840001,-7.591826436999952,0 110.7464153480001,-7.592450283999938,0 110.7467628840001,-7.592703455999981,0 110.7471412190001,-7.592890505999947,0 110.7480054920001,-7.593298947999926,0 110.7494350270001,-7.59401025099993,0 110.7513073480001,-7.594949180999947,0 110.7528065610001,-7.595647339999972,0 110.7539284320001,-7.596223045999977,0 110.754432723,-7.596494027999938,0 110.754404267,-7.596679798999957,0 110.754178751,-7.59720135799995,0 110.7539313870001,-7.597780199999932,0 110.7536832200001,-7.598287053999968,0 110.7535309260001,-7.598689028999957,0 110.7535771360001,-7.598850385999981,0 110.753857113,-7.598940765999942,0 110.7556073090001,-7.599099257999967,0 110.756459379,-7.599327482999968,0 110.7574964650001,-7.599687542999959,0 
							</coordinates>
						</LineString>
					</MultiGeometry>
				</Placemark>
				<Placemark id="ID_30056">
					<name>RERUTE ODP KEC GATAK TO CLOSURE KP ROTAN</name>
					<Snippet maxLines="0"></Snippet>
					<description><![CDATA[<html xmlns:fo="http://www.w3.org/1999/XSL/Format" xmlns:msxsl="urn:schemas-microsoft-com:xslt">

<head>

<META http-equiv="Content-Type" content="text/html">

<meta http-equiv="content-type" content="text/html; charset=UTF-8">

</head>

<body style="margin:0px 0px 0px 0px;overflow:auto;background:#FFFFFF;">

<table style="font-family:Arial,Verdana,Times;font-size:12px;text-align:left;width:100%;border-collapse:collapse;padding:3px 3px 3px 3px">

<tr style="text-align:center;font-weight:bold;background:#9CBCE2">

<td>RERUTE ODP KEC GATAK TO CLOSURE KP ROTAN</td>

</tr>

<tr>

<td>

<table style="font-family:Arial,Verdana,Times;font-size:12px;text-align:left;width:100%;border-spacing:0px; padding:3px 3px 3px 3px">

<tr>

<td>FID</td>

<td>56</td>

</tr>

<tr bgcolor="#D4E4F3">

<td>OID_</td>

<td>0</td>

</tr>

<tr>

<td>Name</td>

<td>RERUTE ODP KEC GATAK TO CLOSURE KP ROTAN</td>

</tr>

<tr bgcolor="#D4E4F3">

<td>FolderPath</td>

<td>PEMKAB SUKOHARJO FIX/KEC GATAK TO CLOSURE KP ROTAN</td>

</tr>

<tr>

<td>PopupInfo</td>

<td>KU 12 CORE</td>

</tr>

<tr bgcolor="#D4E4F3">

<td>Shape_Leng</td>

<td>0.025288</td>

</tr>

</table>

</td>

</tr>

</table>

</body>

</html>]]></description>
					<styleUrl>#LineStyle300</styleUrl>
					<MultiGeometry>
						<LineString>
							<coordinates>
								110.7404094340001,-7.581830562999926,0 110.7400362000001,-7.582390369999928,0 110.7406497260001,-7.582572103999952,0 110.740931796,-7.582619303999934,0 110.741099433,-7.582362974999967,0 110.7412835960001,-7.582038505999947,0 110.7415503510001,-7.582081936999941,0 110.7419738630001,-7.582303115999935,0 110.7420394320001,-7.582559086999936,0 110.7423156680001,-7.582677545999957,0 110.7428602430001,-7.582764081999926,0 110.7430771240001,-7.582861014999935,0 110.7429505460001,-7.58326001599994,0 110.7431079820001,-7.583466255999953,0 110.7433536460001,-7.583503513999972,0 110.7437396870001,-7.583579079999936,0 110.744217952,-7.583725935999951,0 110.7448695950001,-7.583994854999958,0 110.745011376,-7.583874962999971,0 110.745197385,-7.583484419999933,0 110.74537359,-7.58338379099996,0 110.7457304130001,-7.58357833499997,0 110.746469425,-7.583969122999974,0 110.747255039,-7.584385739999959,0 110.7476789130001,-7.584593172999974,0 110.7484415020001,-7.584936393999955,0 110.7488597920001,-7.585115535999932,0 110.749205654,-7.585274729999981,0 110.7495709030001,-7.585436962999949,0 110.7498515680001,-7.585536002999959,0 110.750522619,-7.585071084999982,0 110.7506317900001,-7.585002083999938,0 110.7512103820001,-7.58460230399993,0 110.7511703180001,-7.584538264999935,0 110.751287135,-7.584451030999958,0 110.751552437,-7.584736353999972,0 110.7516047540001,-7.584684840999954,0 110.7514875040001,-7.584773701999951,0 110.7509921450001,-7.585105604999967,0 110.7502296930001,-7.58564318699996,0 110.749927583,-7.585862290999955,0 110.7493112690001,-7.586311206999937,0 110.7480185750001,-7.587245931999973,0 110.7476927880001,-7.587448628999937,0 110.7467728140001,-7.588217633999932,0 110.7461274360001,-7.588821005999932,0 110.745257435,-7.589528116999929,0 110.7447041940001,-7.589982584999973,0 110.744343417,-7.590205535999928,0 110.7443067670001,-7.590325119999932,0 110.7446069480001,-7.590615766999974,0 110.7450120660001,-7.591028166999935,0 
							</coordinates>
						</LineString>
					</MultiGeometry>
				</Placemark>
				<Placemark id="ID_30057">
					<name>CLOSURE ROTAN TO CLOSURE AL KAUTSAR</name>
					<Snippet maxLines="0"></Snippet>
					<description><![CDATA[<html xmlns:fo="http://www.w3.org/1999/XSL/Format" xmlns:msxsl="urn:schemas-microsoft-com:xslt">

<head>

<META http-equiv="Content-Type" content="text/html">

<meta http-equiv="content-type" content="text/html; charset=UTF-8">

</head>

<body style="margin:0px 0px 0px 0px;overflow:auto;background:#FFFFFF;">

<table style="font-family:Arial,Verdana,Times;font-size:12px;text-align:left;width:100%;border-collapse:collapse;padding:3px 3px 3px 3px">

<tr style="text-align:center;font-weight:bold;background:#9CBCE2">

<td>CLOSURE ROTAN TO CLOSURE AL KAUTSAR</td>

</tr>

<tr>

<td>

<table style="font-family:Arial,Verdana,Times;font-size:12px;text-align:left;width:100%;border-spacing:0px; padding:3px 3px 3px 3px">

<tr>

<td>FID</td>

<td>57</td>

</tr>

<tr bgcolor="#D4E4F3">

<td>OID_</td>

<td>0</td>

</tr>

<tr>

<td>Name</td>

<td>CLOSURE ROTAN TO CLOSURE AL KAUTSAR</td>

</tr>

<tr bgcolor="#D4E4F3">

<td>FolderPath</td>

<td>PEMKAB SUKOHARJO FIX/CLOSURE KP ROTAN TO CLOSURE AL KAUTSAR</td>

</tr>

<tr>

<td>PopupInfo</td>

<td>KU 12 CORE</td>

</tr>

<tr bgcolor="#D4E4F3">

<td>Shape_Leng</td>

<td>0.034198</td>

</tr>

</table>

</td>

</tr>

</table>

</body>

</html>]]></description>
					<styleUrl>#LineStyle300</styleUrl>
					<MultiGeometry>
						<LineString>
							<coordinates>
								110.7415504650001,-7.555022061999979,0 110.7417167730001,-7.555114140999933,0 110.7415708200001,-7.555443346999938,0 110.7414151340001,-7.555752947999963,0 110.7410521400001,-7.556614585999967,0 110.7407426060001,-7.557524691999959,0 110.7404680490001,-7.558508618999952,0 110.7403467220001,-7.558603436999931,0 110.7399684760001,-7.558434188999968,0 110.739936582,-7.558632357999954,0 110.7397782950001,-7.559467721999965,0 110.7396634950001,-7.560073665999937,0 110.7395532950001,-7.560678744999962,0 110.7393865640001,-7.561372114999926,0 110.7395970690001,-7.561392197999965,0 110.7399978340001,-7.561441664999961,0 110.7405832540001,-7.561537298999951,0 110.741086937,-7.561664097999937,0 110.741329578,-7.561759736999932,0 110.7413975430001,-7.561962137999956,0 110.7412896370001,-7.56235133499996,0 110.7410637440001,-7.563241571999981,0 110.7407968370001,-7.563767085999928,0 110.7405281210001,-7.563984182999945,0 110.7403798460001,-7.564361821999967,0 110.739977943,-7.565401737999935,0 110.7398132490001,-7.565654379999955,0 110.739716172,-7.567089846999978,0 110.739652747,-7.567825826999979,0 110.739698392,-7.568127578999963,0 110.7396585350001,-7.568566806999968,0 110.7395191950001,-7.569390668999972,0 110.7394083500001,-7.570321478999972,0 110.7393329340001,-7.570629918999941,0 110.7391861520001,-7.571167366999931,0 110.7389392900001,-7.572228847999952,0 110.7388409100001,-7.572558066999932,0 110.7387936760001,-7.572673679999979,0 110.739838633,-7.572983730999965,0 110.740517637,-7.57321176499994,0 110.7412835860001,-7.573413738999932,0 110.7419491320001,-7.573679079999977,0 110.741821783,-7.57405039799994,0 110.7414026390001,-7.575467713999956,0 110.7411633230001,-7.576481095999952,0 110.7409222970001,-7.57738687799997,0 110.7405834880001,-7.578353657999969,0 110.7417322110001,-7.578684001999932,0 110.7421923730001,-7.57884265499996,0 110.7422014520001,-7.579111222999928,0 110.7419874780001,-7.579352428999926,0 110.741511636,-7.580091552999932,0 110.7409416640001,-7.58102553599997,0 110.7404067420001,-7.581839045999971,0 
							</coordinates>
						</LineString>
					</MultiGeometry>
				</Placemark>
				<Placemark id="ID_30058">
					<name>CLOSURE AL KAUTSAR TO SIMPANG KARTOSURO</name>
					<Snippet maxLines="0"></Snippet>
					<description><![CDATA[<html xmlns:fo="http://www.w3.org/1999/XSL/Format" xmlns:msxsl="urn:schemas-microsoft-com:xslt">

<head>

<META http-equiv="Content-Type" content="text/html">

<meta http-equiv="content-type" content="text/html; charset=UTF-8">

</head>

<body style="margin:0px 0px 0px 0px;overflow:auto;background:#FFFFFF;">

<table style="font-family:Arial,Verdana,Times;font-size:12px;text-align:left;width:100%;border-collapse:collapse;padding:3px 3px 3px 3px">

<tr style="text-align:center;font-weight:bold;background:#9CBCE2">

<td>CLOSURE AL KAUTSAR TO SIMPANG KARTOSURO</td>

</tr>

<tr>

<td>

<table style="font-family:Arial,Verdana,Times;font-size:12px;text-align:left;width:100%;border-spacing:0px; padding:3px 3px 3px 3px">

<tr>

<td>FID</td>

<td>58</td>

</tr>

<tr bgcolor="#D4E4F3">

<td>OID_</td>

<td>0</td>

</tr>

<tr>

<td>Name</td>

<td>CLOSURE AL KAUTSAR TO SIMPANG KARTOSURO</td>

</tr>

<tr bgcolor="#D4E4F3">

<td>FolderPath</td>

<td>PEMKAB SUKOHARJO FIX/CLOSURE AL KAUTSAR TO ODP SIMPANG KARTOSURO</td>

</tr>

<tr>

<td>PopupInfo</td>

<td>KU 12 CORE</td>

</tr>

<tr bgcolor="#D4E4F3">

<td>Shape_Leng</td>

<td>0.002835</td>

</tr>

</table>

</td>

</tr>

</table>

</body>

</html>]]></description>
					<styleUrl>#LineStyle300</styleUrl>
					<MultiGeometry>
						<LineString>
							<coordinates>
								110.742136992,-7.552447656999959,0 110.7420758520001,-7.552663161999931,0 110.7419555740001,-7.553001807999977,0 110.741728918,-7.553710708999972,0 110.7415889260001,-7.554092071999946,0 110.7414832850001,-7.554343096999958,0 110.7413121500001,-7.554728372999933,0 110.741381221,-7.554920266999943,0 110.7415548550001,-7.555025768999941,0 
							</coordinates>
						</LineString>
					</MultiGeometry>
				</Placemark>
				<Placemark id="ID_30059">
					<name>SIMPANG KARTOSURO TO KEC KARTOSURO</name>
					<Snippet maxLines="0"></Snippet>
					<description><![CDATA[<html xmlns:fo="http://www.w3.org/1999/XSL/Format" xmlns:msxsl="urn:schemas-microsoft-com:xslt">

<head>

<META http-equiv="Content-Type" content="text/html">

<meta http-equiv="content-type" content="text/html; charset=UTF-8">

</head>

<body style="margin:0px 0px 0px 0px;overflow:auto;background:#FFFFFF;">

<table style="font-family:Arial,Verdana,Times;font-size:12px;text-align:left;width:100%;border-collapse:collapse;padding:3px 3px 3px 3px">

<tr style="text-align:center;font-weight:bold;background:#9CBCE2">

<td>SIMPANG KARTOSURO TO KEC KARTOSURO</td>

</tr>

<tr>

<td>

<table style="font-family:Arial,Verdana,Times;font-size:12px;text-align:left;width:100%;border-spacing:0px; padding:3px 3px 3px 3px">

<tr>

<td>FID</td>

<td>59</td>

</tr>

<tr bgcolor="#D4E4F3">

<td>OID_</td>

<td>0</td>

</tr>

<tr>

<td>Name</td>

<td>SIMPANG KARTOSURO TO KEC KARTOSURO</td>

</tr>

<tr bgcolor="#D4E4F3">

<td>FolderPath</td>

<td>PEMKAB SUKOHARJO FIX/ODP SIMPANG KARTOSURO TO ODP KEC KARTOSURO</td>

</tr>

<tr>

<td>PopupInfo</td>

<td>KU 12 CORE</td>

</tr>

<tr bgcolor="#D4E4F3">

<td>Shape_Leng</td>

<td>0.005798</td>

</tr>

</table>

</td>

</tr>

</table>

</body>

</html>]]></description>
					<styleUrl>#LineStyle300</styleUrl>
					<MultiGeometry>
						<LineString>
							<coordinates>
								110.7438127560001,-7.547125247999929,0 110.743597977,-7.547817664999968,0 110.7433970960001,-7.548491054999944,0 110.7431770120001,-7.549367706999931,0 110.7428707190001,-7.550596846999952,0 110.7425139600001,-7.552051970999969,0 110.7424202390001,-7.552311853999981,0 110.7421968450001,-7.55226683799998,0 110.742140851,-7.552455738999981,0 
							</coordinates>
						</LineString>
					</MultiGeometry>
				</Placemark>
				<Placemark id="ID_30060">
					<name>GEDUNG WIJAYA TOCLOSURE JETIS</name>
					<Snippet maxLines="0"></Snippet>
					<description><![CDATA[<html xmlns:fo="http://www.w3.org/1999/XSL/Format" xmlns:msxsl="urn:schemas-microsoft-com:xslt">

<head>

<META http-equiv="Content-Type" content="text/html">

<meta http-equiv="content-type" content="text/html; charset=UTF-8">

</head>

<body style="margin:0px 0px 0px 0px;overflow:auto;background:#FFFFFF;">

<table style="font-family:Arial,Verdana,Times;font-size:12px;text-align:left;width:100%;border-collapse:collapse;padding:3px 3px 3px 3px">

<tr style="text-align:center;font-weight:bold;background:#9CBCE2">

<td>GEDUNG WIJAYA TOCLOSURE JETIS</td>

</tr>

<tr>

<td>

<table style="font-family:Arial,Verdana,Times;font-size:12px;text-align:left;width:100%;border-spacing:0px; padding:3px 3px 3px 3px">

<tr>

<td>FID</td>

<td>60</td>

</tr>

<tr bgcolor="#D4E4F3">

<td>OID_</td>

<td>0</td>

</tr>

<tr>

<td>Name</td>

<td>GEDUNG WIJAYA TOCLOSURE JETIS</td>

</tr>

<tr bgcolor="#D4E4F3">

<td>FolderPath</td>

<td>PEMKAB SUKOHARJO FIX/GEDUNG WIJAYA TO CLOSURE JETIS</td>

</tr>

<tr>

<td>PopupInfo</td>

<td>KU 12 CORE</td>

</tr>

<tr bgcolor="#D4E4F3">

<td>Shape_Leng</td>

<td>0.020003</td>

</tr>

</table>

</td>

</tr>

</table>

</body>

</html>]]></description>
					<styleUrl>#LineStyle300</styleUrl>
					<MultiGeometry>
						<LineString>
							<coordinates>
								110.836154574,-7.665321739999968,0 110.836149801,-7.665265639999973,0 110.8361486600001,-7.66522720499995,0 110.836153273,-7.665176219999979,0 110.8361248720001,-7.665100482999947,0 110.8360884800001,-7.665083590999927,0 110.8360476060001,-7.665101799999945,0 110.835988968,-7.665113247999954,0 110.8359114190001,-7.665138174999982,0 110.8358628490001,-7.665150576999963,0 110.8358318630001,-7.665190688999928,0 110.8358070930001,-7.665240376999975,0 110.8358041920001,-7.66530075099996,0 110.8358050780001,-7.665364650999948,0 110.8358076810001,-7.665444966999928,0 110.8358177420001,-7.66552590699996,0 110.835817568,-7.665530345999969,0 110.8358321200001,-7.66557295399997,0 110.8358495990001,-7.665623738999955,0 110.8358998300001,-7.665668265999955,0 110.8360685530001,-7.665720284999964,0 110.8363863860001,-7.665836448999926,0 110.8366862360001,-7.665947302999939,0 110.8368949310001,-7.666104294999968,0 110.837138392,-7.666950954999948,0 110.8372726330001,-7.66740090299993,0 110.8375020180001,-7.668097649999936,0 110.8378312120001,-7.669285022999929,0 110.8382251400001,-7.670298739999964,0 110.8384161040001,-7.670877738999934,0 110.838596668,-7.671267426999975,0 110.838504873,-7.671585342999947,0 110.8380660750001,-7.672334507999949,0 110.8375519300001,-7.673272442999974,0 110.8372139130001,-7.673894522999945,0 110.8368672460001,-7.674552742999937,0 110.8364303990001,-7.675336553999955,0 110.8360317450001,-7.676052698999968,0 110.835640535,-7.676655580999977,0 110.8354789950001,-7.676947623999979,0 110.8354050900001,-7.677270826999973,0 110.8354175280001,-7.677659217999974,0 110.835428107,-7.677864263999935,0 110.8352130220001,-7.678284716999939,0 110.834764707,-7.679084953999961,0 110.8345065350001,-7.679561528999954,0 110.8343287290001,-7.679905474999941,0 110.8340581260001,-7.680138042999944,0 110.8336880910001,-7.680349946999968,0 110.8329104800001,-7.680900944999963,0 110.8324500680001,-7.681180004999931,0 110.8321163890001,-7.681380445999935,0 
							</coordinates>
						</LineString>
					</MultiGeometry>
				</Placemark>
				<Placemark id="ID_30061">
					<name>CLOSURE JETIS TO ODP PASAR CUPLIK</name>
					<Snippet maxLines="0"></Snippet>
					<description><![CDATA[<html xmlns:fo="http://www.w3.org/1999/XSL/Format" xmlns:msxsl="urn:schemas-microsoft-com:xslt">

<head>

<META http-equiv="Content-Type" content="text/html">

<meta http-equiv="content-type" content="text/html; charset=UTF-8">

</head>

<body style="margin:0px 0px 0px 0px;overflow:auto;background:#FFFFFF;">

<table style="font-family:Arial,Verdana,Times;font-size:12px;text-align:left;width:100%;border-collapse:collapse;padding:3px 3px 3px 3px">

<tr style="text-align:center;font-weight:bold;background:#9CBCE2">

<td>CLOSURE JETIS TO ODP PASAR CUPLIK</td>

</tr>

<tr>

<td>

<table style="font-family:Arial,Verdana,Times;font-size:12px;text-align:left;width:100%;border-spacing:0px; padding:3px 3px 3px 3px">

<tr>

<td>FID</td>

<td>61</td>

</tr>

<tr bgcolor="#D4E4F3">

<td>OID_</td>

<td>0</td>

</tr>

<tr>

<td>Name</td>

<td>CLOSURE JETIS TO ODP PASAR CUPLIK</td>

</tr>

<tr bgcolor="#D4E4F3">

<td>FolderPath</td>

<td>PEMKAB SUKOHARJO FIX/CLOSURE SIMPANG JETIS TO ODP PASAR CUPLIK</td>

</tr>

<tr>

<td>PopupInfo</td>

<td>KU 12 CORE</td>

</tr>

<tr bgcolor="#D4E4F3">

<td>Shape_Leng</td>

<td>0.035577</td>

</tr>

</table>

</td>

</tr>

</table>

</body>

</html>]]></description>
					<styleUrl>#LineStyle300</styleUrl>
					<MultiGeometry>
						<LineString>
							<coordinates>
								110.832143161,-7.68137197599998,0 110.8316529900001,-7.68137324099996,0 110.831415985,-7.681365823999954,0 110.8307332570001,-7.681472792999956,0 110.8299212050001,-7.681522920999953,0 110.829290046,-7.681583344999979,0 110.8286765980001,-7.681625592999978,0 110.827838785,-7.681699087999959,0 110.827133738,-7.681779251999956,0 110.8265440100001,-7.68182300999996,0 110.8259158590001,-7.681842740999969,0 110.8249669890001,-7.681921390999946,0 110.824358213,-7.681957140999941,0 110.8233248340001,-7.681995743999948,0 110.8222091010001,-7.682096129999934,0 110.8212572150001,-7.68214824599994,0 110.8202121800001,-7.682127593999951,0 110.8187356620001,-7.68207416399997,0 110.8177438280001,-7.681994137999936,0 110.816529453,-7.681968967999978,0 110.8156418280001,-7.681900508999946,0 110.8144869640001,-7.681854346999955,0 110.8129493740001,-7.681807161999927,0 110.8119647490001,-7.681777934999957,0 110.810425234,-7.681697087999964,0 110.8087669780001,-7.681660016999956,0 110.807714129,-7.681614707999927,0 110.806787554,-7.681583277999948,0 110.8062871160001,-7.681537048999929,0 110.8059871830001,-7.681398395999963,0 110.804710039,-7.680843375999928,0 110.8034720620001,-7.680282628999976,0 110.8027156990001,-7.679924868999933,0 110.801825873,-7.679456208999965,0 110.8008389180001,-7.678901453999969,0 110.7999939920001,-7.678397093999935,0 110.79893781,-7.677799066999967,0 110.7977109610001,-7.677091344999951,0 
							</coordinates>
						</LineString>
					</MultiGeometry>
				</Placemark>
				<Placemark id="ID_30062">
					<name>ODP PASAR CUPLIK TO ODP TAMAN WIJAYA</name>
					<Snippet maxLines="0"></Snippet>
					<description><![CDATA[<html xmlns:fo="http://www.w3.org/1999/XSL/Format" xmlns:msxsl="urn:schemas-microsoft-com:xslt">

<head>

<META http-equiv="Content-Type" content="text/html">

<meta http-equiv="content-type" content="text/html; charset=UTF-8">

</head>

<body style="margin:0px 0px 0px 0px;overflow:auto;background:#FFFFFF;">

<table style="font-family:Arial,Verdana,Times;font-size:12px;text-align:left;width:100%;border-collapse:collapse;padding:3px 3px 3px 3px">

<tr style="text-align:center;font-weight:bold;background:#9CBCE2">

<td>ODP PASAR CUPLIK TO ODP TAMAN WIJAYA</td>

</tr>

<tr>

<td>

<table style="font-family:Arial,Verdana,Times;font-size:12px;text-align:left;width:100%;border-spacing:0px; padding:3px 3px 3px 3px">

<tr>

<td>FID</td>

<td>62</td>

</tr>

<tr bgcolor="#D4E4F3">

<td>OID_</td>

<td>0</td>

</tr>

<tr>

<td>Name</td>

<td>ODP PASAR CUPLIK TO ODP TAMAN WIJAYA</td>

</tr>

<tr bgcolor="#D4E4F3">

<td>FolderPath</td>

<td>PEMKAB SUKOHARJO FIX/ODP PASAR CUPLIK TO ODP TAMAN WIJAYA</td>

</tr>

<tr>

<td>PopupInfo</td>

<td>KU 12 CORE</td>

</tr>

<tr bgcolor="#D4E4F3">

<td>Shape_Leng</td>

<td>0.030785</td>

</tr>

</table>

</td>

</tr>

</table>

</body>

</html>]]></description>
					<styleUrl>#LineStyle300</styleUrl>
					<MultiGeometry>
						<LineString>
							<coordinates>
								110.797752819,-7.677082462999977,0 110.7965989940001,-7.676458638999974,0 110.795788121,-7.675960386999974,0 110.795494907,-7.675769437999975,0 110.7952284530001,-7.675623005999967,0 110.7948850980001,-7.675459370999931,0 110.794650845,-7.675383729999965,0 110.7945039090001,-7.675338798999975,0 110.7943930470001,-7.675294212999972,0 110.794474081,-7.675113618999944,0 110.7945963130001,-7.674724872999946,0 110.7948951980001,-7.673657763999928,0 110.7952379780001,-7.672301173999927,0 110.7955162980001,-7.671410428999934,0 110.7957392990001,-7.670570727999973,0 110.7958473770001,-7.669569056999933,0 110.7959753580001,-7.668094828999926,0 110.7960764220001,-7.666880771999956,0 110.796326031,-7.665638332999947,0 110.7965511040001,-7.664329556999973,0 110.7968144660001,-7.662873422999951,0 110.797116293,-7.661474246999945,0 110.7971301840001,-7.660994994999953,0 110.7971626,-7.66053885699995,0 110.7971213210001,-7.659622756999966,0 110.7970748070001,-7.658724122999956,0 110.7971051800001,-7.657815906999929,0 110.797325453,-7.656671121999978,0 110.7973942890001,-7.655959906999955,0 110.7976439110001,-7.654217145999951,0 110.797838836,-7.653201872999944,0 110.797961226,-7.652588907999928,0 110.798201567,-7.651234640999974,0 110.7984793300001,-7.650079406999965,0 110.7985892710001,-7.649524892999978,0 110.7987128270001,-7.648784789999979,0 
							</coordinates>
						</LineString>
					</MultiGeometry>
				</Placemark>
				<Placemark id="ID_30063">
					<name>CLOSURE JETIS TO CLOSURE KENEP</name>
					<Snippet maxLines="0"></Snippet>
					<description><![CDATA[<html xmlns:fo="http://www.w3.org/1999/XSL/Format" xmlns:msxsl="urn:schemas-microsoft-com:xslt">

<head>

<META http-equiv="Content-Type" content="text/html">

<meta http-equiv="content-type" content="text/html; charset=UTF-8">

</head>

<body style="margin:0px 0px 0px 0px;overflow:auto;background:#FFFFFF;">

<table style="font-family:Arial,Verdana,Times;font-size:12px;text-align:left;width:100%;border-collapse:collapse;padding:3px 3px 3px 3px">

<tr style="text-align:center;font-weight:bold;background:#9CBCE2">

<td>CLOSURE JETIS TO CLOSURE KENEP</td>

</tr>

<tr>

<td>

<table style="font-family:Arial,Verdana,Times;font-size:12px;text-align:left;width:100%;border-spacing:0px; padding:3px 3px 3px 3px">

<tr>

<td>FID</td>

<td>63</td>

</tr>

<tr bgcolor="#D4E4F3">

<td>OID_</td>

<td>0</td>

</tr>

<tr>

<td>Name</td>

<td>CLOSURE JETIS TO CLOSURE KENEP</td>

</tr>

<tr bgcolor="#D4E4F3">

<td>FolderPath</td>

<td>PEMKAB SUKOHARJO FIX/CLOSURE JETIS TO CLOSURE KENEP</td>

</tr>

<tr>

<td>PopupInfo</td>

<td>KU 12 CORE</td>

</tr>

<tr bgcolor="#D4E4F3">

<td>Shape_Leng</td>

<td>0.03456</td>

</tr>

</table>

</td>

</tr>

</table>

</body>

</html>]]></description>
					<styleUrl>#LineStyle300</styleUrl>
					<MultiGeometry>
						<LineString>
							<coordinates>
								110.8321501250001,-7.681353212999966,0 110.8319982450001,-7.681477947999952,0 110.8318187360001,-7.681704705999948,0 110.8316997420001,-7.681965808999962,0 110.8314131700001,-7.682920129999957,0 110.83107763,-7.684063780999963,0 110.8309938460001,-7.684314423999979,0 110.8308850760001,-7.684720593999941,0 110.8307489060001,-7.685433585999931,0 110.8305154730001,-7.68632867599996,0 110.8302641490001,-7.687200978999955,0 110.830024801,-7.688037434999956,0 110.829783504,-7.688898284999937,0 110.8294491010001,-7.689956661999929,0 110.8291035040001,-7.69105512699997,0 110.8288498730001,-7.691955125999925,0 110.8285368900001,-7.692954570999973,0 110.8282747850001,-7.693834222999954,0 110.8280866710001,-7.694525261999958,0 110.8278369810001,-7.695351346999928,0 110.8276286130001,-7.695861569999977,0 110.8272361340001,-7.696574398999929,0 110.8267313750001,-7.697366698999929,0 110.8262643620001,-7.698082969999973,0 110.8257010410001,-7.698976656999946,0 110.8251663340001,-7.699866086999975,0 110.8246837500001,-7.700660975999938,0 110.8242122450001,-7.701408398999944,0 110.8240553190001,-7.701662020999947,0 110.8235836170001,-7.702427253999929,0 110.8231017830001,-7.703222931999959,0 110.8225364250001,-7.703968257999975,0 110.8224216770001,-7.704392442999961,0 110.8218371170001,-7.705024296999966,0 110.821188599,-7.705795419999959,0 110.8206681250001,-7.706407268999953,0 110.8201145780001,-7.707070830999953,0 110.8162992440001,-7.711366520999946,0 
							</coordinates>
						</LineString>
					</MultiGeometry>
				</Placemark>
				<Placemark id="ID_30064">
					<name>CLOSURE KENEP TO ODP KEC TW SARI</name>
					<Snippet maxLines="0"></Snippet>
					<description><![CDATA[<html xmlns:fo="http://www.w3.org/1999/XSL/Format" xmlns:msxsl="urn:schemas-microsoft-com:xslt">

<head>

<META http-equiv="Content-Type" content="text/html">

<meta http-equiv="content-type" content="text/html; charset=UTF-8">

</head>

<body style="margin:0px 0px 0px 0px;overflow:auto;background:#FFFFFF;">

<table style="font-family:Arial,Verdana,Times;font-size:12px;text-align:left;width:100%;border-collapse:collapse;padding:3px 3px 3px 3px">

<tr style="text-align:center;font-weight:bold;background:#9CBCE2">

<td>CLOSURE KENEP TO ODP KEC TW SARI</td>

</tr>

<tr>

<td>

<table style="font-family:Arial,Verdana,Times;font-size:12px;text-align:left;width:100%;border-spacing:0px; padding:3px 3px 3px 3px">

<tr>

<td>FID</td>

<td>64</td>

</tr>

<tr bgcolor="#D4E4F3">

<td>OID_</td>

<td>0</td>

</tr>

<tr>

<td>Name</td>

<td>CLOSURE KENEP TO ODP KEC TW SARI</td>

</tr>

<tr bgcolor="#D4E4F3">

<td>FolderPath</td>

<td>PEMKAB SUKOHARJO FIX/CLOSURE KENEP TO ODP KEC TW SARI</td>

</tr>

<tr>

<td>PopupInfo</td>

<td>KU 12 CORE</td>

</tr>

<tr bgcolor="#D4E4F3">

<td>Shape_Leng</td>

<td>0.034723</td>

</tr>

</table>

</td>

</tr>

</table>

</body>

</html>]]></description>
					<styleUrl>#LineStyle300</styleUrl>
					<MultiGeometry>
						<LineString>
							<coordinates>
								110.8163113950001,-7.711354178999955,0 110.8158902100001,-7.711851441999954,0 110.8156461670001,-7.711810377999939,0 110.814967697,-7.711589279999941,0 110.8144313210001,-7.711476122999954,0 110.8139775190001,-7.711361522999937,0 110.8135280660001,-7.711257396999939,0 110.81260209,-7.711070068999959,0 110.8116111270001,-7.710853167999971,0 110.8113596010001,-7.712228298999947,0 110.8111369930001,-7.713234959999966,0 110.810966873,-7.714082858999973,0 110.8109662920001,-7.714360295999938,0 110.8108672750001,-7.715800241999943,0 110.8108010620001,-7.716906058999938,0 110.8107613100001,-7.717178445999934,0 110.8106653140001,-7.717423435999933,0 110.8104329910001,-7.717675682999925,0 110.8099530000001,-7.718174019999935,0 110.8091189400001,-7.719052201999944,0 110.8085715810001,-7.71963531199998,0 110.8080768120001,-7.720172199999979,0 110.8075460900001,-7.720727346999978,0 110.806949376,-7.721293087999925,0 110.806569477,-7.721680252999931,0 110.8064021050001,-7.721853855999939,0 110.8062369290001,-7.72207949899996,0 110.8060579800001,-7.722302344999946,0 110.8052466340001,-7.723125185999948,0 110.804749309,-7.723632578999968,0 110.8045609500001,-7.723777033999966,0 110.80441734,-7.723985988999971,0 110.804172738,-7.724228710999967,0 110.8036399500001,-7.724746941999968,0 110.8030192040001,-7.725390323999931,0 110.8025140720001,-7.725910551999959,0 110.8019823180001,-7.726401684999929,0 110.8014561740001,-7.726989000999936,0 110.8012327180001,-7.727226255999938,0 110.8009628250001,-7.72748615699993,0 110.8006486790001,-7.727842295999949,0 110.800439688,-7.728005461999942,0 110.7998522020001,-7.728608759999929,0 110.7993142590001,-7.729174704999934,0 110.799043264,-7.729517543999976,0 110.7985257990001,-7.730044535999981,0 110.7980637530001,-7.730536360999963,0 110.7978166790001,-7.730639718999953,0 110.7976881650001,-7.73094124499994,0 110.7974663990001,-7.731460741999967,0 110.7973214290001,-7.731901662999974,0 110.7972754200001,-7.732202531999974,0 110.7972554550001,-7.732486235999943,0 110.797261979,-7.732743428999982,0 110.797272116,-7.733007852999946,0 110.7972282550001,-7.733702069999936,0 110.7973652670001,-7.733920171999955,0 110.7972096600001,-7.734557096999937,0 110.797082318,-7.735002498999961,0 
							</coordinates>
						</LineString>
					</MultiGeometry>
				</Placemark>
				<Placemark id="ID_30065">
					<name>ODP TWSARI TO CLOSURE TENGKLIK</name>
					<Snippet maxLines="0"></Snippet>
					<description><![CDATA[<html xmlns:fo="http://www.w3.org/1999/XSL/Format" xmlns:msxsl="urn:schemas-microsoft-com:xslt">

<head>

<META http-equiv="Content-Type" content="text/html">

<meta http-equiv="content-type" content="text/html; charset=UTF-8">

</head>

<body style="margin:0px 0px 0px 0px;overflow:auto;background:#FFFFFF;">

<table style="font-family:Arial,Verdana,Times;font-size:12px;text-align:left;width:100%;border-collapse:collapse;padding:3px 3px 3px 3px">

<tr style="text-align:center;font-weight:bold;background:#9CBCE2">

<td>ODP TWSARI TO CLOSURE TENGKLIK</td>

</tr>

<tr>

<td>

<table style="font-family:Arial,Verdana,Times;font-size:12px;text-align:left;width:100%;border-spacing:0px; padding:3px 3px 3px 3px">

<tr>

<td>FID</td>

<td>65</td>

</tr>

<tr bgcolor="#D4E4F3">

<td>OID_</td>

<td>0</td>

</tr>

<tr>

<td>Name</td>

<td>ODP TWSARI TO CLOSURE TENGKLIK</td>

</tr>

<tr bgcolor="#D4E4F3">

<td>FolderPath</td>

<td>PEMKAB SUKOHARJO FIX/ODP KEC TW SARI TO CLOSURE TENGKLIK</td>

</tr>

<tr>

<td>PopupInfo</td>

<td>KU 12 CORE</td>

</tr>

<tr bgcolor="#D4E4F3">

<td>Shape_Leng</td>

<td>0.034105</td>

</tr>

</table>

</td>

</tr>

</table>

</body>

</html>]]></description>
					<styleUrl>#LineStyle300</styleUrl>
					<MultiGeometry>
						<LineString>
							<coordinates>
								110.7970945260001,-7.734964230999934,0 110.7969615180001,-7.735269478999954,0 110.7967529630001,-7.735364151999931,0 110.7963717690001,-7.735390338999935,0 110.7960868310001,-7.735394390999944,0 110.7960846820001,-7.735543012999926,0 110.7956332290001,-7.735604222999939,0 110.794794466,-7.735765934999961,0 110.7939389620001,-7.735917144999974,0 110.7929148000001,-7.736077551999927,0 110.7919584190001,-7.736259485999938,0 110.79103352,-7.736422012999981,0 110.7901196010001,-7.736576167999942,0 110.7891006720001,-7.736722226999973,0 110.788274942,-7.736835998999935,0 110.7872686980001,-7.737008146999927,0 110.7860081440001,-7.737168550999968,0 110.7850615710001,-7.737321004999956,0 110.7840024340001,-7.737481492999962,0 110.7829532440001,-7.737616339999931,0 110.7819428510001,-7.737768235999964,0 110.7806374570001,-7.737965800999973,0 110.7798137130001,-7.738055518999943,0 110.7788331070001,-7.738231943999949,0 110.7778325750001,-7.738372235999975,0 110.7768015540001,-7.738501545999952,0 110.7757706790001,-7.738659549999967,0 110.7752961460001,-7.738710097999956,0 110.774919513,-7.738770389999957,0 110.7749303370001,-7.738635199999976,0 110.774554859,-7.738660266999943,0 110.7741173090001,-7.738678491999963,0 110.7737847390001,-7.738718250999966,0 110.7736045720001,-7.738839793999943,0 110.7733522710001,-7.739044828999965,0 110.7730673830001,-7.739473253999962,0 110.7728941510001,-7.739890276999972,0 110.7726538700001,-7.740319276999969,0 110.7725519910001,-7.740491863999978,0 110.7722929920001,-7.740843325999947,0 110.7721734890001,-7.741239997999969,0 110.7720798600001,-7.741731966999964,0 110.7719632940001,-7.742101222999963,0 110.7717392090001,-7.742371021999929,0 110.7715152820001,-7.742513731999964,0 110.7710949420001,-7.742759770999953,0 110.7706651400001,-7.743139834999965,0 110.7703074060001,-7.743480671999976,0 110.7698249980001,-7.744004444999974,0 110.7694810020001,-7.744417839999926,0 110.7691038820001,-7.744728264999936,0 110.7683999290001,-7.745311312999945,0 110.7681538580001,-7.745525328999974,0 110.7678736780001,-7.745807513999979,0 110.7675073190001,-7.746205875999976,0 
							</coordinates>
						</LineString>
					</MultiGeometry>
				</Placemark>
				<Placemark id="ID_30066">
					<name>CLOSURE TENGKLIK TO ODP KEC WERU</name>
					<Snippet maxLines="0"></Snippet>
					<description><![CDATA[<html xmlns:fo="http://www.w3.org/1999/XSL/Format" xmlns:msxsl="urn:schemas-microsoft-com:xslt">

<head>

<META http-equiv="Content-Type" content="text/html">

<meta http-equiv="content-type" content="text/html; charset=UTF-8">

</head>

<body style="margin:0px 0px 0px 0px;overflow:auto;background:#FFFFFF;">

<table style="font-family:Arial,Verdana,Times;font-size:12px;text-align:left;width:100%;border-collapse:collapse;padding:3px 3px 3px 3px">

<tr style="text-align:center;font-weight:bold;background:#9CBCE2">

<td>CLOSURE TENGKLIK TO ODP KEC WERU</td>

</tr>

<tr>

<td>

<table style="font-family:Arial,Verdana,Times;font-size:12px;text-align:left;width:100%;border-spacing:0px; padding:3px 3px 3px 3px">

<tr>

<td>FID</td>

<td>66</td>

</tr>

<tr bgcolor="#D4E4F3">

<td>OID_</td>

<td>0</td>

</tr>

<tr>

<td>Name</td>

<td>CLOSURE TENGKLIK TO ODP KEC WERU</td>

</tr>

<tr bgcolor="#D4E4F3">

<td>FolderPath</td>

<td>PEMKAB SUKOHARJO FIX/CLOSURE TENGKLIK TO ODP KEC WERU</td>

</tr>

<tr>

<td>PopupInfo</td>

<td>KU 12 CORE</td>

</tr>

<tr bgcolor="#D4E4F3">

<td>Shape_Leng</td>

<td>0.016573</td>

</tr>

</table>

</td>

</tr>

</table>

</body>

</html>]]></description>
					<styleUrl>#LineStyle300</styleUrl>
					<MultiGeometry>
						<LineString>
							<coordinates>
								110.7675052970001,-7.74620849799993,0 110.7670233650001,-7.74659490099998,0 110.7671688980001,-7.746712850999928,0 110.7668837160001,-7.746919666999929,0 110.7663576570001,-7.747417183999971,0 110.7658029530001,-7.747919322999962,0 110.765356447,-7.748366628999975,0 110.7648482530001,-7.74870932999994,0 110.7642888030001,-7.749223864999976,0 110.763741919,-7.749686013999963,0 110.7630774710001,-7.750274358999945,0 110.7628844450001,-7.750483977999976,0 110.762300667,-7.751437526999951,0 110.7618521670001,-7.752108851999935,0 110.7616153670001,-7.752432300999942,0 110.7613830710001,-7.752772494999931,0 110.7608407740001,-7.753679088999945,0 110.7605058720001,-7.754311672999961,0 110.7603320200001,-7.75462041299994,0 110.7601341960001,-7.754922611999973,0 110.7598545100001,-7.755171373999929,0 110.7596414370001,-7.755511902999955,0 110.7595255480001,-7.75581551099998,0 110.7594319960001,-7.756186423999964,0 110.759422832,-7.756815637999979,0 110.7594252860001,-7.757545920999974,0 110.7594703710001,-7.758195493999949,0 110.7596288140001,-7.758528596999951,0 110.7597852950001,-7.758788037999977,0 110.7599023480001,-7.758993445999976,0 110.7599908970001,-7.759163049999927,0 110.7600119020001,-7.759392527999978,0 
							</coordinates>
						</LineString>
					</MultiGeometry>
				</Placemark>
				<Placemark id="ID_30067">
					<name>COLSURE NGUTRAN TO KEC TW SARI</name>
					<Snippet maxLines="0"></Snippet>
					<description><![CDATA[<html xmlns:fo="http://www.w3.org/1999/XSL/Format" xmlns:msxsl="urn:schemas-microsoft-com:xslt">

<head>

<META http-equiv="Content-Type" content="text/html">

<meta http-equiv="content-type" content="text/html; charset=UTF-8">

</head>

<body style="margin:0px 0px 0px 0px;overflow:auto;background:#FFFFFF;">

<table style="font-family:Arial,Verdana,Times;font-size:12px;text-align:left;width:100%;border-collapse:collapse;padding:3px 3px 3px 3px">

<tr style="text-align:center;font-weight:bold;background:#9CBCE2">

<td>COLSURE NGUTRAN TO KEC TW SARI</td>

</tr>

<tr>

<td>

<table style="font-family:Arial,Verdana,Times;font-size:12px;text-align:left;width:100%;border-spacing:0px; padding:3px 3px 3px 3px">

<tr>

<td>FID</td>

<td>67</td>

</tr>

<tr bgcolor="#D4E4F3">

<td>OID_</td>

<td>0</td>

</tr>

<tr>

<td>Name</td>

<td>COLSURE NGUTRAN TO KEC TW SARI</td>

</tr>

<tr bgcolor="#D4E4F3">

<td>FolderPath</td>

<td>PEMKAB SUKOHARJO FIX/ODP TW SARI TO CLOSURE NGUTRAN</td>

</tr>

<tr>

<td>PopupInfo</td>

<td>KU 12 CORE</td>

</tr>

<tr bgcolor="#D4E4F3">

<td>Shape_Leng</td>

<td>0.035172</td>

</tr>

</table>

</td>

</tr>

</table>

</body>

</html>]]></description>
					<styleUrl>#LineStyle300</styleUrl>
					<MultiGeometry>
						<LineString>
							<coordinates>
								110.7970967650001,-7.734976020999966,0 110.7969557820001,-7.735280591999982,0 110.7969136410001,-7.735478612999941,0 110.7964990840001,-7.737005862999979,0 110.796360619,-7.737028554999938,0 110.796123042,-7.737929421999979,0 110.7959365230001,-7.738583554999935,0 110.7957646720001,-7.739468185999955,0 110.795664844,-7.739898729999936,0 110.795445015,-7.74121028899998,0 110.7953570290001,-7.74177995499997,0 110.7952751280001,-7.742610319999926,0 110.7952718060001,-7.742925865999951,0 110.7952937370001,-7.743180389999964,0 110.7954401540001,-7.743453156999976,0 110.7956445520001,-7.743743195999969,0 110.7958709410001,-7.744049243999938,0 110.796295876,-7.744573629999934,0 110.796330164,-7.744833012999947,0 110.7962483120001,-7.745282115999942,0 110.7961521880001,-7.745833378999976,0 110.796212343,-7.746234415999936,0 110.796522145,-7.747663296999974,0 110.7966763010001,-7.748222175999956,0 110.796754815,-7.748621034999927,0 110.796892449,-7.74915451499993,0 110.7969951550001,-7.749825413999929,0 110.7971783720001,-7.750646739999979,0 110.7973492930001,-7.750842161999969,0 110.7979066090001,-7.750756218999925,0 110.7981173740001,-7.750771247999978,0 110.7984187920001,-7.75079001499995,0 110.7987462440001,-7.750802542999963,0 110.7991906730001,-7.750794729999939,0 110.7995621280001,-7.750734887999953,0 110.8000131280001,-7.750690108999946,0 110.8003683000001,-7.750636519999943,0 110.8007832360001,-7.75060055399996,0 110.8013459350001,-7.750513118999947,0 110.8016200230001,-7.750414310999929,0 110.8018190780001,-7.750349986999936,0 110.8020054620001,-7.750105856999937,0 110.8020644850001,-7.74986798599997,0 110.8021994250001,-7.74949298699994,0 110.8023846770001,-7.749352607999982,0 110.8026144130001,-7.749231674999977,0 110.8029742130001,-7.749263957999972,0 110.8036095720001,-7.749453856999935,0 110.8041854720001,-7.749635467999952,0 110.804445903,-7.749684893999927,0 110.8050880750001,-7.749751299999957,0 110.8060656390001,-7.749856473999955,0 110.8078684810001,-7.75013854499997,0 110.8087502070001,-7.750309846999926,0 110.8092434430001,-7.750419049999947,0 110.8094809120001,-7.750398588999929,0 110.8099559920001,-7.750576636999938,0 110.8103295330001,-7.750757032999958,0 110.81078811,-7.751017453999964,0 110.811386687,-7.751405176999982,0 110.8134997120001,-7.752766412999961,0 110.8128005300001,-7.75231870999994,0 
							</coordinates>
						</LineString>
					</MultiGeometry>
				</Placemark>
				<Placemark id="ID_30068">
					<name>KEC BULU TO CLOSURE NGUTRAN</name>
					<Snippet maxLines="0"></Snippet>
					<description><![CDATA[<html xmlns:fo="http://www.w3.org/1999/XSL/Format" xmlns:msxsl="urn:schemas-microsoft-com:xslt">

<head>

<META http-equiv="Content-Type" content="text/html">

<meta http-equiv="content-type" content="text/html; charset=UTF-8">

</head>

<body style="margin:0px 0px 0px 0px;overflow:auto;background:#FFFFFF;">

<table style="font-family:Arial,Verdana,Times;font-size:12px;text-align:left;width:100%;border-collapse:collapse;padding:3px 3px 3px 3px">

<tr style="text-align:center;font-weight:bold;background:#9CBCE2">

<td>KEC BULU TO CLOSURE NGUTRAN</td>

</tr>

<tr>

<td>

<table style="font-family:Arial,Verdana,Times;font-size:12px;text-align:left;width:100%;border-spacing:0px; padding:3px 3px 3px 3px">

<tr>

<td>FID</td>

<td>68</td>

</tr>

<tr bgcolor="#D4E4F3">

<td>OID_</td>

<td>0</td>

</tr>

<tr>

<td>Name</td>

<td>KEC BULU TO CLOSURE NGUTRAN</td>

</tr>

<tr bgcolor="#D4E4F3">

<td>FolderPath</td>

<td>PEMKAB SUKOHARJO FIX/CLOSURE NGUTRAN TO ODP KEC BULU</td>

</tr>

<tr>

<td>PopupInfo</td>

<td>KU 12 CORE</td>

</tr>

<tr bgcolor="#D4E4F3">

<td>Shape_Leng</td>

<td>0.024071</td>

</tr>

</table>

</td>

</tr>

</table>

</body>

</html>]]></description>
					<styleUrl>#LineStyle300</styleUrl>
					<MultiGeometry>
						<LineString>
							<coordinates>
								110.8134452960001,-7.752741581999942,0 110.8148463000001,-7.75363424799997,0 110.8166854120001,-7.754749730999948,0 110.817079026,-7.754997055999979,0 110.8179951860001,-7.755566354999928,0 110.8184683120001,-7.75584121399993,0 110.8193329640001,-7.756272624999952,0 110.8198282880001,-7.756544671999961,0 110.8202342810001,-7.756738713999937,0 110.8210869750001,-7.757182703999945,0 110.8214775980001,-7.75739359599993,0 110.821790321,-7.75775297399997,0 110.8221803740001,-7.758443516999932,0 110.8224777180001,-7.758779277999963,0 110.8233888470001,-7.759398816999976,0 110.8241161120001,-7.759924024999975,0 110.82426709,-7.759819086999926,0 110.824849289,-7.760220640999933,0 110.8254739280001,-7.760659307999958,0 110.8260103980001,-7.761003418999962,0 110.8266097060001,-7.761368844999936,0 110.8273284670001,-7.761832507999941,0 110.8281340840001,-7.762375864999968,0 110.8285180550001,-7.762553596999965,0 110.8297978720001,-7.763051073999974,0 110.8306064070001,-7.763366309999981,0 110.8310902820001,-7.76354196799997,0 110.8316659820001,-7.763753190999978,0 110.832194756,-7.763952254999936,0 110.8327958740001,-7.764153571999941,0 110.832989555,-7.764271650999945,0 110.8330774290001,-7.764448399999935,0 110.8331538560001,-7.764752850999969,0 110.8332017040001,-7.765027461999978,0 110.8330122440001,-7.765168624999944,0 
							</coordinates>
						</LineString>
					</MultiGeometry>
				</Placemark>
				<Placemark id="ID_30070">
					<name>ODP TENTARA PELAJAR TO ODP DINAS KEARSIPAN</name>
					<Snippet maxLines="0"></Snippet>
					<description><![CDATA[<html xmlns:fo="http://www.w3.org/1999/XSL/Format" xmlns:msxsl="urn:schemas-microsoft-com:xslt">

<head>

<META http-equiv="Content-Type" content="text/html">

<meta http-equiv="content-type" content="text/html; charset=UTF-8">

</head>

<body style="margin:0px 0px 0px 0px;overflow:auto;background:#FFFFFF;">

<table style="font-family:Arial,Verdana,Times;font-size:12px;text-align:left;width:100%;border-collapse:collapse;padding:3px 3px 3px 3px">

<tr style="text-align:center;font-weight:bold;background:#9CBCE2">

<td>ODP TENTARA PELAJAR TO ODP DINAS KEARSIPAN</td>

</tr>

<tr>

<td>

<table style="font-family:Arial,Verdana,Times;font-size:12px;text-align:left;width:100%;border-spacing:0px; padding:3px 3px 3px 3px">

<tr>

<td>FID</td>

<td>70</td>

</tr>

<tr bgcolor="#D4E4F3">

<td>OID_</td>

<td>0</td>

</tr>

<tr>

<td>Name</td>

<td>ODP TENTARA PELAJAR TO ODP DINAS KEARSIPAN</td>

</tr>

<tr bgcolor="#D4E4F3">

<td>FolderPath</td>

<td>PEMKAB SUKOHARJO FIX/GEDUNG WIJAYA TO TENTARA PELAJAR TO DINAS KERSIPAN TO DINAS SOSIAL/ODP TENTARA PELAJAR TO ODP DINAS KEARSIPAN</td>

</tr>

<tr>

<td>PopupInfo</td>

<td>KU 12 CORE</td>

</tr>

<tr bgcolor="#D4E4F3">

<td>Shape_Leng</td>

<td>0.011253</td>

</tr>

</table>

</td>

</tr>

</table>

</body>

</html>]]></description>
					<styleUrl>#LineStyle300</styleUrl>
					<MultiGeometry>
						<LineString>
							<coordinates>
								110.8432369720001,-7.683332573999962,0 110.8425075980001,-7.681617163999932,0 110.8418057230001,-7.679923362999945,0 110.8415827330001,-7.679385254999942,0 110.8414292990001,-7.678879235999943,0 110.8409898790001,-7.677754469999968,0 110.8403536380001,-7.676014884999972,0 110.8394523620001,-7.673359976999961,0 110.83926776,-7.672809261999931,0 
							</coordinates>
						</LineString>
					</MultiGeometry>
				</Placemark>
				<Placemark id="ID_30071">
					<name>ODP DINAS KEARSIPAN TO ODP DINAS SOSIAL</name>
					<Snippet maxLines="0"></Snippet>
					<description><![CDATA[<html xmlns:fo="http://www.w3.org/1999/XSL/Format" xmlns:msxsl="urn:schemas-microsoft-com:xslt">

<head>

<META http-equiv="Content-Type" content="text/html">

<meta http-equiv="content-type" content="text/html; charset=UTF-8">

</head>

<body style="margin:0px 0px 0px 0px;overflow:auto;background:#FFFFFF;">

<table style="font-family:Arial,Verdana,Times;font-size:12px;text-align:left;width:100%;border-collapse:collapse;padding:3px 3px 3px 3px">

<tr style="text-align:center;font-weight:bold;background:#9CBCE2">

<td>ODP DINAS KEARSIPAN TO ODP DINAS SOSIAL</td>

</tr>

<tr>

<td>

<table style="font-family:Arial,Verdana,Times;font-size:12px;text-align:left;width:100%;border-spacing:0px; padding:3px 3px 3px 3px">

<tr>

<td>FID</td>

<td>71</td>

</tr>

<tr bgcolor="#D4E4F3">

<td>OID_</td>

<td>0</td>

</tr>

<tr>

<td>Name</td>

<td>ODP DINAS KEARSIPAN TO ODP DINAS SOSIAL</td>

</tr>

<tr bgcolor="#D4E4F3">

<td>FolderPath</td>

<td>PEMKAB SUKOHARJO FIX/GEDUNG WIJAYA TO TENTARA PELAJAR TO DINAS KERSIPAN TO DINAS SOSIAL/ODP DINAS KEARSIPAN TO ODP DINAS SOSIAL</td>

</tr>

<tr>

<td>PopupInfo</td>

<td>KU 12 CORE</td>

</tr>

<tr bgcolor="#D4E4F3">

<td>Shape_Leng</td>

<td>0.0108</td>

</tr>

</table>

</td>

</tr>

</table>

</body>

</html>]]></description>
					<styleUrl>#LineStyle300</styleUrl>
					<MultiGeometry>
						<LineString>
							<coordinates>
								110.8332391630001,-7.681468356999972,0 110.834308101,-7.681606253999973,0 110.8360618090001,-7.681792695999945,0 110.8376856070001,-7.68196256899995,0 110.838334849,-7.682079020999937,0 110.839399562,-7.682167819999961,0 110.8409619710001,-7.682328404999964,0 110.842503289,-7.682544568999958,0 110.8426383780001,-7.682424021999964,0 110.8428423440001,-7.682331201999945,0 110.842935922,-7.682504396999946,0 110.8430691350001,-7.682854150999958,0 110.8432301510001,-7.683321382999964,0 
							</coordinates>
						</LineString>
					</MultiGeometry>
				</Placemark>
				<Placemark id="ID_30072">
					<name>ODP DINAS KEARSIPAN TO ODP DINAS KESEHATAN</name>
					<Snippet maxLines="0"></Snippet>
					<description><![CDATA[<html xmlns:fo="http://www.w3.org/1999/XSL/Format" xmlns:msxsl="urn:schemas-microsoft-com:xslt">

<head>

<META http-equiv="Content-Type" content="text/html">

<meta http-equiv="content-type" content="text/html; charset=UTF-8">

</head>

<body style="margin:0px 0px 0px 0px;overflow:auto;background:#FFFFFF;">

<table style="font-family:Arial,Verdana,Times;font-size:12px;text-align:left;width:100%;border-collapse:collapse;padding:3px 3px 3px 3px">

<tr style="text-align:center;font-weight:bold;background:#9CBCE2">

<td>ODP DINAS KEARSIPAN TO ODP DINAS KESEHATAN</td>

</tr>

<tr>

<td>

<table style="font-family:Arial,Verdana,Times;font-size:12px;text-align:left;width:100%;border-spacing:0px; padding:3px 3px 3px 3px">

<tr>

<td>FID</td>

<td>72</td>

</tr>

<tr bgcolor="#D4E4F3">

<td>OID_</td>

<td>0</td>

</tr>

<tr>

<td>Name</td>

<td>ODP DINAS KEARSIPAN TO ODP DINAS KESEHATAN</td>

</tr>

<tr bgcolor="#D4E4F3">

<td>FolderPath</td>

<td>PEMKAB SUKOHARJO FIX/DINAS KEARSIPAN TO DINAS KESEHATAN TO POLSEK BENDOSARI/ODP DINAS KEARSIPAN TO ODP DINAS KESEHATAN</td>

</tr>

<tr>

<td>PopupInfo</td>

<td>KU 12 CORE</td>

</tr>

<tr bgcolor="#D4E4F3">

<td>Shape_Leng</td>

<td>0.007962</td>

</tr>

</table>

</td>

</tr>

</table>

</body>

</html>]]></description>
					<styleUrl>#LineStyle300</styleUrl>
					<MultiGeometry>
						<LineString>
							<coordinates>
								110.8500156120001,-7.684579367999959,0 110.8497139840001,-7.684482514999957,0 110.8496897480001,-7.684482626999966,0 110.849649684,-7.684470104999947,0 110.849615209,-7.684463131999963,0 110.8491158680001,-7.684305026999937,0 110.8478253440001,-7.684028056999978,0 110.8469301170001,-7.683785795999938,0 110.8448708270001,-7.683159370999931,0 110.8443357560001,-7.683091934999936,0 110.8438506200001,-7.683005557999934,0 110.8429778670001,-7.682711959999949,0 110.843200423,-7.683340724999936,0 
							</coordinates>
						</LineString>
					</MultiGeometry>
				</Placemark>
				<Placemark id="ID_30073">
					<name>ODP DINAS KESEHATAN TO ODP POLSEK BENDOSARI</name>
					<Snippet maxLines="0"></Snippet>
					<description><![CDATA[<html xmlns:fo="http://www.w3.org/1999/XSL/Format" xmlns:msxsl="urn:schemas-microsoft-com:xslt">

<head>

<META http-equiv="Content-Type" content="text/html">

<meta http-equiv="content-type" content="text/html; charset=UTF-8">

</head>

<body style="margin:0px 0px 0px 0px;overflow:auto;background:#FFFFFF;">

<table style="font-family:Arial,Verdana,Times;font-size:12px;text-align:left;width:100%;border-collapse:collapse;padding:3px 3px 3px 3px">

<tr style="text-align:center;font-weight:bold;background:#9CBCE2">

<td>ODP DINAS KESEHATAN TO ODP POLSEK BENDOSARI</td>

</tr>

<tr>

<td>

<table style="font-family:Arial,Verdana,Times;font-size:12px;text-align:left;width:100%;border-spacing:0px; padding:3px 3px 3px 3px">

<tr>

<td>FID</td>

<td>73</td>

</tr>

<tr bgcolor="#D4E4F3">

<td>OID_</td>

<td>0</td>

</tr>

<tr>

<td>Name</td>

<td>ODP DINAS KESEHATAN TO ODP POLSEK BENDOSARI</td>

</tr>

<tr bgcolor="#D4E4F3">

<td>FolderPath</td>

<td>PEMKAB SUKOHARJO FIX/DINAS KEARSIPAN TO DINAS KESEHATAN TO POLSEK BENDOSARI/ODP DINAS KESEHATAN TO ODP POLSEK BENDOSARI</td>

</tr>

<tr>

<td>PopupInfo</td>

<td>KU 12 CORE</td>

</tr>

<tr bgcolor="#D4E4F3">

<td>Shape_Leng</td>

<td>0.025202</td>

</tr>

</table>

</td>

</tr>

</table>

</body>

</html>]]></description>
					<styleUrl>#LineStyle300</styleUrl>
					<MultiGeometry>
						<LineString>
							<coordinates>
								110.8737346770001,-7.692133939999962,0 110.8733805960001,-7.692156773999955,0 110.8733165570001,-7.691972846999931,0 110.873178297,-7.691926074999969,0 110.8699830140001,-7.690713057999972,0 110.8674574930001,-7.689768255999979,0 110.8650358780001,-7.68891651499996,0 110.8618711520001,-7.687920216999942,0 110.8573538790001,-7.68646477599998,0 110.855392721,-7.686023668999952,0 110.8533760190001,-7.685493018999978,0 110.8525504640001,-7.685312607999947,0 110.8510664090001,-7.684906070999944,0 110.8498442310001,-7.684519369999975,0 
							</coordinates>
						</LineString>
					</MultiGeometry>
				</Placemark>
				<Placemark id="ID_30074">
					<name>ODP DINAS KEARSIPAN TO ODP KEL BEGAJAH</name>
					<Snippet maxLines="0"></Snippet>
					<description><![CDATA[<html xmlns:fo="http://www.w3.org/1999/XSL/Format" xmlns:msxsl="urn:schemas-microsoft-com:xslt">

<head>

<META http-equiv="Content-Type" content="text/html">

<meta http-equiv="content-type" content="text/html; charset=UTF-8">

</head>

<body style="margin:0px 0px 0px 0px;overflow:auto;background:#FFFFFF;">

<table style="font-family:Arial,Verdana,Times;font-size:12px;text-align:left;width:100%;border-collapse:collapse;padding:3px 3px 3px 3px">

<tr style="text-align:center;font-weight:bold;background:#9CBCE2">

<td>ODP DINAS KEARSIPAN TO ODP KEL BEGAJAH</td>

</tr>

<tr>

<td>

<table style="font-family:Arial,Verdana,Times;font-size:12px;text-align:left;width:100%;border-spacing:0px; padding:3px 3px 3px 3px">

<tr>

<td>FID</td>

<td>74</td>

</tr>

<tr bgcolor="#D4E4F3">

<td>OID_</td>

<td>0</td>

</tr>

<tr>

<td>Name</td>

<td>ODP DINAS KEARSIPAN TO ODP KEL BEGAJAH</td>

</tr>

<tr bgcolor="#D4E4F3">

<td>FolderPath</td>

<td>PEMKAB SUKOHARJO FIX/ODP DINAS KEARSIPAN TO ODP BEGAJAH</td>

</tr>

<tr>

<td>PopupInfo</td>

<td>KU 12 CORE</td>

</tr>

<tr bgcolor="#D4E4F3">

<td>Shape_Leng</td>

<td>0.034283</td>

</tr>

</table>

</td>

</tr>

</table>

</body>

</html>]]></description>
					<styleUrl>#LineStyle300</styleUrl>
					<MultiGeometry>
						<LineString>
							<coordinates>
								110.8602632500001,-7.71274292499993,0 110.8587510840001,-7.70992605899994,0 110.856686655,-7.706854273999966,0 110.8546589140001,-7.703815317999954,0 110.85226879,-7.700119047999976,0 110.850892871,-7.698076209999954,0 110.850007437,-7.696698303999938,0 110.8490106730001,-7.695059825999977,0 110.8481665370001,-7.693619801999944,0 110.8482822330001,-7.693549461999965,0 110.848011274,-7.693049089999931,0 110.8461977680001,-7.689774796999927,0 110.8457379380001,-7.688985285999934,0 110.8448740650001,-7.687308059999964,0 110.8444826750001,-7.686510308999971,0 110.843445074,-7.68394452299998,0 110.8431613490001,-7.683263160999958,0 
							</coordinates>
						</LineString>
					</MultiGeometry>
				</Placemark>
				<Placemark id="ID_30075">
					<name>ODP KEL BEGAJAH TO CLOSURE SONGGORUNGGI</name>
					<Snippet maxLines="0"></Snippet>
					<description><![CDATA[<html xmlns:fo="http://www.w3.org/1999/XSL/Format" xmlns:msxsl="urn:schemas-microsoft-com:xslt">

<head>

<META http-equiv="Content-Type" content="text/html">

<meta http-equiv="content-type" content="text/html; charset=UTF-8">

</head>

<body style="margin:0px 0px 0px 0px;overflow:auto;background:#FFFFFF;">

<table style="font-family:Arial,Verdana,Times;font-size:12px;text-align:left;width:100%;border-collapse:collapse;padding:3px 3px 3px 3px">

<tr style="text-align:center;font-weight:bold;background:#9CBCE2">

<td>ODP KEL BEGAJAH TO CLOSURE SONGGORUNGGI</td>

</tr>

<tr>

<td>

<table style="font-family:Arial,Verdana,Times;font-size:12px;text-align:left;width:100%;border-spacing:0px; padding:3px 3px 3px 3px">

<tr>

<td>FID</td>

<td>75</td>

</tr>

<tr bgcolor="#D4E4F3">

<td>OID_</td>

<td>0</td>

</tr>

<tr>

<td>Name</td>

<td>ODP KEL BEGAJAH TO CLOSURE SONGGORUNGGI</td>

</tr>

<tr bgcolor="#D4E4F3">

<td>FolderPath</td>

<td>PEMKAB SUKOHARJO FIX/ODP KEL BEGAJAH TO CLOSURE SONGGORUNGGI</td>

</tr>

<tr>

<td>PopupInfo</td>

<td>KU 12 CORE</td>

</tr>

<tr bgcolor="#D4E4F3">

<td>Shape_Leng</td>

<td>0.005807</td>

</tr>

</table>

</td>

</tr>

</table>

</body>

</html>]]></description>
					<styleUrl>#LineStyle300</styleUrl>
					<MultiGeometry>
						<LineString>
							<coordinates>
								110.8628123160001,-7.717777580999952,0 110.8615959290001,-7.715260770999976,0 110.8609397330001,-7.714093341999957,0 110.8601626030001,-7.712612183999966,0 
							</coordinates>
						</LineString>
					</MultiGeometry>
				</Placemark>
				<Placemark id="ID_30076">
					<name>SONGGORUNGGI TO ODP KRETEK NAMBANGAN</name>
					<Snippet maxLines="0"></Snippet>
					<description><![CDATA[<html xmlns:fo="http://www.w3.org/1999/XSL/Format" xmlns:msxsl="urn:schemas-microsoft-com:xslt">

<head>

<META http-equiv="Content-Type" content="text/html">

<meta http-equiv="content-type" content="text/html; charset=UTF-8">

</head>

<body style="margin:0px 0px 0px 0px;overflow:auto;background:#FFFFFF;">

<table style="font-family:Arial,Verdana,Times;font-size:12px;text-align:left;width:100%;border-collapse:collapse;padding:3px 3px 3px 3px">

<tr style="text-align:center;font-weight:bold;background:#9CBCE2">

<td>SONGGORUNGGI TO ODP KRETEK NAMBANGAN</td>

</tr>

<tr>

<td>

<table style="font-family:Arial,Verdana,Times;font-size:12px;text-align:left;width:100%;border-spacing:0px; padding:3px 3px 3px 3px">

<tr>

<td>FID</td>

<td>76</td>

</tr>

<tr bgcolor="#D4E4F3">

<td>OID_</td>

<td>0</td>

</tr>

<tr>

<td>Name</td>

<td>SONGGORUNGGI TO ODP KRETEK NAMBANGAN</td>

</tr>

<tr bgcolor="#D4E4F3">

<td>FolderPath</td>

<td>PEMKAB SUKOHARJO FIX/CLOSURE SONGGORUNGGI TO ODP DESA NGUTER</td>

</tr>

<tr>

<td>PopupInfo</td>

<td>KU 12 CORE</td>

</tr>

<tr bgcolor="#D4E4F3">

<td>Shape_Leng</td>

<td>0.034251</td>

</tr>

</table>

</td>

</tr>

</table>

</body>

</html>]]></description>
					<styleUrl>#LineStyle300</styleUrl>
					<MultiGeometry>
						<LineString>
							<coordinates>
								110.879957173,-7.746555154999947,0 110.8796728890001,-7.746388515999971,0 110.8785422330001,-7.745907593999958,0 110.877745223,-7.745299325999944,0 110.8771511180001,-7.744632299999977,0 110.8766117160001,-7.743744936999979,0 110.8753551470001,-7.741462191999979,0 110.8714149560001,-7.734016598999968,0 110.8696548930001,-7.730817252999946,0 110.8685127240001,-7.728626647999928,0 110.8662982900001,-7.724331605999959,0 110.8645996660001,-7.721192620999938,0 110.8626570630001,-7.717462553999952,0 
							</coordinates>
						</LineString>
					</MultiGeometry>
				</Placemark>
				<Placemark id="ID_30069">
					<name>GEDUNG WIJAYA TO ODP TENTARA PELAJAR</name>
					<Snippet maxLines="0"></Snippet>
					<description><![CDATA[<html xmlns:fo="http://www.w3.org/1999/XSL/Format" xmlns:msxsl="urn:schemas-microsoft-com:xslt">

<head>

<META http-equiv="Content-Type" content="text/html">

<meta http-equiv="content-type" content="text/html; charset=UTF-8">

</head>

<body style="margin:0px 0px 0px 0px;overflow:auto;background:#FFFFFF;">

<table style="font-family:Arial,Verdana,Times;font-size:12px;text-align:left;width:100%;border-collapse:collapse;padding:3px 3px 3px 3px">

<tr style="text-align:center;font-weight:bold;background:#9CBCE2">

<td>GEDUNG WIJAYA TO ODP TENTARA PELAJAR</td>

</tr>

<tr>

<td>

<table style="font-family:Arial,Verdana,Times;font-size:12px;text-align:left;width:100%;border-spacing:0px; padding:3px 3px 3px 3px">

<tr>

<td>FID</td>

<td>69</td>

</tr>

<tr bgcolor="#D4E4F3">

<td>OID_</td>

<td>0</td>

</tr>

<tr>

<td>Name</td>

<td>GEDUNG WIJAYA TO ODP TENTARA PELAJAR</td>

</tr>

<tr bgcolor="#D4E4F3">

<td>FolderPath</td>

<td>PEMKAB SUKOHARJO FIX/GEDUNG WIJAYA TO TENTARA PELAJAR TO DINAS KERSIPAN TO DINAS SOSIAL/GEDUNG WIJAYA TO ODP TENTARA PELAJAR</td>

</tr>

<tr>

<td>PopupInfo</td>

<td>KU 12 CORE</td>

</tr>

<tr bgcolor="#D4E4F3">

<td>Shape_Leng</td>

<td>0.009459</td>

</tr>

</table>

</td>

</tr>

</table>

</body>

</html>]]></description>
					<styleUrl>#LineStyle300</styleUrl>
					<MultiGeometry>
						<LineString>
							<coordinates>
								110.8392695730001,-7.672820354999942,0 110.8389048910001,-7.671790581999971,0 110.838497793,-7.670726412999954,0 110.8378712670001,-7.668830429999957,0 110.837292985,-7.666918155999952,0 110.8371147540001,-7.66611732399997,0 110.8368948180001,-7.666112688999931,0 110.8367016680001,-7.665944147999937,0 110.8364109870001,-7.665834006999944,0 110.8364028680001,-7.665833906999978,0 110.8360481820001,-7.665715811999974,0 110.8359068670001,-7.665669295999976,0 110.835841449,-7.665651305999974,0 110.8358321750001,-7.665609303999929,0 110.8358318740001,-7.665604666999968,0 110.8358148560001,-7.665536857999939,0 110.8357983880001,-7.665460841999958,0 110.8357913080001,-7.66536098599994,0 110.8358004040001,-7.665250682999954,0 110.8358471560001,-7.665157376999957,0 110.8359160040001,-7.665120059999936,0 110.8359249180001,-7.66511464499996,0 110.8360004230001,-7.66510971699995,0 110.8360927570001,-7.665077633999944,0 110.8361341250001,-7.665097547999949,0 110.8361547700001,-7.665170345999968,0 110.8361505030001,-7.665229865999947,0 110.8361554200001,-7.665301995999925,0 
							</coordinates>
						</LineString>
					</MultiGeometry>
				</Placemark>
			</Folder>
		</Folder>
	</Folder>
	<Folder>
		<name>TAHAP - 2</name>
		<open>1</open>
		<Folder>
			<name>6 CORE</name>
			<open>1</open>
			<Placemark id="ID_20017">
				<name>0</name>
				<open>1</open>
				<Snippet maxLines="0"></Snippet>
				<description><![CDATA[<html xmlns:fo="http://www.w3.org/1999/XSL/Format" xmlns:msxsl="urn:schemas-microsoft-com:xslt">

<head>

<META http-equiv="Content-Type" content="text/html">

<meta http-equiv="content-type" content="text/html; charset=UTF-8">

</head>

<body style="margin:0px 0px 0px 0px;overflow:auto;background:#FFFFFF;">

<table style="font-family:Arial,Verdana,Times;font-size:12px;text-align:left;width:100%;border-collapse:collapse;padding:3px 3px 3px 3px">

<tr style="text-align:center;font-weight:bold;background:#9CBCE2">

<td>0</td>

</tr>

<tr>

<td>

<table style="font-family:Arial,Verdana,Times;font-size:12px;text-align:left;width:100%;border-spacing:0px; padding:3px 3px 3px 3px">

<tr>

<td>FID</td>

<td>17</td>

</tr>

<tr bgcolor="#D4E4F3">

<td>Id</td>

<td>0</td>

</tr>

<tr>

<td>Titik_Awal</td>

<td>ODP Dinas Kesehatan</td>

</tr>

<tr bgcolor="#D4E4F3">

<td>Titik_Akhr</td>

<td>Taman Pakujoyo</td>

</tr>

<tr>

<td>Jarak</td>

<td>494</td>

</tr>

<tr bgcolor="#D4E4F3">

<td>Jenis</td>

<td>6 Core</td>

</tr>

</table>

</td>

</tr>

</table>

</body>

</html>]]></description>
				<styleUrl>#LineStyle2170</styleUrl>
				<MultiGeometry>
					<LineString>
						<coordinates>
							110.8489055806646,-7.688710523381889,0 110.8488338415136,-7.688280088576179,0 110.8488332832223,-7.688276738772746,0 110.8488453331272,-7.687987547926434,0 110.8488916647838,-7.687596944708273,0 110.8489023164234,-7.687551246177058,0 110.8489114051423,-7.687512253545906,0 110.8489801998253,-7.68721710346821,0 110.8489892880093,-7.687184714164478,0 110.8490463688907,-7.687030976145715,0 110.8490890982874,-7.68691590235653,0 110.8491044662696,-7.686874515731672,0 110.849198534226,-7.686694577272699,0 110.8493571683524,-7.686391129415187,0 110.8494527904289,-7.686208217225146,0 110.8495451079907,-7.686002641764967,0 110.8495656595942,-7.685956875219486,0 110.8495738795089,-7.685938568781612,0 110.8497368683355,-7.685575605472421,0 110.8497564951814,-7.685531898289015,0 110.849849493052,-7.685324803318729,0 110.8498522028484,-7.685318534719978,0 110.8498692268408,-7.685279167857949,0 110.8499437904193,-7.685106814186992,0 110.8501175638233,-7.684705165918191,0 110.8501467532336,-7.684637699376264,0 110.8500289350001,-7.684670282999941,0 
						</coordinates>
					</LineString>
				</MultiGeometry>
			</Placemark>
			<Placemark id="ID_20068">
				<name>0</name>
				<Snippet maxLines="0"></Snippet>
				<description><![CDATA[<html xmlns:fo="http://www.w3.org/1999/XSL/Format" xmlns:msxsl="urn:schemas-microsoft-com:xslt">

<head>

<META http-equiv="Content-Type" content="text/html">

<meta http-equiv="content-type" content="text/html; charset=UTF-8">

</head>

<body style="margin:0px 0px 0px 0px;overflow:auto;background:#FFFFFF;">

<table style="font-family:Arial,Verdana,Times;font-size:12px;text-align:left;width:100%;border-collapse:collapse;padding:3px 3px 3px 3px">

<tr style="text-align:center;font-weight:bold;background:#9CBCE2">

<td>0</td>

</tr>

<tr>

<td>

<table style="font-family:Arial,Verdana,Times;font-size:12px;text-align:left;width:100%;border-spacing:0px; padding:3px 3px 3px 3px">

<tr>

<td>FID</td>

<td>68</td>

</tr>

<tr bgcolor="#D4E4F3">

<td>Id</td>

<td>0</td>

</tr>

<tr>

<td>Titik_Awal</td>

<td>ODP Mandan</td>

</tr>

<tr bgcolor="#D4E4F3">

<td>Titik_Akhr</td>

<td>ODP Terminal Sukoharjo</td>

</tr>

<tr>

<td>Jarak</td>

<td>1030</td>

</tr>

<tr bgcolor="#D4E4F3">

<td>Jenis</td>

<td>6 Core</td>

</tr>

</table>

</td>

</tr>

</table>

</body>

</html>]]></description>
				<styleUrl>#LineStyle2170</styleUrl>
				<MultiGeometry>
					<LineString>
						<coordinates>
							110.8484136947727,-7.694041433239559,0 110.8464413850001,-7.693936727999926,0 110.8448248170001,-7.693857176999912,0 110.8443941643671,-7.693825327720166,0 110.8400397275331,-7.693550886236967,0 110.8390870012971,-7.693544167694721,0 
						</coordinates>
					</LineString>
				</MultiGeometry>
			</Placemark>
			<Placemark id="ID_20045">
				<name>0</name>
				<open>1</open>
				<Snippet maxLines="0"></Snippet>
				<description><![CDATA[<html xmlns:fo="http://www.w3.org/1999/XSL/Format" xmlns:msxsl="urn:schemas-microsoft-com:xslt">

<head>

<META http-equiv="Content-Type" content="text/html">

<meta http-equiv="content-type" content="text/html; charset=UTF-8">

</head>

<body style="margin:0px 0px 0px 0px;overflow:auto;background:#FFFFFF;">

<table style="font-family:Arial,Verdana,Times;font-size:12px;text-align:left;width:100%;border-collapse:collapse;padding:3px 3px 3px 3px">

<tr style="text-align:center;font-weight:bold;background:#9CBCE2">

<td>0</td>

</tr>

<tr>

<td>

<table style="font-family:Arial,Verdana,Times;font-size:12px;text-align:left;width:100%;border-spacing:0px; padding:3px 3px 3px 3px">

<tr>

<td>FID</td>

<td>45</td>

</tr>

<tr bgcolor="#D4E4F3">

<td>Id</td>

<td>0</td>

</tr>

<tr>

<td>Titik_Awal</td>

<td>ODP Simpang Kartosuro</td>

</tr>

<tr bgcolor="#D4E4F3">

<td>Titik_Akhr</td>

<td>ODP Simpang Slamet Riyadi</td>

</tr>

<tr>

<td>Jarak</td>

<td>802</td>

</tr>

<tr bgcolor="#D4E4F3">

<td>Jenis</td>

<td>6 Core</td>

</tr>

</table>

</td>

</tr>

</table>

</body>

</html>]]></description>
				<styleUrl>#LineStyle2170</styleUrl>
				<MultiGeometry>
					<LineString>
						<coordinates>
							110.7355966761257,-7.551294748738681,0 110.7362595953447,-7.550851259944629,0 110.7363257532738,-7.550806558607506,0 110.7369493173396,-7.550423804538497,0 110.7370299610001,-7.550544053999901,0 110.7373115700001,-7.550586717999984,0 110.7374182710001,-7.550606030999967,0 110.7381429223908,-7.550761206860863,0 110.7381689250001,-7.550766774999944,0 110.7390349300001,-7.55099847799992,0 110.739351947251,-7.551100836632115,0 110.7396599240001,-7.551200275999978,0 110.7400934336928,-7.551418113898057,0 110.7405223796026,-7.551633657629161,0 110.7408521360001,-7.551799358999937,0 110.7409409550342,-7.551845152166436,0 110.7417354300001,-7.55225476499986,0 110.7421445532329,-7.552435803065006,0 110.742146504471,-7.55243666649295,0 110.742166614,-7.552445564999924,0 
						</coordinates>
					</LineString>
				</MultiGeometry>
			</Placemark>
			<Placemark id="ID_20045">
				<name>0</name>
				<Snippet maxLines="0"></Snippet>
				<description><![CDATA[<html xmlns:fo="http://www.w3.org/1999/XSL/Format" xmlns:msxsl="urn:schemas-microsoft-com:xslt">

<head>

<META http-equiv="Content-Type" content="text/html">

<meta http-equiv="content-type" content="text/html; charset=UTF-8">

</head>

<body style="margin:0px 0px 0px 0px;overflow:auto;background:#FFFFFF;">

<table style="font-family:Arial,Verdana,Times;font-size:12px;text-align:left;width:100%;border-collapse:collapse;padding:3px 3px 3px 3px">

<tr style="text-align:center;font-weight:bold;background:#9CBCE2">

<td>0</td>

</tr>

<tr>

<td>

<table style="font-family:Arial,Verdana,Times;font-size:12px;text-align:left;width:100%;border-spacing:0px; padding:3px 3px 3px 3px">

<tr>

<td>FID</td>

<td>45</td>

</tr>

<tr bgcolor="#D4E4F3">

<td>Id</td>

<td>0</td>

</tr>

<tr>

<td>Titik_Awal</td>

<td>ODP Simpang Kartosuro</td>

</tr>

<tr bgcolor="#D4E4F3">

<td>Titik_Akhr</td>

<td>ODP Simpang Slamet Riyadi</td>

</tr>

<tr>

<td>Jarak</td>

<td>802</td>

</tr>

<tr bgcolor="#D4E4F3">

<td>Jenis</td>

<td>6 Core</td>

</tr>

</table>

</td>

</tr>

</table>

</body>

</html>]]></description>
				<styleUrl>#LineStyle2170</styleUrl>
				<MultiGeometry>
					<LineString>
						<coordinates>
							110.7355966761257,-7.551294748738681,0 110.7362595953447,-7.550851259944629,0 110.7363257532738,-7.550806558607506,0 110.7369493173396,-7.550423804538497,0 110.7370299610001,-7.550544053999901,0 110.7373115700001,-7.550586717999984,0 110.7374182710001,-7.550606030999967,0 110.7381429223908,-7.550761206860863,0 110.7381689250001,-7.550766774999944,0 110.7390349300001,-7.55099847799992,0 110.739351947251,-7.551100836632115,0 110.7396599240001,-7.551200275999978,0 110.7400934336928,-7.551418113898057,0 110.7405223796026,-7.551633657629161,0 110.7408521360001,-7.551799358999937,0 110.7409409550342,-7.551845152166436,0 110.7417354300001,-7.55225476499986,0 110.7421445532329,-7.552435803065006,0 110.742146504471,-7.55243666649295,0 110.742166614,-7.552445564999924,0 
						</coordinates>
					</LineString>
				</MultiGeometry>
			</Placemark>
		</Folder>
		<Folder>
			<name>4 CORE</name>
			<open>1</open>
			<Placemark id="ID_20069">
				<name>0</name>
				<Snippet maxLines="0"></Snippet>
				<description><![CDATA[<html xmlns:fo="http://www.w3.org/1999/XSL/Format" xmlns:msxsl="urn:schemas-microsoft-com:xslt">

<head>

<META http-equiv="Content-Type" content="text/html">

<meta http-equiv="content-type" content="text/html; charset=UTF-8">

</head>

<body style="margin:0px 0px 0px 0px;overflow:auto;background:#FFFFFF;">

<table style="font-family:Arial,Verdana,Times;font-size:12px;text-align:left;width:100%;border-collapse:collapse;padding:3px 3px 3px 3px">

<tr style="text-align:center;font-weight:bold;background:#9CBCE2">

<td>0</td>

</tr>

<tr>

<td>

<table style="font-family:Arial,Verdana,Times;font-size:12px;text-align:left;width:100%;border-spacing:0px; padding:3px 3px 3px 3px">

<tr>

<td>FID</td>

<td>69</td>

</tr>

<tr bgcolor="#D4E4F3">

<td>Id</td>

<td>0</td>

</tr>

<tr>

<td>Titik_Awal</td>

<td>ODP Mandan</td>

</tr>

<tr bgcolor="#D4E4F3">

<td>Titik_Akhr</td>

<td>ODP DPRD</td>

</tr>

<tr>

<td>Jarak</td>

<td>1235</td>

</tr>

<tr bgcolor="#D4E4F3">

<td>Jenis</td>

<td>4 Core</td>

</tr>

</table>

</td>

</tr>

</table>

</body>

</html>]]></description>
				<styleUrl>#LineStyle2601</styleUrl>
				<MultiGeometry>
					<LineString>
						<coordinates>
							110.8362716030664,-7.704052125079962,0 110.836682831196,-7.702722902082305,0 110.8370406996586,-7.701554223521507,0 110.837617723929,-7.698383277143403,0 110.8379180787366,-7.697192707798669,0 110.8381218564074,-7.696597597753312,0 110.8384341161423,-7.695640382349779,0 110.839266799626,-7.693509939925518,0 110.8390870012971,-7.693544167694721,0 
						</coordinates>
					</LineString>
				</MultiGeometry>
			</Placemark>
			<Placemark id="ID_20037">
				<name>0</name>
				<open>1</open>
				<Snippet maxLines="0"></Snippet>
				<description><![CDATA[<html xmlns:fo="http://www.w3.org/1999/XSL/Format" xmlns:msxsl="urn:schemas-microsoft-com:xslt">

<head>

<META http-equiv="Content-Type" content="text/html">

<meta http-equiv="content-type" content="text/html; charset=UTF-8">

</head>

<body style="margin:0px 0px 0px 0px;overflow:auto;background:#FFFFFF;">

<table style="font-family:Arial,Verdana,Times;font-size:12px;text-align:left;width:100%;border-collapse:collapse;padding:3px 3px 3px 3px">

<tr style="text-align:center;font-weight:bold;background:#9CBCE2">

<td>0</td>

</tr>

<tr>

<td>

<table style="font-family:Arial,Verdana,Times;font-size:12px;text-align:left;width:100%;border-spacing:0px; padding:3px 3px 3px 3px">

<tr>

<td>FID</td>

<td>37</td>

</tr>

<tr bgcolor="#D4E4F3">

<td>Id</td>

<td>0</td>

</tr>

<tr>

<td>Titik_Awal</td>

<td>ODP Pasar Cuplik</td>

</tr>

<tr bgcolor="#D4E4F3">

<td>Titik_Akhr</td>

<td>ODP Kelurahan Kenep</td>

</tr>

<tr>

<td>Jarak</td>

<td>2308</td>

</tr>

<tr bgcolor="#D4E4F3">

<td>Jenis</td>

<td>4 Core</td>

</tr>

</table>

</td>

</tr>

</table>

</body>

</html>]]></description>
				<styleUrl>#LineStyle2601</styleUrl>
				<MultiGeometry>
					<LineString>
						<coordinates>
							110.8113553768977,-7.686589970937689,0 110.8126130000561,-7.681881000107072,0 110.8126204061352,-7.681852687759246,0 110.8123727873767,-7.681860221459196,0 110.8116626913218,-7.681837215267051,0 110.8113014872091,-7.681807611410426,0 110.8107319957894,-7.681760936880647,0 110.8106126450485,-7.681751154797375,0 110.8092385217285,-7.681716472894404,0 110.8090720590844,-7.681712271431389,0 110.8075110599445,-7.681640833519649,0 110.8070872712751,-7.681633529967364,0 110.8067879608933,-7.681617981709554,0 110.8065277768378,-7.681602645344314,0 110.8064421408827,-7.681589464365266,0 110.80627518052,-7.681547267193227,0 110.8059527861584,-7.681443729146236,0 110.8058584377965,-7.681403422574407,0 110.8056342441281,-7.681307644581068,0 110.8055452677367,-7.681262671916684,0 110.8054180569767,-7.681198374003458,0 110.8053195519534,-7.681148584697803,0 110.8048931751896,-7.680948271908704,0 110.8047745122946,-7.680892524010245,0 110.8047688327146,-7.680889855679807,0 110.804475239057,-7.680761439643738,0 110.8043130699309,-7.680682837914288,0 110.8043103221781,-7.680681506049428,0 110.8039533075424,-7.680508465774485,0 110.8036084665179,-7.680360671724525,0 110.8035353814186,-7.680329348547447,0 110.8031862099931,-7.680165919511039,0 110.8028288363406,-7.679998651082284,0 110.8022339901639,-7.679709262859443,0 110.8019203739132,-7.679548577338696,0 110.8018895889469,-7.679532804742052,0 110.8016986375656,-7.679431390148952,0 110.8015394414309,-7.679343800113678,0 110.8014466014497,-7.679292719931804,0 110.8012841773165,-7.679203353558512,0 110.8011626405876,-7.679134849907365,0 110.8011067361168,-7.679103339791618,0 110.8008440658959,-7.67895528669432,0 110.8007776187717,-7.678917834094534,0 110.8003761262075,-7.678681586504628,0 110.7998796290877,-7.678413860735566,0 110.7997835546776,-7.678359915752065,0 110.7994325541825,-7.678162831292574,0 110.7993466048319,-7.678110335526074,0 110.7990199021325,-7.677910792619175,0 110.7990027586933,-7.677900321514276,0 110.7989495196096,-7.67786903340599,0 110.7988124873525,-7.6777885007876,0 110.7985365026226,-7.677626306271203,0 110.7978813335033,-7.6772524157121,0 110.7978649358427,-7.677243058431521,0 110.7977158084643,-7.677156099221935,0 110.7977094600001,-7.677166933999962,0 
						</coordinates>
					</LineString>
				</MultiGeometry>
			</Placemark>
			<Placemark id="ID_20064">
				<name>0</name>
				<Snippet maxLines="0"></Snippet>
				<description><![CDATA[<html xmlns:fo="http://www.w3.org/1999/XSL/Format" xmlns:msxsl="urn:schemas-microsoft-com:xslt">

<head>

<META http-equiv="Content-Type" content="text/html">

<meta http-equiv="content-type" content="text/html; charset=UTF-8">

</head>

<body style="margin:0px 0px 0px 0px;overflow:auto;background:#FFFFFF;">

<table style="font-family:Arial,Verdana,Times;font-size:12px;text-align:left;width:100%;border-collapse:collapse;padding:3px 3px 3px 3px">

<tr style="text-align:center;font-weight:bold;background:#9CBCE2">

<td>0</td>

</tr>

<tr>

<td>

<table style="font-family:Arial,Verdana,Times;font-size:12px;text-align:left;width:100%;border-spacing:0px; padding:3px 3px 3px 3px">

<tr>

<td>FID</td>

<td>64</td>

</tr>

<tr bgcolor="#D4E4F3">

<td>Id</td>

<td>0</td>

</tr>

<tr>

<td>Titik_Awal</td>

<td>ODP Kelurahan Combongan</td>

</tr>

<tr bgcolor="#D4E4F3">

<td>Titik_Akhr</td>

<td>ODP Kelurahan Kenep</td>

</tr>

<tr>

<td>Jarak</td>

<td>1498</td>

</tr>

<tr bgcolor="#D4E4F3">

<td>Jenis</td>

<td>4 Core</td>

</tr>

</table>

</td>

</tr>

</table>

</body>

</html>]]></description>
				<styleUrl>#LineStyle2601</styleUrl>
				<MultiGeometry>
					<LineString>
						<coordinates>
							110.8079471675615,-7.699669954443719,0 110.808023515825,-7.699412294972296,0 110.8088178998312,-7.696731396286475,0 110.8091273812483,-7.695686944133861,0 110.8092690003935,-7.695209000445984,0 110.8092789446282,-7.695167377754538,0 110.8092921221459,-7.695112217896588,0 110.8094009698464,-7.69465659958115,0 110.8103498531429,-7.69068468348885,0 110.8103933002239,-7.690464129308896,0 110.8103969782196,-7.69044545711715,0 110.810450820848,-7.690226113303558,0 110.8105457309342,-7.689839464995916,0 110.8105832034123,-7.689685705668979,0 110.8105952847973,-7.689623268048411,0 110.8105988265973,-7.6896049639512,0 110.8106518183245,-7.68942069328522,0 110.8106847988803,-7.689282642429673,0 110.8107700000624,-7.688925999577474,0 110.8107817526433,-7.688881074161602,0 110.8109470060576,-7.688249391345014,0 110.8111625951624,-7.687425297241683,0 110.8111770416736,-7.687370076342189,0 110.811380005442,-7.686594238635269,0 110.8113553768977,-7.686589970937689,0 
						</coordinates>
					</LineString>
				</MultiGeometry>
			</Placemark>
			<Placemark id="ID_20061">
				<name>0</name>
				<Snippet maxLines="0"></Snippet>
				<description><![CDATA[<html xmlns:fo="http://www.w3.org/1999/XSL/Format" xmlns:msxsl="urn:schemas-microsoft-com:xslt">

<head>

<META http-equiv="Content-Type" content="text/html">

<meta http-equiv="content-type" content="text/html; charset=UTF-8">

</head>

<body style="margin:0px 0px 0px 0px;overflow:auto;background:#FFFFFF;">

<table style="font-family:Arial,Verdana,Times;font-size:12px;text-align:left;width:100%;border-collapse:collapse;padding:3px 3px 3px 3px">

<tr style="text-align:center;font-weight:bold;background:#9CBCE2">

<td>0</td>

</tr>

<tr>

<td>

<table style="font-family:Arial,Verdana,Times;font-size:12px;text-align:left;width:100%;border-spacing:0px; padding:3px 3px 3px 3px">

<tr>

<td>FID</td>

<td>61</td>

</tr>

<tr bgcolor="#D4E4F3">

<td>Id</td>

<td>0</td>

</tr>

<tr>

<td>Titik_Awal</td>

<td>ODP Simpang 4 Univet</td>

</tr>

<tr bgcolor="#D4E4F3">

<td>Titik_Akhr</td>

<td>ODP Gor Jombor</td>

</tr>

<tr>

<td>Jarak</td>

<td>1049</td>

</tr>

<tr bgcolor="#D4E4F3">

<td>Jenis</td>

<td>4 Core</td>

</tr>

</table>

</td>

</tr>

</table>

</body>

</html>]]></description>
				<styleUrl>#LineStyle2601</styleUrl>
				<MultiGeometry>
					<LineString>
						<coordinates>
							110.8416049487678,-7.673432671359969,0 110.840470349,-7.673121371999943,0 110.8399025008927,-7.673029792250313,0 110.8392464980001,-7.672797691999945,0 110.838596668,-7.671267426999971,0 110.8378778091582,-7.669404934342209,0 110.8377310520042,-7.668923755650806,0 110.837138392,-7.666950954999952,0 110.8368647720001,-7.66617046499993,0 
						</coordinates>
					</LineString>
				</MultiGeometry>
			</Placemark>
			<Placemark id="ID_20065">
				<name>0</name>
				<Snippet maxLines="0"></Snippet>
				<description><![CDATA[<html xmlns:fo="http://www.w3.org/1999/XSL/Format" xmlns:msxsl="urn:schemas-microsoft-com:xslt">

<head>

<META http-equiv="Content-Type" content="text/html">

<meta http-equiv="content-type" content="text/html; charset=UTF-8">

</head>

<body style="margin:0px 0px 0px 0px;overflow:auto;background:#FFFFFF;">

<table style="font-family:Arial,Verdana,Times;font-size:12px;text-align:left;width:100%;border-collapse:collapse;padding:3px 3px 3px 3px">

<tr style="text-align:center;font-weight:bold;background:#9CBCE2">

<td>0</td>

</tr>

<tr>

<td>

<table style="font-family:Arial,Verdana,Times;font-size:12px;text-align:left;width:100%;border-spacing:0px; padding:3px 3px 3px 3px">

<tr>

<td>FID</td>

<td>65</td>

</tr>

<tr bgcolor="#D4E4F3">

<td>Id</td>

<td>0</td>

</tr>

<tr>

<td>Titik_Awal</td>

<td>Closure Kenep</td>

</tr>

<tr bgcolor="#D4E4F3">

<td>Titik_Akhr</td>

<td>ODP Banmati</td>

</tr>

<tr>

<td>Jarak</td>

<td>71</td>

</tr>

<tr bgcolor="#D4E4F3">

<td>Jenis</td>

<td>4 Core</td>

</tr>

</table>

</td>

</tr>

</table>

</body>

</html>]]></description>
				<styleUrl>#LineStyle2601</styleUrl>
				<MultiGeometry>
					<LineString>
						<coordinates>
							110.816720298845,-7.71083126018624,0 110.8163469960001,-7.711358447999938,0 
						</coordinates>
					</LineString>
				</MultiGeometry>
			</Placemark>
			<Placemark id="ID_20072">
				<name>0</name>
				<Snippet maxLines="0"></Snippet>
				<description><![CDATA[<html xmlns:fo="http://www.w3.org/1999/XSL/Format" xmlns:msxsl="urn:schemas-microsoft-com:xslt">

<head>

<META http-equiv="Content-Type" content="text/html">

<meta http-equiv="content-type" content="text/html; charset=UTF-8">

</head>

<body style="margin:0px 0px 0px 0px;overflow:auto;background:#FFFFFF;">

<table style="font-family:Arial,Verdana,Times;font-size:12px;text-align:left;width:100%;border-collapse:collapse;padding:3px 3px 3px 3px">

<tr style="text-align:center;font-weight:bold;background:#9CBCE2">

<td>0</td>

</tr>

<tr>

<td>

<table style="font-family:Arial,Verdana,Times;font-size:12px;text-align:left;width:100%;border-spacing:0px; padding:3px 3px 3px 3px">

<tr>

<td>FID</td>

<td>72</td>

</tr>

<tr bgcolor="#D4E4F3">

<td>Id</td>

<td>0</td>

</tr>

<tr>

<td>Titik_Awal</td>

<td>Closure Songgorunggi</td>

</tr>

<tr bgcolor="#D4E4F3">

<td>Titik_Akhr</td>

<td>ODP Songgorunggi</td>

</tr>

<tr>

<td>Jarak</td>

<td>578</td>

</tr>

<tr bgcolor="#D4E4F3">

<td>Jenis</td>

<td>4 Core</td>

</tr>

</table>

</td>

</tr>

</table>

</body>

</html>]]></description>
				<styleUrl>#LineStyle2601</styleUrl>
				<MultiGeometry>
					<LineString>
						<coordinates>
							110.8652335833903,-7.722364079560803,0 110.8628020390001,-7.717728605999962,0 
						</coordinates>
					</LineString>
				</MultiGeometry>
			</Placemark>
			<Placemark id="ID_20027">
				<name>0</name>
				<Snippet maxLines="0"></Snippet>
				<description><![CDATA[<html xmlns:fo="http://www.w3.org/1999/XSL/Format" xmlns:msxsl="urn:schemas-microsoft-com:xslt">

<head>

<META http-equiv="Content-Type" content="text/html">

<meta http-equiv="content-type" content="text/html; charset=UTF-8">

</head>

<body style="margin:0px 0px 0px 0px;overflow:auto;background:#FFFFFF;">

<table style="font-family:Arial,Verdana,Times;font-size:12px;text-align:left;width:100%;border-collapse:collapse;padding:3px 3px 3px 3px">

<tr style="text-align:center;font-weight:bold;background:#9CBCE2">

<td>0</td>

</tr>

<tr>

<td>

<table style="font-family:Arial,Verdana,Times;font-size:12px;text-align:left;width:100%;border-spacing:0px; padding:3px 3px 3px 3px">

<tr>

<td>FID</td>

<td>27</td>

</tr>

<tr bgcolor="#D4E4F3">

<td>Id</td>

<td>0</td>

</tr>

<tr>

<td>Titik_Awal</td>

<td>ODP Simpang Kartosuro</td>

</tr>

<tr bgcolor="#D4E4F3">

<td>Titik_Akhr</td>

<td>Closure Pom Sawit</td>

</tr>

<tr>

<td>Jarak</td>

<td>2925</td>

</tr>

<tr bgcolor="#D4E4F3">

<td>Jenis</td>

<td>4 Core</td>

</tr>

</table>

</td>

</tr>

</table>

</body>

</html>]]></description>
				<styleUrl>#LineStyle263</styleUrl>
				<MultiGeometry>
					<LineString>
						<coordinates>
							110.7191897775963,-7.571326409000354,0 110.7193247818867,-7.571104089232545,0 110.7194385852595,-7.570904391555409,0 110.7196150915858,-7.570594665133789,0 110.7196465452029,-7.570539470832785,0 110.7197705634727,-7.570306545067974,0 110.7198700942022,-7.570119611416102,0 110.7200019521807,-7.569871960703409,0 110.7201345291388,-7.569612645156785,0 110.7202637167494,-7.569359956930096,0 110.7204654394339,-7.568972366998994,0 110.7209372536424,-7.568204030169172,0 110.721205762325,-7.567766771391693,0 110.721216923683,-7.567747751037799,0 110.7212408163723,-7.567707035634281,0 110.7212681761949,-7.567662481669547,0 110.7214355909595,-7.567389857368448,0 110.7214356118307,-7.567389823912922,0 110.7214859547324,-7.567307842926164,0 110.7214860038711,-7.567306137855479,0 110.7214860057143,-7.567306090819355,0 110.7214863205797,-7.567305611601837,0 110.7214884992293,-7.567302297768543,0 110.7215015094213,-7.567282512421841,0 110.7216151294201,-7.567109714765032,0 110.721637771562,-7.567075279826121,0 110.7220662566504,-7.566327247581849,0 110.7222565378903,-7.565995061121734,0 110.722707503258,-7.565177031035781,0 110.722857366889,-7.564872138193119,0 110.723185507454,-7.564204540689951,0 110.7233157818281,-7.563939498438589,0 110.7234148908122,-7.563739572204617,0 110.7236047008072,-7.563356678515412,0 110.7239240601405,-7.562712453217043,0 110.7240554217168,-7.562482570874099,0 110.7245442788315,-7.56162707101017,0 110.7245783321531,-7.561577164197841,0 110.7249776621291,-7.560991921692092,0 110.7252853702683,-7.5605409551859,0 110.7253923195047,-7.560384213615015,0 110.7254901891179,-7.560272137292516,0 110.7260425486345,-7.559639597090633,0 110.726246114701,-7.559412542643179,0 110.7268605789104,-7.558727178423498,0 110.7270239887047,-7.558535817875737,0 110.7276576336845,-7.557793785320296,0 110.7277803199991,-7.557681615363418,0 110.7280246983613,-7.557458182900976,0 110.7285071260176,-7.556912830054792,0 110.7286597547172,-7.556776266968624,0 110.7287063895318,-7.556734541256058,0 110.7293884295868,-7.555979750886512,0 110.7295455147407,-7.555824439508105,0 110.7302321187853,-7.555145588711827,0 110.7302585498944,-7.55511945588597,0 110.7309126816712,-7.554537119907737,0 110.7311185299554,-7.554353864295445,0 110.7316009577935,-7.553860948030327,0 110.7316163005798,-7.553851138408244,0 110.7316647175441,-7.553820183196223,0 110.731793025957,-7.553738151045082,0 110.7318833052116,-7.553680431921952,0 110.7320444346788,-7.553577414940801,0 110.7322406994333,-7.553451933765463,0 110.7324350335007,-7.553328988040614,0 110.7323814244465,-7.553362903901098,0 110.7332684807335,-7.552801704652911,0 110.7334393889933,-7.552692190184231,0 110.7335611883976,-7.552621742800398,0 110.733950506486,-7.552395591897876,0 110.7339637794984,-7.552386083053267,0 110.734675772045,-7.551875980474022,0 110.7355966761257,-7.551294748738681,0 
						</coordinates>
					</LineString>
				</MultiGeometry>
			</Placemark>
			<Placemark id="ID_20006">
				<name>0</name>
				<Snippet maxLines="0"></Snippet>
				<description><![CDATA[<html xmlns:fo="http://www.w3.org/1999/XSL/Format" xmlns:msxsl="urn:schemas-microsoft-com:xslt">

<head>

<META http-equiv="Content-Type" content="text/html">

<meta http-equiv="content-type" content="text/html; charset=UTF-8">

</head>

<body style="margin:0px 0px 0px 0px;overflow:auto;background:#FFFFFF;">

<table style="font-family:Arial,Verdana,Times;font-size:12px;text-align:left;width:100%;border-collapse:collapse;padding:3px 3px 3px 3px">

<tr style="text-align:center;font-weight:bold;background:#9CBCE2">

<td>0</td>

</tr>

<tr>

<td>

<table style="font-family:Arial,Verdana,Times;font-size:12px;text-align:left;width:100%;border-spacing:0px; padding:3px 3px 3px 3px">

<tr>

<td>FID</td>

<td>6</td>

</tr>

<tr bgcolor="#D4E4F3">

<td>Id</td>

<td>0</td>

</tr>

<tr>

<td>Titik_Awal</td>

<td>ODP Simpang Mojolaban</td>

</tr>

<tr bgcolor="#D4E4F3">

<td>Titik_Akhr</td>

<td>ODP Kecamatan Mojolaban</td>

</tr>

<tr>

<td>Jarak</td>

<td>667</td>

</tr>

<tr bgcolor="#D4E4F3">

<td>Jenis</td>

<td>4 Core</td>

</tr>

</table>

</td>

</tr>

</table>

</body>

</html>]]></description>
				<styleUrl>#LineStyle2602</styleUrl>
				<MultiGeometry>
					<LineString>
						<coordinates>
							110.8710689440237,-7.605099761209848,0 110.8710123325716,-7.605245713943939,0 110.871001460476,-7.605273742432004,0 110.8708886956232,-7.605564468446827,0 110.8708600958769,-7.605638201385966,0 110.8707569004212,-7.605882209513286,0 110.870752812905,-7.605891874536873,0 110.8706481790001,-7.606194627999978,0 110.8704992615228,-7.606529209496826,0 110.8704088150001,-7.606749101999969,0 110.8703704101132,-7.606947616429007,0 110.8703600660001,-7.607001084999956,0 110.870753689775,-7.607398047795828,0 110.8718816215579,-7.608535541575035,0 110.8719952730001,-7.608650155999955,0 110.8725020320001,-7.609155894999962,0 110.872701626,-7.609304958999895,0 110.8728801890001,-7.60937718499997,0 110.872891984,-7.609378051999952,0 110.8731571870001,-7.609481978999946,0 110.8733624773945,-7.609544693698081,0 110.8733793137485,-7.609549837074652,0 
						</coordinates>
					</LineString>
				</MultiGeometry>
			</Placemark>
			<Placemark id="ID_20008">
				<name>0</name>
				<Snippet maxLines="0"></Snippet>
				<description><![CDATA[<html xmlns:fo="http://www.w3.org/1999/XSL/Format" xmlns:msxsl="urn:schemas-microsoft-com:xslt">

<head>

<META http-equiv="Content-Type" content="text/html">

<meta http-equiv="content-type" content="text/html; charset=UTF-8">

</head>

<body style="margin:0px 0px 0px 0px;overflow:auto;background:#FFFFFF;">

<table style="font-family:Arial,Verdana,Times;font-size:12px;text-align:left;width:100%;border-collapse:collapse;padding:3px 3px 3px 3px">

<tr style="text-align:center;font-weight:bold;background:#9CBCE2">

<td>0</td>

</tr>

<tr>

<td>

<table style="font-family:Arial,Verdana,Times;font-size:12px;text-align:left;width:100%;border-spacing:0px; padding:3px 3px 3px 3px">

<tr>

<td>FID</td>

<td>8</td>

</tr>

<tr bgcolor="#D4E4F3">

<td>Id</td>

<td>0</td>

</tr>

<tr>

<td>Titik_Awal</td>

<td>ODP Pasar Polokarto</td>

</tr>

<tr bgcolor="#D4E4F3">

<td>Titik_Akhr</td>

<td>ODP Kecamatan Polokarto</td>

</tr>

<tr>

<td>Jarak</td>

<td>380</td>

</tr>

<tr bgcolor="#D4E4F3">

<td>Jenis</td>

<td>4 Core</td>

</tr>

</table>

</td>

</tr>

</table>

</body>

</html>]]></description>
				<styleUrl>#LineStyle2601</styleUrl>
				<MultiGeometry>
					<LineString>
						<coordinates>
							110.8963075278796,-7.627925657856353,0 110.8959531760001,-7.627425923999964,0 110.8957961634608,-7.627233959174345,0 110.8947456210001,-7.625974708999933,0 110.8944255860001,-7.62578371399997,0 110.894041872365,-7.625581766253266,0 110.8939652850001,-7.625690769999942,0 
						</coordinates>
					</LineString>
				</MultiGeometry>
			</Placemark>
			<Placemark id="ID_20026">
				<name>0</name>
				<Snippet maxLines="0"></Snippet>
				<description><![CDATA[<html xmlns:fo="http://www.w3.org/1999/XSL/Format" xmlns:msxsl="urn:schemas-microsoft-com:xslt">

<head>

<META http-equiv="Content-Type" content="text/html">

<meta http-equiv="content-type" content="text/html; charset=UTF-8">

</head>

<body style="margin:0px 0px 0px 0px;overflow:auto;background:#FFFFFF;">

<table style="font-family:Arial,Verdana,Times;font-size:12px;text-align:left;width:100%;border-collapse:collapse;padding:3px 3px 3px 3px">

<tr style="text-align:center;font-weight:bold;background:#9CBCE2">

<td>0</td>

</tr>

<tr>

<td>

<table style="font-family:Arial,Verdana,Times;font-size:12px;text-align:left;width:100%;border-spacing:0px; padding:3px 3px 3px 3px">

<tr>

<td>FID</td>

<td>26</td>

</tr>

<tr bgcolor="#D4E4F3">

<td>Id</td>

<td>0</td>

</tr>

<tr>

<td>Titik_Awal</td>

<td>ODP Simpang Kartosuro</td>

</tr>

<tr bgcolor="#D4E4F3">

<td>Titik_Akhr</td>

<td>CCTV Simpang Ngasem</td>

</tr>

<tr>

<td>Jarak</td>

<td>2548</td>

</tr>

<tr bgcolor="#D4E4F3">

<td>Jenis</td>

<td>4 Core</td>

</tr>

</table>

</td>

</tr>

</table>

</body>

</html>]]></description>
				<styleUrl>#LineStyle2601</styleUrl>
				<MultiGeometry>
					<LineString>
						<coordinates>
							110.71692341467,-7.54297203180233,0 110.7169737831804,-7.542990991497394,0 110.7177163794002,-7.543270521293183,0 110.7178050137894,-7.543303885446802,0 110.718157726819,-7.543449902393088,0 110.7181989332968,-7.543466960984307,0 110.7186122559802,-7.543604558041887,0 110.7190341748435,-7.543745017758464,0 110.7190428903773,-7.543747918867693,0 110.7190474225408,-7.543749519239655,0 110.7193765042795,-7.543865726413769,0 110.7194173488876,-7.543880411084263,0 110.7199310151664,-7.544065086017226,0 110.7203229712217,-7.544201021503172,0 110.720747498051,-7.544346023089144,0 110.7209089262575,-7.54440040000363,0 110.7210703545061,-7.544454776859833,0 110.7213178639723,-7.544540092160943,0 110.7213858461476,-7.544563525705152,0 110.7214509747716,-7.54459974977068,0 110.7217076256497,-7.544691366447262,0 110.7217302140138,-7.544699429635971,0 110.7224328589665,-7.544926017312726,0 110.7228370169306,-7.545045934886431,0 110.7228799578445,-7.545058675756027,0 110.7228900375995,-7.545061666302157,0 110.7229216888642,-7.545071057647336,0 110.7229297619607,-7.545073662481137,0 110.7233431068238,-7.545207009154178,0 110.7236226421331,-7.545288596734911,0 110.7239471996891,-7.545397349502789,0 110.7242638201478,-7.545515142675032,0 110.7244014603745,-7.545560457680804,0 110.7247747707674,-7.545683298412641,0 110.7248421359172,-7.545705465557083,0 110.7252127412242,-7.545824729381277,0 110.7252248835452,-7.545828636590345,0 110.7253490854161,-7.545868605927378,0 110.7259240143288,-7.546040833988355,0 110.725992083343,-7.546062477657515,0 110.7263556520054,-7.546178080776927,0 110.7264085915857,-7.546194913483604,0 110.7264643904946,-7.546203994044591,0 110.726671399029,-7.546261176214925,0 110.7271698650562,-7.546398868330331,0 110.7272593683272,-7.546423591656048,0 110.727278245801,-7.546428805584155,0 110.7273177345148,-7.546439713938534,0 110.7274287593341,-7.546466920114836,0 110.7281010727075,-7.546738708196393,0 110.7281565767084,-7.54676587965689,0 110.7281793466805,-7.546773818707273,0 110.728273935646,-7.546806798240771,0 110.7290688136109,-7.547083940978591,0 110.7292483708844,-7.547146545896183,0 110.7295677656059,-7.547257905575211,0 110.7295902003119,-7.547265727657464,0 110.7297419805683,-7.547318647204166,0 110.7301642420954,-7.547472684092981,0 110.7304718396547,-7.547594278232152,0 110.7311039050772,-7.547844134757997,0 110.7316422763505,-7.548131672232787,0 110.7316656283403,-7.548144144238153,0 110.73166919593,-7.548146049633047,0 110.7317991062379,-7.548215433516243,0 110.7328695743595,-7.548775302018885,0 110.7330977719102,-7.548894652252844,0 110.7331733965097,-7.548935141532909,0 110.7335361347161,-7.549129350439158,0 110.7335375492525,-7.549130107517998,0 110.7336598839266,-7.549193501643824,0 110.7339324259563,-7.54930626791611,0 110.7339773519642,-7.549324856941015,0 110.7342948192937,-7.549456212012896,0 110.7343330550447,-7.549465280909542,0 110.7345103336851,-7.549546799503736,0 110.7352041907546,-7.549809544375374,0 110.7353234213366,-7.549854844864295,0 110.7353505446828,-7.549863956694082,0 110.7354018550106,-7.549881192594785,0 110.7354313256431,-7.549891092812602,0 110.7354602530986,-7.549904307026509,0 110.7354962753548,-7.549920762067105,0 110.7354977180578,-7.549921420559238,0 110.7355367020997,-7.549932843484125,0 110.7357911216499,-7.55000739153791,0 110.7365976167648,-7.550262669114271,0 110.7367868100491,-7.550317057032108,0 110.7369811076571,-7.550368570519891,0 110.7355966761257,-7.551294748738681,0 
						</coordinates>
					</LineString>
				</MultiGeometry>
			</Placemark>
			<Placemark id="ID_20079">
				<name>0</name>
				<Snippet maxLines="0"></Snippet>
				<description><![CDATA[<html xmlns:fo="http://www.w3.org/1999/XSL/Format" xmlns:msxsl="urn:schemas-microsoft-com:xslt">

<head>

<META http-equiv="Content-Type" content="text/html">

<meta http-equiv="content-type" content="text/html; charset=UTF-8">

</head>

<body style="margin:0px 0px 0px 0px;overflow:auto;background:#FFFFFF;">

<table style="font-family:Arial,Verdana,Times;font-size:12px;text-align:left;width:100%;border-collapse:collapse;padding:3px 3px 3px 3px">

<tr style="text-align:center;font-weight:bold;background:#9CBCE2">

<td>0</td>

</tr>

<tr>

<td>

<table style="font-family:Arial,Verdana,Times;font-size:12px;text-align:left;width:100%;border-spacing:0px; padding:3px 3px 3px 3px">

<tr>

<td>FID</td>

<td>79</td>

</tr>

<tr bgcolor="#D4E4F3">

<td>Id</td>

<td>0</td>

</tr>

<tr>

<td>Titik_Awal</td>

<td>Closure Pom Sawit</td>

</tr>

<tr bgcolor="#D4E4F3">

<td>Titik_Akhr</td>

<td>ODP Sraten</td>

</tr>

<tr>

<td>Jarak</td>

<td>440</td>

</tr>

<tr bgcolor="#D4E4F3">

<td>Jenis</td>

<td>4 Core</td>

</tr>

</table>

</td>

</tr>

</table>

</body>

</html>]]></description>
				<styleUrl>#LineStyle2601</styleUrl>
				<MultiGeometry>
					<LineString>
						<coordinates>
							110.717312395503,-7.574837744935296,0 110.7177382384538,-7.573980937880206,0 110.718578721214,-7.572431801993143,0 110.7191897775963,-7.571326409000354,0 
						</coordinates>
					</LineString>
				</MultiGeometry>
			</Placemark>
			<Placemark id="ID_20028">
				<name>0</name>
				<Snippet maxLines="0"></Snippet>
				<description><![CDATA[<html xmlns:fo="http://www.w3.org/1999/XSL/Format" xmlns:msxsl="urn:schemas-microsoft-com:xslt">

<head>

<META http-equiv="Content-Type" content="text/html">

<meta http-equiv="content-type" content="text/html; charset=UTF-8">

</head>

<body style="margin:0px 0px 0px 0px;overflow:auto;background:#FFFFFF;">

<table style="font-family:Arial,Verdana,Times;font-size:12px;text-align:left;width:100%;border-collapse:collapse;padding:3px 3px 3px 3px">

<tr style="text-align:center;font-weight:bold;background:#9CBCE2">

<td>0</td>

</tr>

<tr>

<td>

<table style="font-family:Arial,Verdana,Times;font-size:12px;text-align:left;width:100%;border-spacing:0px; padding:3px 3px 3px 3px">

<tr>

<td>FID</td>

<td>28</td>

</tr>

<tr bgcolor="#D4E4F3">

<td>Id</td>

<td>0</td>

</tr>

<tr>

<td>Titik_Awal</td>

<td>ODP Sraten</td>

</tr>

<tr bgcolor="#D4E4F3">

<td>Titik_Akhr</td>

<td>ODP Sanggung</td>

</tr>

<tr>

<td>Jarak</td>

<td>2409</td>

</tr>

<tr bgcolor="#D4E4F3">

<td>Jenis</td>

<td>4 Core</td>

</tr>

</table>

</td>

</tr>

</table>

</body>

</html>]]></description>
				<styleUrl>#LineStyle2601</styleUrl>
				<MultiGeometry>
					<LineString>
						<coordinates>
							110.7042184673627,-7.591327130967164,0 110.7044353663267,-7.591171412870584,0 110.7047197666963,-7.59096382032219,0 110.7052097641754,-7.590606156519621,0 110.7052896922199,-7.590547814051155,0 110.7054059667984,-7.590464065365129,0 110.7054532949118,-7.590429976481045,0 110.7054870334551,-7.590405675687868,0 110.7057557008941,-7.590212162108498,0 110.70592707177,-7.590088727658324,0 110.7062479744811,-7.589859055779425,0 110.7062970754899,-7.589823913276962,0 110.7066086031377,-7.589600950244454,0 110.7067696967263,-7.589493766186814,0 110.7068487456453,-7.589441170403205,0 110.706877014712,-7.589422361922352,0 110.7071749258558,-7.58922414441031,0 110.7076759748349,-7.588893245638784,0 110.7078052868195,-7.588810421356431,0 110.7083747450935,-7.58844568463537,0 110.7084797560309,-7.588377371100911,0 110.7089333800492,-7.588082274110346,0 110.7091142477995,-7.587968619376004,0 110.7093960224969,-7.587791555297411,0 110.7095576086591,-7.587690005895367,0 110.7096455800713,-7.587634719939258,0 110.7100107872391,-7.587372951897535,0 110.7100289124005,-7.587359960003965,0 110.7101051325725,-7.587305328252887,0 110.7106303163173,-7.58692889185467,0 110.710704248932,-7.586875899345007,0 110.7107812166445,-7.586805268980423,0 110.711895623767,-7.585782618936502,0 110.7119786713731,-7.585706409412625,0 110.7121617302828,-7.585524560760446,0 110.7122606914506,-7.585426252404165,0 110.7124208502228,-7.5852671508818,0 110.7127761685413,-7.584914179489248,0 110.7128167567441,-7.584873859200162,0 110.7128630290818,-7.584827892764107,0 110.7129084381383,-7.584760408935274,0 110.712964204662,-7.584677531765727,0 110.7129947689366,-7.584632108541565,0 110.7130046835857,-7.584617374338817,0 110.713009004592,-7.584609893747309,0 110.7130190787715,-7.584592453199716,0 110.7130432413684,-7.584550625001035,0 110.7130756983653,-7.58449443601617,0 110.7131079357183,-7.584438627704285,0 110.7131227964812,-7.584412901807874,0 110.7131396595788,-7.58437655043559,0 110.7132212941807,-7.584200569233208,0 110.7132744289894,-7.584086026085219,0 110.7133802899936,-7.583857820539325,0 110.7135151532395,-7.583526341201081,0 110.7136062808109,-7.58330235833006,0 110.7136074684945,-7.583299440089697,0 110.713680117871,-7.583120873957197,0 110.7137510109943,-7.58293990323182,0 110.7137844107424,-7.582854642172995,0 110.7139710317286,-7.582378248737336,0 110.7139838073422,-7.582345635906277,0 110.7140454813641,-7.582177415194828,0 110.7141784958316,-7.58181460485827,0 110.7142490842943,-7.581622068091857,0 110.7142926435777,-7.581504896171203,0 110.7143894801432,-7.581244406888387,0 110.7144780079698,-7.581006268384378,0 110.7145383677936,-7.580843901044147,0 110.7145451098563,-7.580825763563456,0 110.7146954876474,-7.58042510756261,0 110.7148353635885,-7.5800524308688,0 110.7148380525092,-7.580045324578943,0 110.7150017168936,-7.579612789506674,0 110.7150852457613,-7.57939203687273,0 110.7151787321629,-7.579166718168903,0 110.7152838123137,-7.578913454231553,0 110.7153319772971,-7.578797368849986,0 110.7153336425107,-7.578793354585853,0 110.7153935856189,-7.578648879966116,0 110.7154026716456,-7.57862698192453,0 110.7154060383876,-7.578618867485937,0 110.7154396215698,-7.578547272509474,0 110.715533821276,-7.578346446108582,0 110.7155431389325,-7.578326581671192,0 110.7156308413641,-7.57807336144994,0 110.7156495681873,-7.578028145552831,0 110.7157151035923,-7.577883458337622,0 110.7158813546663,-7.577512696193631,0 110.7159851869124,-7.577286623280521,0 110.7161780538641,-7.577000615972958,0 110.7161905034998,-7.576982153822675,0 110.7162056454134,-7.576959698877844,0 110.716220775528,-7.576937262920615,0 110.7162454161794,-7.576900722887351,0 110.7166012973135,-7.576372976776892,0 110.7166418810054,-7.576312794587001,0 110.717312395503,-7.574837744935296,0 
						</coordinates>
					</LineString>
				</MultiGeometry>
			</Placemark>
			<Placemark id="ID_20049">
				<name>0</name>
				<Snippet maxLines="0"></Snippet>
				<description><![CDATA[<html xmlns:fo="http://www.w3.org/1999/XSL/Format" xmlns:msxsl="urn:schemas-microsoft-com:xslt">

<head>

<META http-equiv="Content-Type" content="text/html">

<meta http-equiv="content-type" content="text/html; charset=UTF-8">

</head>

<body style="margin:0px 0px 0px 0px;overflow:auto;background:#FFFFFF;">

<table style="font-family:Arial,Verdana,Times;font-size:12px;text-align:left;width:100%;border-collapse:collapse;padding:3px 3px 3px 3px">

<tr style="text-align:center;font-weight:bold;background:#9CBCE2">

<td>0</td>

</tr>

<tr>

<td>

<table style="font-family:Arial,Verdana,Times;font-size:12px;text-align:left;width:100%;border-spacing:0px; padding:3px 3px 3px 3px">

<tr>

<td>FID</td>

<td>49</td>

</tr>

<tr bgcolor="#D4E4F3">

<td>Id</td>

<td>0</td>

</tr>

<tr>

<td>Titik_Awal</td>

<td>ODP Kadilangu</td>

</tr>

<tr bgcolor="#D4E4F3">

<td>Titik_Akhr</td>

<td>ODP Luwes Gentan</td>

</tr>

<tr>

<td>Jarak</td>

<td>3486</td>

</tr>

<tr bgcolor="#D4E4F3">

<td>Jenis</td>

<td>4 Core</td>

</tr>

</table>

</td>

</tr>

</table>

</body>

</html>]]></description>
				<styleUrl>#LineStyle2601</styleUrl>
				<MultiGeometry>
					<LineString>
						<coordinates>
							110.7842606408528,-7.58379839465801,0 110.7846088933122,-7.585261865560114,0 110.7847521527453,-7.585553251326036,0 110.7850537151861,-7.585773147781034,0 110.7856771081062,-7.585974290046027,0 110.7865552532196,-7.586118605891131,0 110.7861929443155,-7.587155022714486,0 110.7863157952885,-7.587249824715458,0 110.786568436343,-7.587299282046488,0 110.7870751545377,-7.58741126344489,0 110.7873027309719,-7.587429342241703,0 110.78815225113,-7.587499487241077,0 110.7879173223261,-7.588139668638606,0 110.7873566201727,-7.590329492283491,0 110.786133654257,-7.594046892006526,0 110.7858405185072,-7.59474437558744,0 110.7858384315803,-7.594749879750711,0 110.7858014097195,-7.594847532072125,0 110.7857894436952,-7.594879095544588,0 110.785736418992,-7.595018957897659,0 110.7856294629081,-7.595304172850172,0 110.7849493134153,-7.597159921988969,0 110.7848688326159,-7.597357952320643,0 110.7848631377977,-7.597371963946729,0 110.7848529705422,-7.59739934465741,0 110.7843242523527,-7.598823201785905,0 110.7842838350425,-7.599161699356726,0 110.7842823685745,-7.599353525473266,0 110.7842822017492,-7.599375356192493,0 110.7842802140373,-7.599438110393802,0 110.7842769491022,-7.5997276504786,0 110.784274190674,-7.599972300807101,0 110.784238792547,-7.600247995003971,0 110.7841936327979,-7.600618939685297,0 110.7840980067144,-7.601177735844306,0 110.7840630331667,-7.601563045544085,0 110.7840209285849,-7.601819111796947,0 110.7839801344179,-7.602110539088168,0 110.7839778616526,-7.602126778537343,0 110.7839691718328,-7.60218885639494,0 110.783955372984,-7.602297112523375,0 110.7838897043491,-7.602812280885374,0 110.7838126878238,-7.60332920294937,0 110.7837392986946,-7.603787490105275,0 110.7837298891096,-7.603872832126835,0 110.7837164067726,-7.603995100121786,0 110.7836935157319,-7.604202711039541,0 110.7836573996179,-7.6044731401835,0 110.783653459475,-7.604484214629903,0 110.7836306375104,-7.604548357785905,0 110.7836713145287,-7.604488273273669,0 110.783653459475,-7.604484214629903,0 110.7836306375104,-7.604548357785905,0 110.7836274381882,-7.604586039850918,0 110.7836750530001,-7.604589513999899,0 110.7839124260001,-7.604587362999948,0 110.7843370180001,-7.604686250999974,0 110.7852017540001,-7.604854274999985,0 110.7858208500001,-7.604963834999954,0 110.7866066400001,-7.60513766199992,0 110.7870117800001,-7.605221091999971,0 110.7876564950001,-7.605332546999937,0 110.7883993770001,-7.605477199999925,0 110.7885449030001,-7.605574228999926,0 110.7886377358041,-7.605657017169309,0 110.7886056467216,-7.606050511173752,0 110.7885826451452,-7.606216757487234,0 110.7885819254087,-7.606221959456534,0 110.7886134190001,-7.606200866999929,0 110.7886419209653,-7.606218037441439,0 110.7888152205957,-7.606322438284687,0 110.7888787710468,-7.606310264650176,0 110.7895564859561,-7.606199532394604,0 110.7895541870001,-7.606185524999946,0 
						</coordinates>
					</LineString>
				</MultiGeometry>
			</Placemark>
			<Placemark id="ID_20040">
				<name>0</name>
				<Snippet maxLines="0"></Snippet>
				<description><![CDATA[<html xmlns:fo="http://www.w3.org/1999/XSL/Format" xmlns:msxsl="urn:schemas-microsoft-com:xslt">

<head>

<META http-equiv="Content-Type" content="text/html">

<meta http-equiv="content-type" content="text/html; charset=UTF-8">

</head>

<body style="margin:0px 0px 0px 0px;overflow:auto;background:#FFFFFF;">

<table style="font-family:Arial,Verdana,Times;font-size:12px;text-align:left;width:100%;border-collapse:collapse;padding:3px 3px 3px 3px">

<tr style="text-align:center;font-weight:bold;background:#9CBCE2">

<td>0</td>

</tr>

<tr>

<td>

<table style="font-family:Arial,Verdana,Times;font-size:12px;text-align:left;width:100%;border-spacing:0px; padding:3px 3px 3px 3px">

<tr>

<td>FID</td>

<td>40</td>

</tr>

<tr bgcolor="#D4E4F3">

<td>Id</td>

<td>0</td>

</tr>

<tr>

<td>Titik_Awal</td>

<td>ODP RCTI</td>

</tr>

<tr bgcolor="#D4E4F3">

<td>Titik_Akhr</td>

<td>ODP Makam Haji</td>

</tr>

<tr>

<td>Jarak</td>

<td>2571</td>

</tr>

<tr bgcolor="#D4E4F3">

<td>Jenis</td>

<td>4 Core</td>

</tr>

</table>

</td>

</tr>

</table>

</body>

</html>]]></description>
				<styleUrl>#LineStyle2601</styleUrl>
				<MultiGeometry>
					<LineString>
						<coordinates>
							110.777351333419,-7.566748119703433,0 110.7788355462086,-7.566973411816536,0 110.7793215550875,-7.567031120699294,0 110.7798720750098,-7.567117482127816,0 110.7838001723983,-7.567659472578652,0 110.7836957661794,-7.568537375034016,0 110.7836025304391,-7.569369184447925,0 110.7835823937036,-7.569575950378803,0 110.7835784857693,-7.569717634456634,0 110.7835822819933,-7.569765434590018,0 110.7835936193124,-7.569908204480456,0 110.783724386056,-7.570590545706071,0 110.7837723241022,-7.570840686001737,0 110.7837792006268,-7.570877726926154,0 110.7838298542356,-7.57115056234837,0 110.7839128591266,-7.571597648863696,0 110.7839459122151,-7.571849790797468,0 110.7839516874793,-7.571893844283181,0 110.7839513828342,-7.571899414458069,0 110.7839461233386,-7.571995619827455,0 110.7839395848718,-7.572115222101763,0 110.7839239932145,-7.572217949704558,0 110.7839201232671,-7.572243445730344,0 110.7839200486868,-7.572243938682544,0 110.7839132610437,-7.572288656222364,0 110.7838946761882,-7.572411100097757,0 110.7838914565327,-7.572432315128199,0 110.7838403764559,-7.572656665911833,0 110.7837893306169,-7.572812207170364,0 110.7837849282373,-7.572825550972164,0 110.7837352282691,-7.572976188325951,0 110.783648204668,-7.573239946800228,0 110.7835312440655,-7.573577854039949,0 110.7834680561199,-7.573760408639291,0 110.783416815726,-7.57392922969436,0 110.7833357631832,-7.57419627101353,0 110.7833069330349,-7.574279563698482,0 110.783255713808,-7.574427537176618,0 110.7832156636672,-7.574543244864973,0 110.7831075773414,-7.574848342288125,0 110.7830175638082,-7.57498591469392,0 110.7827835311119,-7.575338815339444,0 110.7827719635583,-7.575353804580431,0 110.7826035245701,-7.575572075815983,0 110.7825154535295,-7.575720264169783,0 110.7824624470694,-7.575830313567772,0 110.7824604751276,-7.575834408462816,0 110.7824477214841,-7.575860887817984,0 110.782400219731,-7.575959508037124,0 110.7823965871094,-7.575967050311951,0 110.7823718931856,-7.576111684587173,0 110.7824197003527,-7.576358359501858,0 110.7824199083281,-7.576359408903593,0 110.7825115555293,-7.576687094314328,0 110.7826344583256,-7.57719546630087,0 110.7842606408528,-7.583798394657991,0 
						</coordinates>
					</LineString>
				</MultiGeometry>
			</Placemark>
			<Placemark id="ID_20041">
				<name>0</name>
				<Snippet maxLines="0"></Snippet>
				<description><![CDATA[<html xmlns:fo="http://www.w3.org/1999/XSL/Format" xmlns:msxsl="urn:schemas-microsoft-com:xslt">

<head>

<META http-equiv="Content-Type" content="text/html">

<meta http-equiv="content-type" content="text/html; charset=UTF-8">

</head>

<body style="margin:0px 0px 0px 0px;overflow:auto;background:#FFFFFF;">

<table style="font-family:Arial,Verdana,Times;font-size:12px;text-align:left;width:100%;border-collapse:collapse;padding:3px 3px 3px 3px">

<tr style="text-align:center;font-weight:bold;background:#9CBCE2">

<td>0</td>

</tr>

<tr>

<td>

<table style="font-family:Arial,Verdana,Times;font-size:12px;text-align:left;width:100%;border-spacing:0px; padding:3px 3px 3px 3px">

<tr>

<td>FID</td>

<td>41</td>

</tr>

<tr bgcolor="#D4E4F3">

<td>Id</td>

<td>0</td>

</tr>

<tr>

<td>Titik_Awal</td>

<td>ODP Simpang Kartosuro</td>

</tr>

<tr bgcolor="#D4E4F3">

<td>Titik_Akhr</td>

<td>ODP Kelurahan Ngadirejo</td>

</tr>

<tr>

<td>Jarak</td>

<td>1387</td>

</tr>

<tr bgcolor="#D4E4F3">

<td>Jenis</td>

<td>4 Core</td>

</tr>

</table>

</td>

</tr>

</table>

</body>

</html>]]></description>
				<styleUrl>#LineStyle2601</styleUrl>
				<MultiGeometry>
					<LineString>
						<coordinates>
							110.7533137270612,-7.557943147225372,0 110.7525114584714,-7.557490410121289,0 110.7525055091868,-7.557490406748587,0 110.7524983499452,-7.557486857695625,0 110.7519014064586,-7.557190940164947,0 110.7512945641425,-7.556890113453727,0 110.7512815298287,-7.556883651950404,0 110.7511928955597,-7.556829327491024,0 110.7511903156451,-7.556827833486959,0 110.7508851554211,-7.556651178659631,0 110.7507236603456,-7.556557690052848,0 110.750436228069,-7.556394703988095,0 110.7502985918491,-7.556331305682442,0 110.7502950592887,-7.556329698057689,0 110.7494569877592,-7.555948264570339,0 110.749157178429,-7.555811811452716,0 110.7485353991263,-7.555563099845546,0 110.7482089659451,-7.555361021696372,0 110.7482033245434,-7.555358496514033,0 110.7478566834112,-7.55520335704102,0 110.7475735187444,-7.555056530772723,0 110.7473826868065,-7.554955005936063,0 110.7470304176894,-7.554767594898645,0 110.7468509485334,-7.554664919478633,0 110.7468326638323,-7.554655646126025,0 110.7466925639185,-7.554584590849942,0 110.7457591703574,-7.554165088013959,0 110.7456266805217,-7.554094331723554,0 110.7456175313304,-7.554089810802824,0 110.7448572392905,-7.553714122729007,0 110.7445950502304,-7.553535834283722,0 110.7441073719746,-7.553306472126407,0 110.7440763445261,-7.553290315592933,0 110.7436616576784,-7.553074381474102,0 110.7426338762229,-7.552591953047421,0 110.7422518855129,-7.552409861309593,0 110.7421659694117,-7.552370999709867,0 110.7421465044711,-7.55243666649278,0 110.742166614,-7.552445564999924,0 
						</coordinates>
					</LineString>
				</MultiGeometry>
			</Placemark>
			<Placemark id="ID_20043">
				<name>0</name>
				<Snippet maxLines="0"></Snippet>
				<description><![CDATA[<html xmlns:fo="http://www.w3.org/1999/XSL/Format" xmlns:msxsl="urn:schemas-microsoft-com:xslt">

<head>

<META http-equiv="Content-Type" content="text/html">

<meta http-equiv="content-type" content="text/html; charset=UTF-8">

</head>

<body style="margin:0px 0px 0px 0px;overflow:auto;background:#FFFFFF;">

<table style="font-family:Arial,Verdana,Times;font-size:12px;text-align:left;width:100%;border-collapse:collapse;padding:3px 3px 3px 3px">

<tr style="text-align:center;font-weight:bold;background:#9CBCE2">

<td>0</td>

</tr>

<tr>

<td>

<table style="font-family:Arial,Verdana,Times;font-size:12px;text-align:left;width:100%;border-spacing:0px; padding:3px 3px 3px 3px">

<tr>

<td>FID</td>

<td>43</td>

</tr>

<tr bgcolor="#D4E4F3">

<td>Id</td>

<td>0</td>

</tr>

<tr>

<td>Titik_Awal</td>

<td>ODP Kelurahan Ngadirejo</td>

</tr>

<tr bgcolor="#D4E4F3">

<td>Titik_Akhr</td>

<td>CCTV Simpang 3 UMS</td>

</tr>

<tr>

<td>Jarak</td>

<td>1821</td>

</tr>

<tr bgcolor="#D4E4F3">

<td>Jenis</td>

<td>4 Core</td>

</tr>

</table>

</td>

</tr>

</table>

</body>

</html>]]></description>
				<styleUrl>#LineStyle2601</styleUrl>
				<MultiGeometry>
					<LineString>
						<coordinates>
							110.7690550175585,-7.559606406413293,0 110.7688823572075,-7.55965225339277,0 110.7683944825392,-7.559778634139227,0 110.7682874133941,-7.559809873514045,0 110.7677436230376,-7.559968532246524,0 110.7675563859272,-7.560015341591988,0 110.767298934538,-7.560085555273198,0 110.7672410151442,-7.560105465562792,0 110.7665703839562,-7.560335994433425,0 110.7665499858482,-7.560343006578826,0 110.7662691300037,-7.560366411166211,0 110.7659426164989,-7.560455751190616,0 110.7656572677741,-7.560511449622291,0 110.7655728976491,-7.560527918077926,0 110.7650826129782,-7.560626730711756,0 110.7650589626338,-7.560631496805474,0 110.7650357402016,-7.560636177194451,0 110.7646405200611,-7.56071737521718,0 110.7642614619242,-7.560771444609079,0 110.7637254517737,-7.560852565713927,0 110.7637178036639,-7.560852561572795,0 110.7633653933566,-7.560870461943638,0 110.7630965551436,-7.560879361741997,0 110.7630934395156,-7.560879360050533,0 110.7628308383966,-7.56087921740539,0 110.762803056146,-7.560875790279773,0 110.7623889511094,-7.560824703023571,0 110.7621303218162,-7.560815516455445,0 110.7617076779017,-7.560797194536796,0 110.7616258653848,-7.560794458768505,0 110.7608827813998,-7.560769606313061,0 110.7603360700621,-7.560733123739648,0 110.7602955664706,-7.560724055828876,0 110.7602946809154,-7.560723889806766,0 110.7601989784426,-7.560705911434476,0 110.7595735564014,-7.560597019341397,0 110.7592121263925,-7.56053350041979,0 110.759112893819,-7.560507888037846,0 110.7591067613471,-7.560506305279933,0 110.7590959202053,-7.560503686003251,0 110.7590317017819,-7.560488172513358,0 110.7582351529514,-7.56028997385896,0 110.7582301307571,-7.560288724584303,0 110.7581253519514,-7.560245944763318,0 110.7580970195442,-7.560234376843553,0 110.757677274857,-7.56009845903783,0 110.7574576844006,-7.560012887203619,0 110.7574144531123,-7.559996040052603,0 110.7570728879001,-7.559862935812623,0 110.7566939392928,-7.559714912266633,0 110.7566786491798,-7.559708939937422,0 110.7566364460949,-7.559699870744432,0 110.7565404393261,-7.559654588889422,0 110.7565095674166,-7.559645526005131,0 110.7559227565881,-7.55939756329179,0 110.7557593383761,-7.559328508654066,0 110.7556780213311,-7.559283530627155,0 110.7553337029697,-7.559093083067006,0 110.7549103537594,-7.558821475715578,0 110.7548915197088,-7.558809993432189,0 110.7547766921912,-7.558739989692921,0 110.7544278992367,-7.558544881314864,0 110.7543720154027,-7.558513620631509,0 110.7540191770343,-7.558318717710144,0 110.7539458141121,-7.558278193412751,0 110.7535244816579,-7.558046656364013,0 110.7535009229764,-7.558033709575978,0 110.7534125710103,-7.557979385713208,0 110.7533137270612,-7.557943147225372,0 
						</coordinates>
					</LineString>
				</MultiGeometry>
			</Placemark>
			<Placemark id="ID_20052">
				<name>0</name>
				<Snippet maxLines="0"></Snippet>
				<description><![CDATA[<html xmlns:fo="http://www.w3.org/1999/XSL/Format" xmlns:msxsl="urn:schemas-microsoft-com:xslt">

<head>

<META http-equiv="Content-Type" content="text/html">

<meta http-equiv="content-type" content="text/html; charset=UTF-8">

</head>

<body style="margin:0px 0px 0px 0px;overflow:auto;background:#FFFFFF;">

<table style="font-family:Arial,Verdana,Times;font-size:12px;text-align:left;width:100%;border-collapse:collapse;padding:3px 3px 3px 3px">

<tr style="text-align:center;font-weight:bold;background:#9CBCE2">

<td>0</td>

</tr>

<tr>

<td>

<table style="font-family:Arial,Verdana,Times;font-size:12px;text-align:left;width:100%;border-spacing:0px; padding:3px 3px 3px 3px">

<tr>

<td>FID</td>

<td>52</td>

</tr>

<tr bgcolor="#D4E4F3">

<td>Id</td>

<td>0</td>

</tr>

<tr>

<td>Titik_Awal</td>

<td>ODP Simpang Kadilangu</td>

</tr>

<tr bgcolor="#D4E4F3">

<td>Titik_Akhr</td>

<td>ODP Baki</td>

</tr>

<tr>

<td>Jarak</td>

<td>552</td>

</tr>

<tr bgcolor="#D4E4F3">

<td>Jenis</td>

<td>4 Core</td>

</tr>

</table>

</td>

</tr>

</table>

</body>

</html>]]></description>
				<styleUrl>#LineStyle2601</styleUrl>
				<MultiGeometry>
					<LineString>
						<coordinates>
							110.7846653444904,-7.607117534357037,0 110.7853370920001,-7.606810398999907,0 110.7858252550001,-7.606707285999957,0 110.7879196253638,-7.606443059945828,0 110.7895541870001,-7.606185524999946,0 
						</coordinates>
					</LineString>
				</MultiGeometry>
			</Placemark>
			<Placemark id="ID_20054">
				<name>0</name>
				<Snippet maxLines="0"></Snippet>
				<description><![CDATA[<html xmlns:fo="http://www.w3.org/1999/XSL/Format" xmlns:msxsl="urn:schemas-microsoft-com:xslt">

<head>

<META http-equiv="Content-Type" content="text/html">

<meta http-equiv="content-type" content="text/html; charset=UTF-8">

</head>

<body style="margin:0px 0px 0px 0px;overflow:auto;background:#FFFFFF;">

<table style="font-family:Arial,Verdana,Times;font-size:12px;text-align:left;width:100%;border-collapse:collapse;padding:3px 3px 3px 3px">

<tr style="text-align:center;font-weight:bold;background:#9CBCE2">

<td>0</td>

</tr>

<tr>

<td>

<table style="font-family:Arial,Verdana,Times;font-size:12px;text-align:left;width:100%;border-spacing:0px; padding:3px 3px 3px 3px">

<tr>

<td>FID</td>

<td>54</td>

</tr>

<tr bgcolor="#D4E4F3">

<td>Id</td>

<td>0</td>

</tr>

<tr>

<td>Titik_Awal</td>

<td>ODP Puskesmas Grogol</td>

</tr>

<tr bgcolor="#D4E4F3">

<td>Titik_Akhr</td>

<td>ODP The Park</td>

</tr>

<tr>

<td>Jarak</td>

<td>903</td>

</tr>

<tr bgcolor="#D4E4F3">

<td>Jenis</td>

<td>4 Core</td>

</tr>

</table>

</td>

</tr>

</table>

</body>

</html>]]></description>
				<styleUrl>#LineStyle2601</styleUrl>
				<MultiGeometry>
					<LineString>
						<coordinates>
							110.8163984401635,-7.598636818914198,0 110.8161203502924,-7.598272913424539,0 110.8163990783956,-7.597133801000839,0 110.8198240585497,-7.59784366437419,0 110.8203229273632,-7.597968324811757,0 110.8193854450001,-7.60032882199992,0 
						</coordinates>
					</LineString>
				</MultiGeometry>
			</Placemark>
			<Placemark id="ID_20076">
				<name>0</name>
				<Snippet maxLines="0"></Snippet>
				<description><![CDATA[<html xmlns:fo="http://www.w3.org/1999/XSL/Format" xmlns:msxsl="urn:schemas-microsoft-com:xslt">

<head>

<META http-equiv="Content-Type" content="text/html">

<meta http-equiv="content-type" content="text/html; charset=UTF-8">

</head>

<body style="margin:0px 0px 0px 0px;overflow:auto;background:#FFFFFF;">

<table style="font-family:Arial,Verdana,Times;font-size:12px;text-align:left;width:100%;border-collapse:collapse;padding:3px 3px 3px 3px">

<tr style="text-align:center;font-weight:bold;background:#9CBCE2">

<td>0</td>

</tr>

<tr>

<td>

<table style="font-family:Arial,Verdana,Times;font-size:12px;text-align:left;width:100%;border-spacing:0px; padding:3px 3px 3px 3px">

<tr>

<td>FID</td>

<td>76</td>

</tr>

<tr bgcolor="#D4E4F3">

<td>Id</td>

<td>0</td>

</tr>

<tr>

<td>Titik_Awal</td>

<td>Closure Tugu Lilin Gawok</td>

</tr>

<tr bgcolor="#D4E4F3">

<td>Titik_Akhr</td>

<td>ODP Pasar Gawok</td>

</tr>

<tr>

<td>Jarak</td>

<td>916</td>

</tr>

<tr bgcolor="#D4E4F3">

<td>Jenis</td>

<td>4 Core</td>

</tr>

</table>

</td>

</tr>

</table>

</body>

</html>]]></description>
				<styleUrl>#LineStyle2601</styleUrl>
				<MultiGeometry>
					<LineString>
						<coordinates>
							110.751982636522,-7.602967509400811,0 110.7523821552654,-7.602216794889723,0 110.752754602951,-7.601074191682049,0 110.7528537086404,-7.600793031718969,0 110.7531909575893,-7.599853242768257,0 110.7533061996664,-7.599666628424684,0 110.7533927724691,-7.599278957935574,0 110.7535799902574,-7.59906366440092,0 110.7538571130001,-7.598940765999942,0 110.7549714733622,-7.599041679640497,0 110.7556073090001,-7.599099257999933,0 110.756459379,-7.599327482999962,0 110.757484618,-7.599722891999913,0 
						</coordinates>
					</LineString>
				</MultiGeometry>
			</Placemark>
			<Placemark id="ID_20083">
				<name>0</name>
				<Snippet maxLines="0"></Snippet>
				<description><![CDATA[<html xmlns:fo="http://www.w3.org/1999/XSL/Format" xmlns:msxsl="urn:schemas-microsoft-com:xslt">

<head>

<META http-equiv="Content-Type" content="text/html">

<meta http-equiv="content-type" content="text/html; charset=UTF-8">

</head>

<body style="margin:0px 0px 0px 0px;overflow:auto;background:#FFFFFF;">

<table style="font-family:Arial,Verdana,Times;font-size:12px;text-align:left;width:100%;border-collapse:collapse;padding:3px 3px 3px 3px">

<tr style="text-align:center;font-weight:bold;background:#9CBCE2">

<td>0</td>

</tr>

<tr>

<td>

<table style="font-family:Arial,Verdana,Times;font-size:12px;text-align:left;width:100%;border-spacing:0px; padding:3px 3px 3px 3px">

<tr>

<td>FID</td>

<td>83</td>

</tr>

<tr bgcolor="#D4E4F3">

<td>Id</td>

<td>0</td>

</tr>

<tr>

<td>Titik_Awal</td>

<td>Closure Delta Merlin</td>

</tr>

<tr bgcolor="#D4E4F3">

<td>Titik_Akhr</td>

<td>ODP Patung Jamu</td>

</tr>

<tr>

<td>Jarak</td>

<td>1061</td>

</tr>

<tr bgcolor="#D4E4F3">

<td>Jenis</td>

<td>4 Core</td>

</tr>

</table>

</td>

</tr>

</table>

</body>

</html>]]></description>
				<styleUrl>#LineStyle2601</styleUrl>
				<MultiGeometry>
					<LineString>
						<coordinates>
							110.8305164150972,-7.645617329417544,0 110.8303591803943,-7.644998304303102,0 110.8297611410049,-7.642720745176565,0 110.8290684548657,-7.640136355678399,0 110.8285642060318,-7.638356101735997,0 110.8281307810001,-7.63632347199994,0 
						</coordinates>
					</LineString>
				</MultiGeometry>
			</Placemark>
		</Folder>
		<Folder id="FeatureLayer2">
			<name>DROP CORE</name>
			<open>1</open>
			<Snippet maxLines="0"></Snippet>
			<Placemark>
				<name>drop core alun-alun</name>
				<open>1</open>
				<styleUrl>#m_ylw-pushpin37</styleUrl>
				<LineString>
					<tessellate>1</tessellate>
					<coordinates>
						110.8404211242164,-7.683490569852496,0 110.8396990215885,-7.68341066938567,0 110.8399248752509,-7.682240768960101,0 
					</coordinates>
				</LineString>
			</Placemark>
			<Placemark id="ID_20007">
				<name>0</name>
				<Snippet maxLines="0"></Snippet>
				<description><![CDATA[<html xmlns:fo="http://www.w3.org/1999/XSL/Format" xmlns:msxsl="urn:schemas-microsoft-com:xslt">

<head>

<META http-equiv="Content-Type" content="text/html">

<meta http-equiv="content-type" content="text/html; charset=UTF-8">

</head>

<body style="margin:0px 0px 0px 0px;overflow:auto;background:#FFFFFF;">

<table style="font-family:Arial,Verdana,Times;font-size:12px;text-align:left;width:100%;border-collapse:collapse;padding:3px 3px 3px 3px">

<tr style="text-align:center;font-weight:bold;background:#9CBCE2">

<td>0</td>

</tr>

<tr>

<td>

<table style="font-family:Arial,Verdana,Times;font-size:12px;text-align:left;width:100%;border-spacing:0px; padding:3px 3px 3px 3px">

<tr>

<td>FID</td>

<td>7</td>

</tr>

<tr bgcolor="#D4E4F3">

<td>Id</td>

<td>0</td>

</tr>

<tr>

<td>Titik_Awal</td>

<td>ODP Simpang Mojolaban</td>

</tr>

<tr bgcolor="#D4E4F3">

<td>Titik_Akhr</td>

<td>Pasar Mojolaban</td>

</tr>

<tr>

<td>Jarak</td>

<td>79</td>

</tr>

<tr bgcolor="#D4E4F3">

<td>Jenis</td>

<td>Drop Core</td>

</tr>

</table>

</td>

</tr>

</table>

</body>

</html>]]></description>
				<styleUrl>#m_ylw-pushpin37</styleUrl>
				<MultiGeometry>
					<LineString>
						<coordinates>
							110.8739376,-7.609095999999979,0 110.8733808030001,-7.609544983999958,0 
						</coordinates>
					</LineString>
				</MultiGeometry>
			</Placemark>
			<Placemark id="ID_20029">
				<name>0</name>
				<Snippet maxLines="0"></Snippet>
				<description><![CDATA[<html xmlns:fo="http://www.w3.org/1999/XSL/Format" xmlns:msxsl="urn:schemas-microsoft-com:xslt">

<head>

<META http-equiv="Content-Type" content="text/html">

<meta http-equiv="content-type" content="text/html; charset=UTF-8">

</head>

<body style="margin:0px 0px 0px 0px;overflow:auto;background:#FFFFFF;">

<table style="font-family:Arial,Verdana,Times;font-size:12px;text-align:left;width:100%;border-collapse:collapse;padding:3px 3px 3px 3px">

<tr style="text-align:center;font-weight:bold;background:#9CBCE2">

<td>0</td>

</tr>

<tr>

<td>

<table style="font-family:Arial,Verdana,Times;font-size:12px;text-align:left;width:100%;border-spacing:0px; padding:3px 3px 3px 3px">

<tr>

<td>FID</td>

<td>29</td>

</tr>

<tr bgcolor="#D4E4F3">

<td>Id</td>

<td>0</td>

</tr>

<tr>

<td>Titik_Awal</td>

<td>ODP Patung Jamu</td>

</tr>

<tr bgcolor="#D4E4F3">

<td>Titik_Akhr</td>

<td>CCTV Patung Jamu</td>

</tr>

<tr>

<td>Jarak</td>

<td>40</td>

</tr>

<tr bgcolor="#D4E4F3">

<td>Jenis</td>

<td>Drop Core</td>

</tr>

</table>

</td>

</tr>

</table>

</body>

</html>]]></description>
				<styleUrl>#m_ylw-pushpin37</styleUrl>
				<MultiGeometry>
					<LineString>
						<coordinates>
							110.8306528058762,-7.645904952240471,0 110.830600823437,-7.645759311683671,0 110.8305643162298,-7.645650749348888,0 110.8305118733474,-7.645599447063929,0 110.8305164150972,-7.645617329417544,0 
						</coordinates>
					</LineString>
				</MultiGeometry>
			</Placemark>
			<Placemark id="ID_20030">
				<name>0</name>
				<Snippet maxLines="0"></Snippet>
				<description><![CDATA[<html xmlns:fo="http://www.w3.org/1999/XSL/Format" xmlns:msxsl="urn:schemas-microsoft-com:xslt">

<head>

<META http-equiv="Content-Type" content="text/html">

<meta http-equiv="content-type" content="text/html; charset=UTF-8">

</head>

<body style="margin:0px 0px 0px 0px;overflow:auto;background:#FFFFFF;">

<table style="font-family:Arial,Verdana,Times;font-size:12px;text-align:left;width:100%;border-collapse:collapse;padding:3px 3px 3px 3px">

<tr style="text-align:center;font-weight:bold;background:#9CBCE2">

<td>0</td>

</tr>

<tr>

<td>

<table style="font-family:Arial,Verdana,Times;font-size:12px;text-align:left;width:100%;border-spacing:0px; padding:3px 3px 3px 3px">

<tr>

<td>FID</td>

<td>30</td>

</tr>

<tr bgcolor="#D4E4F3">

<td>Id</td>

<td>0</td>

</tr>

<tr>

<td>Titik_Awal</td>

<td>ODP Patung Jamu</td>

</tr>

<tr bgcolor="#D4E4F3">

<td>Titik_Akhr</td>

<td>Kantor Kelurahan Bulakrejo</td>

</tr>

<tr>

<td>Jarak</td>

<td>132</td>

</tr>

<tr bgcolor="#D4E4F3">

<td>Jenis</td>

<td>Drop Core</td>

</tr>

</table>

</td>

</tr>

</table>

</body>

</html>]]></description>
				<styleUrl>#m_ylw-pushpin37</styleUrl>
				<MultiGeometry>
					<LineString>
						<coordinates>
							110.8302459,-7.646440699999991,0 110.8301606127424,-7.646557918113254,0 110.8303867224124,-7.6466314686992,0 110.8305539118559,-7.646239868755288,0 110.8306412558677,-7.646035285525513,0 110.8306728837354,-7.645961204875062,0 110.8306528058762,-7.645904952240471,0 110.8306461409493,-7.64588627894645,0 
						</coordinates>
					</LineString>
				</MultiGeometry>
			</Placemark>
			<Placemark id="ID_20031">
				<name>0</name>
				<Snippet maxLines="0"></Snippet>
				<description><![CDATA[<html xmlns:fo="http://www.w3.org/1999/XSL/Format" xmlns:msxsl="urn:schemas-microsoft-com:xslt">

<head>

<META http-equiv="Content-Type" content="text/html">

<meta http-equiv="content-type" content="text/html; charset=UTF-8">

</head>

<body style="margin:0px 0px 0px 0px;overflow:auto;background:#FFFFFF;">

<table style="font-family:Arial,Verdana,Times;font-size:12px;text-align:left;width:100%;border-collapse:collapse;padding:3px 3px 3px 3px">

<tr style="text-align:center;font-weight:bold;background:#9CBCE2">

<td>0</td>

</tr>

<tr>

<td>

<table style="font-family:Arial,Verdana,Times;font-size:12px;text-align:left;width:100%;border-spacing:0px; padding:3px 3px 3px 3px">

<tr>

<td>FID</td>

<td>31</td>

</tr>

<tr bgcolor="#D4E4F3">

<td>Id</td>

<td>0</td>

</tr>

<tr>

<td>Titik_Awal</td>

<td>ODP Patung Jamu</td>

</tr>

<tr bgcolor="#D4E4F3">

<td>Titik_Akhr</td>

<td>CCTV Tikungan Utara SPBU Bulakrejo</td>

</tr>

<tr>

<td>Jarak</td>

<td>1377</td>

</tr>

<tr bgcolor="#D4E4F3">

<td>Jenis</td>

<td>Drop Core</td>

</tr>

</table>

</td>

</tr>

</table>

</body>

</html>]]></description>
				<styleUrl>#m_ylw-pushpin37</styleUrl>
				<MultiGeometry>
					<LineString>
						<coordinates>
							110.827349,-7.633906000000003,0 110.8271867242688,-7.634000633323396,0 110.8272587773616,-7.634197351122375,0 110.8273405614278,-7.634420638126672,0 110.8273434438958,-7.634428507841364,0 110.8274105409715,-7.634611696210509,0 110.8275103179208,-7.634884105694095,0 110.8275182366562,-7.634886348561992,0 110.8275319628095,-7.634924056392768,0 110.8275557761885,-7.634989473326518,0 110.8275865486562,-7.635074007440616,0 110.8275941190579,-7.635094804647046,0 110.8276385633722,-7.63521689731046,0 110.8277195773674,-7.635464332307303,0 110.8277805389551,-7.635650522825643,0 110.8277851980097,-7.635664750807438,0 110.8279030436481,-7.636024678827146,0 110.8279057892802,-7.636033063447441,0 110.8279419325614,-7.636143452198725,0 110.8279739954416,-7.636241379816878,0 110.8280866419032,-7.63663482082547,0 110.8281080246265,-7.636709504049267,0 110.8281888448129,-7.636991781891331,0 110.8282268588097,-7.637124553966105,0 110.8282617030313,-7.637246255591529,0 110.8283448711114,-7.63753673332992,0 110.8283882533154,-7.637688252862776,0 110.8284243416447,-7.637814299603093,0 110.8284480803325,-7.637897211685059,0 110.8284536159508,-7.637916545383083,0 110.8284691350383,-7.637970748816993,0 110.8284722934594,-7.637981780215993,0 110.828497364916,-7.638069345916438,0 110.8285058041598,-7.638098821866222,0 110.8284936831231,-7.638070250063445,0 110.8285642060318,-7.638356101735997,0 110.8285687221072,-7.638375997098735,0 110.8285744657036,-7.638401298305606,0 110.828622621065,-7.638613441068092,0 110.828635116523,-7.638668487112664,0 110.8286483190613,-7.638712457919846,0 110.8286655871279,-7.638769966278327,0 110.8286696479339,-7.638783490438213,0 110.8287217330474,-7.638956955286531,0 110.8287247917007,-7.638967142827176,0 110.8287827911532,-7.639160307135412,0 110.8288302066829,-7.639318220792348,0 110.8288975904685,-7.639542637970507,0 110.8289024573444,-7.639558847023272,0 110.8289335628022,-7.63966244129749,0 110.8289362158168,-7.63967127725292,0 110.8290232220817,-7.639961043569644,0 110.8290259034949,-7.639971434486235,0 110.8290292145095,-7.639984267893207,0 110.8290454417746,-7.640034973468716,0 110.8290433190996,-7.64003893473265,0 110.8290684548657,-7.640136355678399,0 110.829131667303,-7.640381349158127,0 110.8291332569612,-7.640387511696535,0 110.829172677071,-7.640540295969274,0 110.8292067008718,-7.640672161804544,0 110.8292555186874,-7.640861365837518,0 110.8292905030339,-7.640996954337689,0 110.8292766892267,-7.640943416306067,0 110.8292905030339,-7.640996954337689,0 110.8293033389305,-7.641046704255873,0 110.8293087877817,-7.641067825331671,0 110.8293165007285,-7.641097718886889,0 110.8293230748396,-7.641123198610278,0 110.8293777127756,-7.641334959397476,0 110.829391734247,-7.641385636057517,0 110.8294077077003,-7.641443369109477,0 110.8294440873176,-7.641574854126971,0 110.8294463498411,-7.641583029591027,0 110.8294864387903,-7.641727919036306,0 110.8294882938979,-7.641734622608976,0 110.8295090531737,-7.641809651959601,0 110.8295601714169,-7.641994401870491,0 110.8295741431342,-7.642044898495597,0 110.8295788881951,-7.642062048241463,0 110.8296134644094,-7.642187013318475,0 110.829652760359,-7.642329036766151,0 110.8297611410049,-7.642720745176565,0 110.8297915326714,-7.642830586040249,0 110.8299411597549,-7.643330433527536,0 110.8301084335447,-7.644000583452571,0 110.830167431631,-7.64423694757236,0 110.8301685451002,-7.644241408462986,0 110.8302478471579,-7.644559115999324,0 110.8302604807335,-7.644609728762714,0 110.8303591803943,-7.644998304303102,0 110.8305051553222,-7.645573001227175,0 110.8305118733474,-7.645599447063929,0 110.8305164150972,-7.645617329417544,0 
						</coordinates>
					</LineString>
				</MultiGeometry>
			</Placemark>
			<Placemark id="ID_20039">
				<name>0</name>
				<Snippet maxLines="0"></Snippet>
				<description><![CDATA[<html xmlns:fo="http://www.w3.org/1999/XSL/Format" xmlns:msxsl="urn:schemas-microsoft-com:xslt">

<head>

<META http-equiv="Content-Type" content="text/html">

<meta http-equiv="content-type" content="text/html; charset=UTF-8">

</head>

<body style="margin:0px 0px 0px 0px;overflow:auto;background:#FFFFFF;">

<table style="font-family:Arial,Verdana,Times;font-size:12px;text-align:left;width:100%;border-collapse:collapse;padding:3px 3px 3px 3px">

<tr style="text-align:center;font-weight:bold;background:#9CBCE2">

<td>0</td>

</tr>

<tr>

<td>

<table style="font-family:Arial,Verdana,Times;font-size:12px;text-align:left;width:100%;border-spacing:0px; padding:3px 3px 3px 3px">

<tr>

<td>FID</td>

<td>39</td>

</tr>

<tr bgcolor="#D4E4F3">

<td>Id</td>

<td>0</td>

</tr>

<tr>

<td>Titik_Awal</td>

<td>ODP Luwes Gentan</td>

</tr>

<tr bgcolor="#D4E4F3">

<td>Titik_Akhr</td>

<td>CCTV Gentan Baki</td>

</tr>

<tr>

<td>Jarak</td>

<td>132</td>

</tr>

<tr bgcolor="#D4E4F3">

<td>Jenis</td>

<td>Drop Core</td>

</tr>

</table>

</td>

</tr>

</table>

</body>

</html>]]></description>
				<styleUrl>#m_ylw-pushpin37</styleUrl>
				<MultiGeometry>
					<LineString>
						<coordinates>
							110.7828369,-7.578301999999999,0 110.7829218914434,-7.578301371516701,0 110.7830147909185,-7.578689049068893,0 110.7828496661655,-7.578001114176073,0 
						</coordinates>
					</LineString>
				</MultiGeometry>
			</Placemark>
			<Placemark id="ID_20042">
				<name>0</name>
				<Snippet maxLines="0"></Snippet>
				<description><![CDATA[<html xmlns:fo="http://www.w3.org/1999/XSL/Format" xmlns:msxsl="urn:schemas-microsoft-com:xslt">

<head>

<META http-equiv="Content-Type" content="text/html">

<meta http-equiv="content-type" content="text/html; charset=UTF-8">

</head>

<body style="margin:0px 0px 0px 0px;overflow:auto;background:#FFFFFF;">

<table style="font-family:Arial,Verdana,Times;font-size:12px;text-align:left;width:100%;border-collapse:collapse;padding:3px 3px 3px 3px">

<tr style="text-align:center;font-weight:bold;background:#9CBCE2">

<td>0</td>

</tr>

<tr>

<td>

<table style="font-family:Arial,Verdana,Times;font-size:12px;text-align:left;width:100%;border-spacing:0px; padding:3px 3px 3px 3px">

<tr>

<td>FID</td>

<td>42</td>

</tr>

<tr bgcolor="#D4E4F3">

<td>Id</td>

<td>0</td>

</tr>

<tr>

<td>Titik_Awal</td>

<td>ODP Kelurahan Ngadirejo</td>

</tr>

<tr bgcolor="#D4E4F3">

<td>Titik_Akhr</td>

<td>Kelurahan Ngadirejo</td>

</tr>

<tr>

<td>Jarak</td>

<td>77</td>

</tr>

<tr bgcolor="#D4E4F3">

<td>Jenis</td>

<td>Drop Core</td>

</tr>

</table>

</td>

</tr>

</table>

</body>

</html>]]></description>
				<styleUrl>#m_ylw-pushpin37</styleUrl>
				<MultiGeometry>
					<LineString>
						<coordinates>
							110.7531856024896,-7.558528110302715,0 110.7531346955477,-7.558507753025352,0 110.7530909600381,-7.558490262927848,0 110.7533137270612,-7.557943147225372,0 
						</coordinates>
					</LineString>
				</MultiGeometry>
			</Placemark>
			<Placemark id="ID_20044">
				<name>0</name>
				<Snippet maxLines="0"></Snippet>
				<description><![CDATA[<html xmlns:fo="http://www.w3.org/1999/XSL/Format" xmlns:msxsl="urn:schemas-microsoft-com:xslt">

<head>

<META http-equiv="Content-Type" content="text/html">

<meta http-equiv="content-type" content="text/html; charset=UTF-8">

</head>

<body style="margin:0px 0px 0px 0px;overflow:auto;background:#FFFFFF;">

<table style="font-family:Arial,Verdana,Times;font-size:12px;text-align:left;width:100%;border-collapse:collapse;padding:3px 3px 3px 3px">

<tr style="text-align:center;font-weight:bold;background:#9CBCE2">

<td>0</td>

</tr>

<tr>

<td>

<table style="font-family:Arial,Verdana,Times;font-size:12px;text-align:left;width:100%;border-spacing:0px; padding:3px 3px 3px 3px">

<tr>

<td>FID</td>

<td>44</td>

</tr>

<tr bgcolor="#D4E4F3">

<td>Id</td>

<td>0</td>

</tr>

<tr>

<td>Titik_Awal</td>

<td>ODP Simpang Slamet Riyadi</td>

</tr>

<tr bgcolor="#D4E4F3">

<td>Titik_Akhr</td>

<td>Puskesmas Kartasura Pabelan</td>

</tr>

<tr>

<td>Jarak</td>

<td>457</td>

</tr>

<tr bgcolor="#D4E4F3">

<td>Jenis</td>

<td>Drop Core</td>

</tr>

</table>

</td>

</tr>

</table>

</body>

</html>]]></description>
				<styleUrl>#m_ylw-pushpin37</styleUrl>
				<MultiGeometry>
					<LineString>
						<coordinates>
							110.7323481808476,-7.553555821670321,0 110.7322406994333,-7.553451933765463,0 110.7323814244465,-7.553362903901098,0 110.7324350335007,-7.553328988040598,0 110.7332684807335,-7.552801704652911,0 110.7334393889933,-7.552692190184231,0 110.7335611883976,-7.552621742800398,0 110.733950506486,-7.552395591897876,0 110.7339637794984,-7.552386083053267,0 110.734675772045,-7.551875980474022,0 110.7355966761257,-7.551294748738681,0 
						</coordinates>
					</LineString>
				</MultiGeometry>
			</Placemark>
			<Placemark id="ID_20046">
				<name>0</name>
				<Snippet maxLines="0"></Snippet>
				<description><![CDATA[<html xmlns:fo="http://www.w3.org/1999/XSL/Format" xmlns:msxsl="urn:schemas-microsoft-com:xslt">

<head>

<META http-equiv="Content-Type" content="text/html">

<meta http-equiv="content-type" content="text/html; charset=UTF-8">

</head>

<body style="margin:0px 0px 0px 0px;overflow:auto;background:#FFFFFF;">

<table style="font-family:Arial,Verdana,Times;font-size:12px;text-align:left;width:100%;border-collapse:collapse;padding:3px 3px 3px 3px">

<tr style="text-align:center;font-weight:bold;background:#9CBCE2">

<td>0</td>

</tr>

<tr>

<td>

<table style="font-family:Arial,Verdana,Times;font-size:12px;text-align:left;width:100%;border-spacing:0px; padding:3px 3px 3px 3px">

<tr>

<td>FID</td>

<td>46</td>

</tr>

<tr bgcolor="#D4E4F3">

<td>Id</td>

<td>0</td>

</tr>

<tr>

<td>Titik_Awal</td>

<td>ODP Sanggung</td>

</tr>

<tr bgcolor="#D4E4F3">

<td>Titik_Akhr</td>

<td>CCTV Simpang Sanggung</td>

</tr>

<tr>

<td>Jarak</td>

<td>12</td>

</tr>

<tr bgcolor="#D4E4F3">

<td>Jenis</td>

<td>Drop Core</td>

</tr>

</table>

</td>

</tr>

</table>

</body>

</html>]]></description>
				<styleUrl>#m_ylw-pushpin37</styleUrl>
				<MultiGeometry>
					<LineString>
						<coordinates>
							110.704271891505,-7.591428859756552,0 110.7042184608195,-7.591336704253641,0 
						</coordinates>
					</LineString>
				</MultiGeometry>
			</Placemark>
			<Placemark id="ID_20047">
				<name>0</name>
				<Snippet maxLines="0"></Snippet>
				<description><![CDATA[<html xmlns:fo="http://www.w3.org/1999/XSL/Format" xmlns:msxsl="urn:schemas-microsoft-com:xslt">

<head>

<META http-equiv="Content-Type" content="text/html">

<meta http-equiv="content-type" content="text/html; charset=UTF-8">

</head>

<body style="margin:0px 0px 0px 0px;overflow:auto;background:#FFFFFF;">

<table style="font-family:Arial,Verdana,Times;font-size:12px;text-align:left;width:100%;border-collapse:collapse;padding:3px 3px 3px 3px">

<tr style="text-align:center;font-weight:bold;background:#9CBCE2">

<td>0</td>

</tr>

<tr>

<td>

<table style="font-family:Arial,Verdana,Times;font-size:12px;text-align:left;width:100%;border-spacing:0px; padding:3px 3px 3px 3px">

<tr>

<td>FID</td>

<td>47</td>

</tr>

<tr bgcolor="#D4E4F3">

<td>Id</td>

<td>0</td>

</tr>

<tr>

<td>Titik_Awal</td>

<td>ODP Ngasem</td>

</tr>

<tr bgcolor="#D4E4F3">

<td>Titik_Akhr</td>

<td>CCTV Simpang Ngasem</td>

</tr>

<tr>

<td>Jarak</td>

<td>12</td>

</tr>

<tr bgcolor="#D4E4F3">

<td>Jenis</td>

<td>Drop Core</td>

</tr>

</table>

</td>

</tr>

</table>

</body>

</html>]]></description>
				<styleUrl>#m_ylw-pushpin37</styleUrl>
				<MultiGeometry>
					<LineString>
						<coordinates>
							110.716811,-7.542959999999992,0 110.71692341467,-7.54297203180233,0 
						</coordinates>
					</LineString>
				</MultiGeometry>
			</Placemark>
			<Placemark id="ID_20048">
				<name>0</name>
				<Snippet maxLines="0"></Snippet>
				<description><![CDATA[<html xmlns:fo="http://www.w3.org/1999/XSL/Format" xmlns:msxsl="urn:schemas-microsoft-com:xslt">

<head>

<META http-equiv="Content-Type" content="text/html">

<meta http-equiv="content-type" content="text/html; charset=UTF-8">

</head>

<body style="margin:0px 0px 0px 0px;overflow:auto;background:#FFFFFF;">

<table style="font-family:Arial,Verdana,Times;font-size:12px;text-align:left;width:100%;border-collapse:collapse;padding:3px 3px 3px 3px">

<tr style="text-align:center;font-weight:bold;background:#9CBCE2">

<td>0</td>

</tr>

<tr>

<td>

<table style="font-family:Arial,Verdana,Times;font-size:12px;text-align:left;width:100%;border-spacing:0px; padding:3px 3px 3px 3px">

<tr>

<td>FID</td>

<td>48</td>

</tr>

<tr bgcolor="#D4E4F3">

<td>Id</td>

<td>0</td>

</tr>

<tr>

<td>Titik_Awal</td>

<td>ODP UMS</td>

</tr>

<tr bgcolor="#D4E4F3">

<td>Titik_Akhr</td>

<td>CCTV Simpang 3 UMS</td>

</tr>

<tr>

<td>Jarak</td>

<td>20</td>

</tr>

<tr bgcolor="#D4E4F3">

<td>Jenis</td>

<td>Drop Core</td>

</tr>

</table>

</td>

</tr>

</table>

</body>

</html>]]></description>
				<styleUrl>#m_ylw-pushpin37</styleUrl>
				<MultiGeometry>
					<LineString>
						<coordinates>
							110.7692363,-7.559581299999975,0 110.7690550175585,-7.559606406413293,0 
						</coordinates>
					</LineString>
				</MultiGeometry>
			</Placemark>
			<Placemark id="ID_20051">
				<name>0</name>
				<Snippet maxLines="0"></Snippet>
				<description><![CDATA[<html xmlns:fo="http://www.w3.org/1999/XSL/Format" xmlns:msxsl="urn:schemas-microsoft-com:xslt">

<head>

<META http-equiv="Content-Type" content="text/html">

<meta http-equiv="content-type" content="text/html; charset=UTF-8">

</head>

<body style="margin:0px 0px 0px 0px;overflow:auto;background:#FFFFFF;">

<table style="font-family:Arial,Verdana,Times;font-size:12px;text-align:left;width:100%;border-collapse:collapse;padding:3px 3px 3px 3px">

<tr style="text-align:center;font-weight:bold;background:#9CBCE2">

<td>0</td>

</tr>

<tr>

<td>

<table style="font-family:Arial,Verdana,Times;font-size:12px;text-align:left;width:100%;border-spacing:0px; padding:3px 3px 3px 3px">

<tr>

<td>FID</td>

<td>51</td>

</tr>

<tr bgcolor="#D4E4F3">

<td>Id</td>

<td>0</td>

</tr>

<tr>

<td>Titik_Awal</td>

<td>ODP Makam Haji</td>

</tr>

<tr bgcolor="#D4E4F3">

<td>Titik_Akhr</td>

<td>CCTV Underpass Makam Haji</td>

</tr>

<tr>

<td>Jarak</td>

<td>17</td>

</tr>

<tr bgcolor="#D4E4F3">

<td>Jenis</td>

<td>Drop Core</td>

</tr>

</table>

</td>

</tr>

</table>

</body>

</html>]]></description>
				<styleUrl>#m_ylw-pushpin37</styleUrl>
				<MultiGeometry>
					<LineString>
						<coordinates>
							110.7772037028312,-7.566713951365426,0 110.777351333419,-7.566748119703433,0 
						</coordinates>
					</LineString>
				</MultiGeometry>
			</Placemark>
			<Placemark id="ID_20050">
				<name>0</name>
				<Snippet maxLines="0"></Snippet>
				<description><![CDATA[<html xmlns:fo="http://www.w3.org/1999/XSL/Format" xmlns:msxsl="urn:schemas-microsoft-com:xslt">

<head>

<META http-equiv="Content-Type" content="text/html">

<meta http-equiv="content-type" content="text/html; charset=UTF-8">

</head>

<body style="margin:0px 0px 0px 0px;overflow:auto;background:#FFFFFF;">

<table style="font-family:Arial,Verdana,Times;font-size:12px;text-align:left;width:100%;border-collapse:collapse;padding:3px 3px 3px 3px">

<tr style="text-align:center;font-weight:bold;background:#9CBCE2">

<td>0</td>

</tr>

<tr>

<td>

<table style="font-family:Arial,Verdana,Times;font-size:12px;text-align:left;width:100%;border-spacing:0px; padding:3px 3px 3px 3px">

<tr>

<td>FID</td>

<td>50</td>

</tr>

<tr bgcolor="#D4E4F3">

<td>Id</td>

<td>0</td>

</tr>

<tr>

<td>Titik_Awal</td>

<td>ODP RCTI</td>

</tr>

<tr bgcolor="#D4E4F3">

<td>Titik_Akhr</td>

<td>CCTV Gentan Baki</td>

</tr>

<tr>

<td>Jarak</td>

<td>15</td>

</tr>

<tr bgcolor="#D4E4F3">

<td>Jenis</td>

<td>Drop Core</td>

</tr>

</table>

</td>

</tr>

</table>

</body>

</html>]]></description>
				<styleUrl>#m_ylw-pushpin37</styleUrl>
				<MultiGeometry>
					<LineString>
						<coordinates>
							110.7841221776529,-7.583802530663312,0 110.7842606408528,-7.58379839465801,0 
						</coordinates>
					</LineString>
				</MultiGeometry>
			</Placemark>
			<Placemark id="ID_20053">
				<name>0</name>
				<Snippet maxLines="0"></Snippet>
				<description><![CDATA[<html xmlns:fo="http://www.w3.org/1999/XSL/Format" xmlns:msxsl="urn:schemas-microsoft-com:xslt">

<head>

<META http-equiv="Content-Type" content="text/html">

<meta http-equiv="content-type" content="text/html; charset=UTF-8">

</head>

<body style="margin:0px 0px 0px 0px;overflow:auto;background:#FFFFFF;">

<table style="font-family:Arial,Verdana,Times;font-size:12px;text-align:left;width:100%;border-collapse:collapse;padding:3px 3px 3px 3px">

<tr style="text-align:center;font-weight:bold;background:#9CBCE2">

<td>0</td>

</tr>

<tr>

<td>

<table style="font-family:Arial,Verdana,Times;font-size:12px;text-align:left;width:100%;border-spacing:0px; padding:3px 3px 3px 3px">

<tr>

<td>FID</td>

<td>53</td>

</tr>

<tr bgcolor="#D4E4F3">

<td>Id</td>

<td>0</td>

</tr>

<tr>

<td>Titik_Awal</td>

<td>ODP Baki</td>

</tr>

<tr bgcolor="#D4E4F3">

<td>Titik_Akhr</td>

<td>Puskesmas Baki</td>

</tr>

<tr>

<td>Jarak</td>

<td>190</td>

</tr>

<tr bgcolor="#D4E4F3">

<td>Jenis</td>

<td>Drop Core</td>

</tr>

</table>

</td>

</tr>

</table>

</body>

</html>]]></description>
				<styleUrl>#m_ylw-pushpin37</styleUrl>
				<MultiGeometry>
					<LineString>
						<coordinates>
							110.7860193012539,-7.60694518830771,0 110.7860404233133,-7.606679475102038,0 110.7858252550001,-7.606707285999957,0 110.7853370920001,-7.606810398999889,0 110.7846653444904,-7.607117534357037,0 
						</coordinates>
					</LineString>
				</MultiGeometry>
			</Placemark>
			<Placemark id="ID_20055">
				<name>0</name>
				<Snippet maxLines="0"></Snippet>
				<description><![CDATA[<html xmlns:fo="http://www.w3.org/1999/XSL/Format" xmlns:msxsl="urn:schemas-microsoft-com:xslt">

<head>

<META http-equiv="Content-Type" content="text/html">

<meta http-equiv="content-type" content="text/html; charset=UTF-8">

</head>

<body style="margin:0px 0px 0px 0px;overflow:auto;background:#FFFFFF;">

<table style="font-family:Arial,Verdana,Times;font-size:12px;text-align:left;width:100%;border-collapse:collapse;padding:3px 3px 3px 3px">

<tr style="text-align:center;font-weight:bold;background:#9CBCE2">

<td>0</td>

</tr>

<tr>

<td>

<table style="font-family:Arial,Verdana,Times;font-size:12px;text-align:left;width:100%;border-spacing:0px; padding:3px 3px 3px 3px">

<tr>

<td>FID</td>

<td>55</td>

</tr>

<tr bgcolor="#D4E4F3">

<td>Id</td>

<td>0</td>

</tr>

<tr>

<td>Titik_Awal</td>

<td>ODP The Park</td>

</tr>

<tr bgcolor="#D4E4F3">

<td>Titik_Akhr</td>

<td>The Park PBB Samsat Online</td>

</tr>

<tr>

<td>Jarak</td>

<td>242</td>

</tr>

<tr bgcolor="#D4E4F3">

<td>Jenis</td>

<td>Drop Core</td>

</tr>

</table>

</td>

</tr>

</table>

</body>

</html>]]></description>
				<styleUrl>#m_ylw-pushpin37</styleUrl>
				<MultiGeometry>
					<LineString>
						<coordinates>
							110.8163107613064,-7.599202331195992,0 110.8171081641763,-7.599297680526298,0 110.8172235307612,-7.59875204734638,0 110.8163984401635,-7.598636818914198,0 
						</coordinates>
					</LineString>
				</MultiGeometry>
			</Placemark>
			<Placemark id="ID_20056">
				<name>0</name>
				<Snippet maxLines="0"></Snippet>
				<description><![CDATA[<html xmlns:fo="http://www.w3.org/1999/XSL/Format" xmlns:msxsl="urn:schemas-microsoft-com:xslt">

<head>

<META http-equiv="Content-Type" content="text/html">

<meta http-equiv="content-type" content="text/html; charset=UTF-8">

</head>

<body style="margin:0px 0px 0px 0px;overflow:auto;background:#FFFFFF;">

<table style="font-family:Arial,Verdana,Times;font-size:12px;text-align:left;width:100%;border-collapse:collapse;padding:3px 3px 3px 3px">

<tr style="text-align:center;font-weight:bold;background:#9CBCE2">

<td>0</td>

</tr>

<tr>

<td>

<table style="font-family:Arial,Verdana,Times;font-size:12px;text-align:left;width:100%;border-spacing:0px; padding:3px 3px 3px 3px">

<tr>

<td>FID</td>

<td>56</td>

</tr>

<tr bgcolor="#D4E4F3">

<td>Id</td>

<td>0</td>

</tr>

<tr>

<td>Titik_Awal</td>

<td>ODP Kecamatan Mojolaban</td>

</tr>

<tr bgcolor="#D4E4F3">

<td>Titik_Akhr</td>

<td>Puskesmas Mojolaban</td>

</tr>

<tr>

<td>Jarak</td>

<td>404</td>

</tr>

<tr bgcolor="#D4E4F3">

<td>Jenis</td>

<td>Drop Core</td>

</tr>

</table>

</td>

</tr>

</table>

</body>

</html>]]></description>
				<styleUrl>#m_ylw-pushpin37</styleUrl>
				<MultiGeometry>
					<LineString>
						<coordinates>
							110.8710375,-7.602350700000008,0 110.8710096074833,-7.602435568988748,0 110.8720025684891,-7.602758964743987,0 110.8710689440237,-7.605099761209848,0 
						</coordinates>
					</LineString>
				</MultiGeometry>
			</Placemark>
			<Placemark id="ID_20057">
				<name>0</name>
				<Snippet maxLines="0"></Snippet>
				<description><![CDATA[<html xmlns:fo="http://www.w3.org/1999/XSL/Format" xmlns:msxsl="urn:schemas-microsoft-com:xslt">

<head>

<META http-equiv="Content-Type" content="text/html">

<meta http-equiv="content-type" content="text/html; charset=UTF-8">

</head>

<body style="margin:0px 0px 0px 0px;overflow:auto;background:#FFFFFF;">

<table style="font-family:Arial,Verdana,Times;font-size:12px;text-align:left;width:100%;border-collapse:collapse;padding:3px 3px 3px 3px">

<tr style="text-align:center;font-weight:bold;background:#9CBCE2">

<td>0</td>

</tr>

<tr>

<td>

<table style="font-family:Arial,Verdana,Times;font-size:12px;text-align:left;width:100%;border-spacing:0px; padding:3px 3px 3px 3px">

<tr>

<td>FID</td>

<td>57</td>

</tr>

<tr bgcolor="#D4E4F3">

<td>Id</td>

<td>0</td>

</tr>

<tr>

<td>Titik_Awal</td>

<td>ODP Kecamatan Polokarto</td>

</tr>

<tr bgcolor="#D4E4F3">

<td>Titik_Akhr</td>

<td>Puskesmas Polokarto</td>

</tr>

<tr>

<td>Jarak</td>

<td>72</td>

</tr>

<tr bgcolor="#D4E4F3">

<td>Jenis</td>

<td>Drop Core</td>

</tr>

</table>

</td>

</tr>

</table>

</body>

</html>]]></description>
				<styleUrl>#m_ylw-pushpin37</styleUrl>
				<MultiGeometry>
					<LineString>
						<coordinates>
							110.8958971,-7.627680599999977,0 110.8960406975647,-7.62754935367294,0 110.8963075278796,-7.627925657856353,0 
						</coordinates>
					</LineString>
				</MultiGeometry>
			</Placemark>
			<Placemark id="ID_20077">
				<name>0</name>
				<Snippet maxLines="0"></Snippet>
				<description><![CDATA[<html xmlns:fo="http://www.w3.org/1999/XSL/Format" xmlns:msxsl="urn:schemas-microsoft-com:xslt">

<head>

<META http-equiv="Content-Type" content="text/html">

<meta http-equiv="content-type" content="text/html; charset=UTF-8">

</head>

<body style="margin:0px 0px 0px 0px;overflow:auto;background:#FFFFFF;">

<table style="font-family:Arial,Verdana,Times;font-size:12px;text-align:left;width:100%;border-collapse:collapse;padding:3px 3px 3px 3px">

<tr style="text-align:center;font-weight:bold;background:#9CBCE2">

<td>0</td>

</tr>

<tr>

<td>

<table style="font-family:Arial,Verdana,Times;font-size:12px;text-align:left;width:100%;border-spacing:0px; padding:3px 3px 3px 3px">

<tr>

<td>FID</td>

<td>77</td>

</tr>

<tr bgcolor="#D4E4F3">

<td>Id</td>

<td>0</td>

</tr>

<tr>

<td>Titik_Awal</td>

<td>ODP Pasar Gawok</td>

</tr>

<tr bgcolor="#D4E4F3">

<td>Titik_Akhr</td>

<td>Pasar Gawok</td>

</tr>

<tr>

<td>Jarak</td>

<td>72</td>

</tr>

<tr bgcolor="#D4E4F3">

<td>Jenis</td>

<td>Drop Core</td>

</tr>

</table>

</td>

</tr>

</table>

</body>

</html>]]></description>
				<styleUrl>#m_ylw-pushpin37</styleUrl>
				<MultiGeometry>
					<LineString>
						<coordinates>
							110.7515211816927,-7.603000118646555,0 110.751889871349,-7.603185812693947,0 110.751982636522,-7.602967509400811,0 
						</coordinates>
					</LineString>
				</MultiGeometry>
			</Placemark>
			<Placemark id="ID_20078">
				<name>0</name>
				<Snippet maxLines="0"></Snippet>
				<description><![CDATA[<html xmlns:fo="http://www.w3.org/1999/XSL/Format" xmlns:msxsl="urn:schemas-microsoft-com:xslt">

<head>

<META http-equiv="Content-Type" content="text/html">

<meta http-equiv="content-type" content="text/html; charset=UTF-8">

</head>

<body style="margin:0px 0px 0px 0px;overflow:auto;background:#FFFFFF;">

<table style="font-family:Arial,Verdana,Times;font-size:12px;text-align:left;width:100%;border-collapse:collapse;padding:3px 3px 3px 3px">

<tr style="text-align:center;font-weight:bold;background:#9CBCE2">

<td>0</td>

</tr>

<tr>

<td>

<table style="font-family:Arial,Verdana,Times;font-size:12px;text-align:left;width:100%;border-spacing:0px; padding:3px 3px 3px 3px">

<tr>

<td>FID</td>

<td>78</td>

</tr>

<tr bgcolor="#D4E4F3">

<td>Id</td>

<td>0</td>

</tr>

<tr>

<td>Titik_Awal</td>

<td>ODP Sraten</td>

</tr>

<tr bgcolor="#D4E4F3">

<td>Titik_Akhr</td>

<td>Pasar Sraten</td>

</tr>

<tr>

<td>Jarak</td>

<td>43</td>

</tr>

<tr bgcolor="#D4E4F3">

<td>Jenis</td>

<td>Drop Core</td>

</tr>

</table>

</td>

</tr>

</table>

</body>

</html>]]></description>
				<styleUrl>#m_ylw-pushpin37</styleUrl>
				<MultiGeometry>
					<LineString>
						<coordinates>
							110.7177026592672,-7.574842831779377,0 110.717312395503,-7.574837744935296,0 
						</coordinates>
					</LineString>
				</MultiGeometry>
			</Placemark>
			<Placemark id="ID_20081">
				<name>0</name>
				<Snippet maxLines="0"></Snippet>
				<description><![CDATA[<html xmlns:fo="http://www.w3.org/1999/XSL/Format" xmlns:msxsl="urn:schemas-microsoft-com:xslt">

<head>

<META http-equiv="Content-Type" content="text/html">

<meta http-equiv="content-type" content="text/html; charset=UTF-8">

</head>

<body style="margin:0px 0px 0px 0px;overflow:auto;background:#FFFFFF;">

<table style="font-family:Arial,Verdana,Times;font-size:12px;text-align:left;width:100%;border-collapse:collapse;padding:3px 3px 3px 3px">

<tr style="text-align:center;font-weight:bold;background:#9CBCE2">

<td>0</td>

</tr>

<tr>

<td>

<table style="font-family:Arial,Verdana,Times;font-size:12px;text-align:left;width:100%;border-spacing:0px; padding:3px 3px 3px 3px">

<tr>

<td>FID</td>

<td>81</td>

</tr>

<tr bgcolor="#D4E4F3">

<td>Id</td>

<td>0</td>

</tr>

<tr>

<td>Titik_Awal</td>

<td>ODP Pasar Polokarto</td>

</tr>

<tr bgcolor="#D4E4F3">

<td>Titik_Akhr</td>

<td>Pasar Glondongan</td>

</tr>

<tr>

<td>Jarak</td>

<td>41</td>

</tr>

<tr bgcolor="#D4E4F3">

<td>Jenis</td>

<td>Drop Core</td>

</tr>

</table>

</td>

</tr>

</table>

</body>

</html>]]></description>
				<styleUrl>#m_ylw-pushpin37</styleUrl>
				<MultiGeometry>
					<LineString>
						<coordinates>
							110.8936066231343,-7.625590103004396,0 110.8939652850001,-7.625690769999942,0 
						</coordinates>
					</LineString>
				</MultiGeometry>
			</Placemark>
			<Placemark id="ID_20005">
				<name>ODP Kantor Desa Telukan - CCTV Telukan 
(Drop Core)</name>
				<Snippet maxLines="0"></Snippet>
				<description><![CDATA[<html xmlns:fo="http://www.w3.org/1999/XSL/Format" xmlns:msxsl="urn:schemas-microsoft-com:xslt">

<head>

<META http-equiv="Content-Type" content="text/html">

<meta http-equiv="content-type" content="text/html; charset=UTF-8">

</head>

<body style="margin:0px 0px 0px 0px;overflow:auto;background:#FFFFFF;">

<table style="font-family:Arial,Verdana,Times;font-size:12px;text-align:left;width:100%;border-collapse:collapse;padding:3px 3px 3px 3px">

<tr style="text-align:center;font-weight:bold;background:#9CBCE2">

<td>0</td>

</tr>

<tr>

<td>

<table style="font-family:Arial,Verdana,Times;font-size:12px;text-align:left;width:100%;border-spacing:0px; padding:3px 3px 3px 3px">

<tr>

<td>FID</td>

<td>5</td>

</tr>

<tr bgcolor="#D4E4F3">

<td>Id</td>

<td>0</td>

</tr>

<tr>

<td>Titik_Awal</td>

<td>ODP Kantor Desa Telukan</td>

</tr>

<tr bgcolor="#D4E4F3">

<td>Titik_Akhr</td>

<td>CCTV Telukan</td>

</tr>

<tr>

<td>Jarak</td>

<td>214</td>

</tr>

<tr bgcolor="#D4E4F3">

<td>Jenis</td>

<td>Drop Core</td>

</tr>

</table>

</td>

</tr>

</table>

</body>

</html>]]></description>
				<styleUrl>#m_ylw-pushpin37</styleUrl>
				<MultiGeometry>
					<LineString>
						<coordinates>
							110.821721,-7.621901000000008,0 110.8217974260001,-7.621905430999966,0 110.8217618767893,-7.621823487320832,0 110.8216129042289,-7.621467571239797,0 110.8214091953373,-7.620980881469073,0 110.8210806900001,-7.620188382999948,0 
						</coordinates>
					</LineString>
				</MultiGeometry>
			</Placemark>
			<Placemark id="ID_20004">
				<name>ODP Kantor Desa Telukan - Pasar Telukan (Drop Core)</name>
				<Snippet maxLines="0"></Snippet>
				<description><![CDATA[<html xmlns:fo="http://www.w3.org/1999/XSL/Format" xmlns:msxsl="urn:schemas-microsoft-com:xslt">

<head>

<META http-equiv="Content-Type" content="text/html">

<meta http-equiv="content-type" content="text/html; charset=UTF-8">

</head>

<body style="margin:0px 0px 0px 0px;overflow:auto;background:#FFFFFF;">

<table style="font-family:Arial,Verdana,Times;font-size:12px;text-align:left;width:100%;border-collapse:collapse;padding:3px 3px 3px 3px">

<tr style="text-align:center;font-weight:bold;background:#9CBCE2">

<td>0</td>

</tr>

<tr>

<td>

<table style="font-family:Arial,Verdana,Times;font-size:12px;text-align:left;width:100%;border-spacing:0px; padding:3px 3px 3px 3px">

<tr>

<td>FID</td>

<td>4</td>

</tr>

<tr bgcolor="#D4E4F3">

<td>Id</td>

<td>0</td>

</tr>

<tr>

<td>Titik_Awal</td>

<td>ODP Kantor Desa Telukan</td>

</tr>

<tr bgcolor="#D4E4F3">

<td>Titik_Akhr</td>

<td>Pasar Telukan</td>

</tr>

<tr>

<td>Jarak</td>

<td>150</td>

</tr>

<tr bgcolor="#D4E4F3">

<td>Jenis</td>

<td>Drop Core</td>

</tr>

</table>

</td>

</tr>

</table>

</body>

</html>]]></description>
				<styleUrl>#m_ylw-pushpin37</styleUrl>
				<MultiGeometry>
					<LineString>
						<coordinates>
							110.8206885,-7.618969399999996,0 110.8206062130046,-7.619011578473414,0 110.8207642700058,-7.619368470253153,0 110.8210806900001,-7.620188382999948,0 
						</coordinates>
					</LineString>
				</MultiGeometry>
			</Placemark>
			<Placemark id="ID_20003">
				<name>ODP Puskesmas Grogol - Pasar Grogol (Drop Core)</name>
				<Snippet maxLines="0"></Snippet>
				<description><![CDATA[<html xmlns:fo="http://www.w3.org/1999/XSL/Format" xmlns:msxsl="urn:schemas-microsoft-com:xslt">

<head>

<META http-equiv="Content-Type" content="text/html">

<meta http-equiv="content-type" content="text/html; charset=UTF-8">

</head>

<body style="margin:0px 0px 0px 0px;overflow:auto;background:#FFFFFF;">

<table style="font-family:Arial,Verdana,Times;font-size:12px;text-align:left;width:100%;border-collapse:collapse;padding:3px 3px 3px 3px">

<tr style="text-align:center;font-weight:bold;background:#9CBCE2">

<td>0</td>

</tr>

<tr>

<td>

<table style="font-family:Arial,Verdana,Times;font-size:12px;text-align:left;width:100%;border-spacing:0px; padding:3px 3px 3px 3px">

<tr>

<td>FID</td>

<td>3</td>

</tr>

<tr bgcolor="#D4E4F3">

<td>Id</td>

<td>0</td>

</tr>

<tr>

<td>Titik_Awal</td>

<td>ODP Puskesmas Grogol</td>

</tr>

<tr bgcolor="#D4E4F3">

<td>Titik_Akhr</td>

<td>Pasar Grogol</td>

</tr>

<tr>

<td>Jarak</td>

<td>706</td>

</tr>

<tr bgcolor="#D4E4F3">

<td>Jenis</td>

<td>Drop Core</td>

</tr>

</table>

</td>

</tr>

</table>

</body>

</html>]]></description>
				<styleUrl>#m_ylw-pushpin37</styleUrl>
				<MultiGeometry>
					<LineString>
						<coordinates>
							110.8190169,-7.606374799999991,0 110.8188783612353,-7.606417407602299,0 110.8188796458285,-7.606213940159297,0 110.818884764183,-7.605403235567557,0 110.8188860920001,-7.605192918999932,0 110.8188298187973,-7.603753478785237,0 110.8188212730001,-7.603534880999979,0 110.8188369980001,-7.602258440999949,0 110.8189106371936,-7.60201325237983,0 110.8190409848327,-7.60157924690885,0 110.8191612900001,-7.601178677999924,0 110.819474986,-7.60042103399996,0 110.8194364854747,-7.600381662558569,0 110.819384683699,-7.600328688964125,0 110.8193854450001,-7.60032882199992,0 
						</coordinates>
					</LineString>
				</MultiGeometry>
			</Placemark>
			<Placemark id="ID_20002">
				<name>ODP Puskesmas Grogol - Puskesmas Grogol 
(Drop Core)</name>
				<Snippet maxLines="0"></Snippet>
				<description><![CDATA[<html xmlns:fo="http://www.w3.org/1999/XSL/Format" xmlns:msxsl="urn:schemas-microsoft-com:xslt">

<head>

<META http-equiv="Content-Type" content="text/html">

<meta http-equiv="content-type" content="text/html; charset=UTF-8">

</head>

<body style="margin:0px 0px 0px 0px;overflow:auto;background:#FFFFFF;">

<table style="font-family:Arial,Verdana,Times;font-size:12px;text-align:left;width:100%;border-collapse:collapse;padding:3px 3px 3px 3px">

<tr style="text-align:center;font-weight:bold;background:#9CBCE2">

<td>0</td>

</tr>

<tr>

<td>

<table style="font-family:Arial,Verdana,Times;font-size:12px;text-align:left;width:100%;border-spacing:0px; padding:3px 3px 3px 3px">

<tr>

<td>FID</td>

<td>2</td>

</tr>

<tr bgcolor="#D4E4F3">

<td>Id</td>

<td>0</td>

</tr>

<tr>

<td>Titik_Awal</td>

<td>ODP Puskesmas Grogol</td>

</tr>

<tr bgcolor="#D4E4F3">

<td>Titik_Akhr</td>

<td>Puskesmas Grogol</td>

</tr>

<tr>

<td>Jarak</td>

<td>17</td>

</tr>

<tr bgcolor="#D4E4F3">

<td>Jenis</td>

<td>Drop Core</td>

</tr>

</table>

</td>

</tr>

</table>

</body>

</html>]]></description>
				<styleUrl>#m_ylw-pushpin37</styleUrl>
				<MultiGeometry>
					<LineString>
						<coordinates>
							110.8192331,-7.600302199999991,0 110.8193854450001,-7.60032882199992,0 
						</coordinates>
					</LineString>
				</MultiGeometry>
			</Placemark>
			<Placemark id="ID_20001">
				<name>ODP Kecamatan Gatak - Puskesmas Gatak (Drop Core)</name>
				<Snippet maxLines="0"></Snippet>
				<description><![CDATA[<html xmlns:fo="http://www.w3.org/1999/XSL/Format" xmlns:msxsl="urn:schemas-microsoft-com:xslt">

<head>

<META http-equiv="Content-Type" content="text/html">

<meta http-equiv="content-type" content="text/html; charset=UTF-8">

</head>

<body style="margin:0px 0px 0px 0px;overflow:auto;background:#FFFFFF;">

<table style="font-family:Arial,Verdana,Times;font-size:12px;text-align:left;width:100%;border-collapse:collapse;padding:3px 3px 3px 3px">

<tr style="text-align:center;font-weight:bold;background:#9CBCE2">

<td>0</td>

</tr>

<tr>

<td>

<table style="font-family:Arial,Verdana,Times;font-size:12px;text-align:left;width:100%;border-spacing:0px; padding:3px 3px 3px 3px">

<tr>

<td>FID</td>

<td>1</td>

</tr>

<tr bgcolor="#D4E4F3">

<td>Id</td>

<td>0</td>

</tr>

<tr>

<td>Titik_Awal</td>

<td>ODP Kecamatan Gatak</td>

</tr>

<tr bgcolor="#D4E4F3">

<td>Titik_Akhr</td>

<td>Puskesmas Gatak</td>

</tr>

<tr>

<td>Jarak</td>

<td>907</td>

</tr>

<tr bgcolor="#D4E4F3">

<td>Jenis</td>

<td>Drop Core</td>

</tr>

</table>

</td>

</tr>

</table>

</body>

</html>]]></description>
				<styleUrl>#m_ylw-pushpin37</styleUrl>
				<MultiGeometry>
					<LineString>
						<coordinates>
							110.7400886,-7.596254699999986,0 110.7401758227379,-7.596047922621699,0 110.7398448771718,-7.595908940048258,0 110.7398508157393,-7.595900498599169,0 110.7399570729541,-7.595749466631814,0 110.7399911863424,-7.59570097801915,0 110.7408617609216,-7.594906424730571,0 110.7411896437571,-7.594607171593347,0 110.7416728713435,-7.59411995538694,0 110.7418441818885,-7.593947229435452,0 110.7418545464861,-7.593936851200799,0 110.7422053233207,-7.593585618316956,0 110.7424009778699,-7.593287228275967,0 110.7424457726199,-7.593232980995689,0 110.7424831952478,-7.593187774980414,0 110.7426470614751,-7.592988868000963,0 110.742649049507,-7.592979823539366,0 110.74265471552,-7.592979826894718,0 110.7429753547022,-7.592600099807198,0 110.7431669054295,-7.59238985308751,0 110.7432718801492,-7.592274632052309,0 110.7435090534003,-7.592010596890389,0 110.743547996827,-7.59196724331372,0 110.7435522458739,-7.59196724582085,0 110.7435769084535,-7.591941904538722,0 110.7436147776814,-7.591902992635571,0 110.7436474954117,-7.591869373912664,0 110.7436806775784,-7.591835277851193,0 110.7437897958905,-7.591723153636115,0 110.7444665191719,-7.590900398705443,0 110.7446197131714,-7.590726503968207,0 110.7446337778642,-7.590710538533033,0 110.7446360495952,-7.590701494226408,0 110.7446657998929,-7.590675676827233,0 110.7450120660001,-7.591028166999936,0 
						</coordinates>
					</LineString>
				</MultiGeometry>
			</Placemark>
			<Placemark id="ID_20000">
				<name>ODP Simpang Kartosuro - Pasar Kartasura (Drop Core)</name>
				<Snippet maxLines="0"></Snippet>
				<description><![CDATA[<html xmlns:fo="http://www.w3.org/1999/XSL/Format" xmlns:msxsl="urn:schemas-microsoft-com:xslt">

<head>

<META http-equiv="Content-Type" content="text/html">

<meta http-equiv="content-type" content="text/html; charset=UTF-8">

</head>

<body style="margin:0px 0px 0px 0px;overflow:auto;background:#FFFFFF;">

<table style="font-family:Arial,Verdana,Times;font-size:12px;text-align:left;width:100%;border-collapse:collapse;padding:3px 3px 3px 3px">

<tr style="text-align:center;font-weight:bold;background:#9CBCE2">

<td>0</td>

</tr>

<tr>

<td>

<table style="font-family:Arial,Verdana,Times;font-size:12px;text-align:left;width:100%;border-spacing:0px; padding:3px 3px 3px 3px">

<tr>

<td>FID</td>

<td>0</td>

</tr>

<tr bgcolor="#D4E4F3">

<td>Id</td>

<td>0</td>

</tr>

<tr>

<td>Titik_Awal</td>

<td>ODP Simpang Kartosuro</td>

</tr>

<tr bgcolor="#D4E4F3">

<td>Titik_Akhr</td>

<td>Pasar Kartasura</td>

</tr>

<tr>

<td>Jarak</td>

<td>217</td>

</tr>

<tr bgcolor="#D4E4F3">

<td>Jenis</td>

<td>Drop Core</td>

</tr>

</table>

</td>

</tr>

</table>

</body>

</html>]]></description>
				<styleUrl>#m_ylw-pushpin37</styleUrl>
				<MultiGeometry>
					<LineString>
						<coordinates>
							110.7404621,-7.5517465,0 110.7405223797003,-7.551633657435602,0 110.7408521360002,-7.551799358999915,0 110.7417354300001,-7.552254764999873,0 110.7421445532345,-7.552435803055857,0 110.7421465044722,-7.552436666483345,0 110.742166614,-7.552445564999914,0 
						</coordinates>
					</LineString>
				</MultiGeometry>
			</Placemark>
			<Placemark id="ID_20009">
				<name>0</name>
				<Snippet maxLines="0"></Snippet>
				<description><![CDATA[<html xmlns:fo="http://www.w3.org/1999/XSL/Format" xmlns:msxsl="urn:schemas-microsoft-com:xslt">

<head>

<META http-equiv="Content-Type" content="text/html">

<meta http-equiv="content-type" content="text/html; charset=UTF-8">

</head>

<body style="margin:0px 0px 0px 0px;overflow:auto;background:#FFFFFF;">

<table style="font-family:Arial,Verdana,Times;font-size:12px;text-align:left;width:100%;border-collapse:collapse;padding:3px 3px 3px 3px">

<tr style="text-align:center;font-weight:bold;background:#9CBCE2">

<td>0</td>

</tr>

<tr>

<td>

<table style="font-family:Arial,Verdana,Times;font-size:12px;text-align:left;width:100%;border-spacing:0px; padding:3px 3px 3px 3px">

<tr>

<td>FID</td>

<td>9</td>

</tr>

<tr bgcolor="#D4E4F3">

<td>Id</td>

<td>0</td>

</tr>

<tr>

<td>Titik_Awal</td>

<td>ODP Simpang Tentara Pelajar</td>

</tr>

<tr bgcolor="#D4E4F3">

<td>Titik_Akhr</td>

<td>Puskesmas Sukoharjo</td>

</tr>

<tr>

<td>Jarak</td>

<td>40</td>

</tr>

<tr bgcolor="#D4E4F3">

<td>Jenis</td>

<td>Drop Core</td>

</tr>

</table>

</td>

</tr>

</table>

</body>

</html>]]></description>
				<styleUrl>#m_ylw-pushpin37</styleUrl>
				<MultiGeometry>
					<LineString>
						<coordinates>
							110.8359902,-7.675669700000007,0 110.8363479089561,-7.675640362999073,0 
						</coordinates>
					</LineString>
				</MultiGeometry>
			</Placemark>
			<Placemark id="ID_20010">
				<name>0</name>
				<Snippet maxLines="0"></Snippet>
				<description><![CDATA[<html xmlns:fo="http://www.w3.org/1999/XSL/Format" xmlns:msxsl="urn:schemas-microsoft-com:xslt">

<head>

<META http-equiv="Content-Type" content="text/html">

<meta http-equiv="content-type" content="text/html; charset=UTF-8">

</head>

<body style="margin:0px 0px 0px 0px;overflow:auto;background:#FFFFFF;">

<table style="font-family:Arial,Verdana,Times;font-size:12px;text-align:left;width:100%;border-collapse:collapse;padding:3px 3px 3px 3px">

<tr style="text-align:center;font-weight:bold;background:#9CBCE2">

<td>0</td>

</tr>

<tr>

<td>

<table style="font-family:Arial,Verdana,Times;font-size:12px;text-align:left;width:100%;border-spacing:0px; padding:3px 3px 3px 3px">

<tr>

<td>FID</td>

<td>10</td>

</tr>

<tr bgcolor="#D4E4F3">

<td>Id</td>

<td>0</td>

</tr>

<tr>

<td>Titik_Awal</td>

<td>ODP Simpang Tentara Pelajar</td>

</tr>

<tr bgcolor="#D4E4F3">

<td>Titik_Akhr</td>

<td>GOR Jombor</td>

</tr>

<tr>

<td>Jarak</td>

<td>119</td>

</tr>

<tr bgcolor="#D4E4F3">

<td>Jenis</td>

<td>Drop Core</td>

</tr>

</table>

</td>

</tr>

</table>

</body>

</html>]]></description>
				<styleUrl>#m_ylw-pushpin37</styleUrl>
				<MultiGeometry>
					<LineString>
						<coordinates>
							110.841959042789,-7.672485997762488,0 110.8418231799037,-7.672524448834628,0 110.8416049487678,-7.673432671359969,0 
						</coordinates>
					</LineString>
				</MultiGeometry>
			</Placemark>
			<Placemark id="ID_20011">
				<name>0</name>
				<Snippet maxLines="0"></Snippet>
				<description><![CDATA[<html xmlns:fo="http://www.w3.org/1999/XSL/Format" xmlns:msxsl="urn:schemas-microsoft-com:xslt">

<head>

<META http-equiv="Content-Type" content="text/html">

<meta http-equiv="content-type" content="text/html; charset=UTF-8">

</head>

<body style="margin:0px 0px 0px 0px;overflow:auto;background:#FFFFFF;">

<table style="font-family:Arial,Verdana,Times;font-size:12px;text-align:left;width:100%;border-collapse:collapse;padding:3px 3px 3px 3px">

<tr style="text-align:center;font-weight:bold;background:#9CBCE2">

<td>0</td>

</tr>

<tr>

<td>

<table style="font-family:Arial,Verdana,Times;font-size:12px;text-align:left;width:100%;border-spacing:0px; padding:3px 3px 3px 3px">

<tr>

<td>FID</td>

<td>11</td>

</tr>

<tr bgcolor="#D4E4F3">

<td>Id</td>

<td>0</td>

</tr>

<tr>

<td>Titik_Awal</td>

<td>ODP Dinas Sosial</td>

</tr>

<tr bgcolor="#D4E4F3">

<td>Titik_Akhr</td>

<td>CCTV Carikan</td>

</tr>

<tr>

<td>Jarak</td>

<td>136</td>

</tr>

<tr bgcolor="#D4E4F3">

<td>Jenis</td>

<td>Drop Core</td>

</tr>

</table>

</td>

</tr>

</table>

</body>

</html>]]></description>
				<styleUrl>#m_ylw-pushpin37</styleUrl>
				<MultiGeometry>
					<LineString>
						<coordinates>
							110.832178,-7.681331999999985,0 110.832280140482,-7.681483635412475,0 110.8326828213935,-7.681505019171595,0 110.8332604095588,-7.681535690453317,0 110.8332606290001,-7.681471024999958,0 
						</coordinates>
					</LineString>
				</MultiGeometry>
			</Placemark>
			<Placemark id="ID_20012">
				<name>0</name>
				<Snippet maxLines="0"></Snippet>
				<description><![CDATA[<html xmlns:fo="http://www.w3.org/1999/XSL/Format" xmlns:msxsl="urn:schemas-microsoft-com:xslt">

<head>

<META http-equiv="Content-Type" content="text/html">

<meta http-equiv="content-type" content="text/html; charset=UTF-8">

</head>

<body style="margin:0px 0px 0px 0px;overflow:auto;background:#FFFFFF;">

<table style="font-family:Arial,Verdana,Times;font-size:12px;text-align:left;width:100%;border-collapse:collapse;padding:3px 3px 3px 3px">

<tr style="text-align:center;font-weight:bold;background:#9CBCE2">

<td>0</td>

</tr>

<tr>

<td>

<table style="font-family:Arial,Verdana,Times;font-size:12px;text-align:left;width:100%;border-spacing:0px; padding:3px 3px 3px 3px">

<tr>

<td>FID</td>

<td>12</td>

</tr>

<tr bgcolor="#D4E4F3">

<td>Id</td>

<td>0</td>

</tr>

<tr>

<td>Titik_Awal</td>

<td>ODP Dinas Sosial</td>

</tr>

<tr bgcolor="#D4E4F3">

<td>Titik_Akhr</td>

<td>Kantor Kelurahan Jetis</td>

</tr>

<tr>

<td>Jarak</td>

<td>223</td>

</tr>

<tr bgcolor="#D4E4F3">

<td>Jenis</td>

<td>Drop Core</td>

</tr>

</table>

</td>

</tr>

</table>

</body>

</html>]]></description>
				<styleUrl>#m_ylw-pushpin37</styleUrl>
				<MultiGeometry>
					<LineString>
						<coordinates>
							110.8332948,-7.682615699999996,0 110.8332633409448,-7.682685084685833,0 110.8334014000441,-7.682747300424982,0 110.8336427999319,-7.682191699594793,0 110.8337554616336,-7.681573573195696,0 110.8332604095588,-7.681535690453317,0 110.8332606290001,-7.681471024999958,0 
						</coordinates>
					</LineString>
				</MultiGeometry>
			</Placemark>
			<Placemark id="ID_20074">
				<name>0</name>
				<Snippet maxLines="0"></Snippet>
				<description><![CDATA[<html xmlns:fo="http://www.w3.org/1999/XSL/Format" xmlns:msxsl="urn:schemas-microsoft-com:xslt">

<head>

<META http-equiv="Content-Type" content="text/html">

<meta http-equiv="content-type" content="text/html; charset=UTF-8">

</head>

<body style="margin:0px 0px 0px 0px;overflow:auto;background:#FFFFFF;">

<table style="font-family:Arial,Verdana,Times;font-size:12px;text-align:left;width:100%;border-collapse:collapse;padding:3px 3px 3px 3px">

<tr style="text-align:center;font-weight:bold;background:#9CBCE2">

<td>0</td>

</tr>

<tr>

<td>

<table style="font-family:Arial,Verdana,Times;font-size:12px;text-align:left;width:100%;border-spacing:0px; padding:3px 3px 3px 3px">

<tr>

<td>FID</td>

<td>74</td>

</tr>

<tr bgcolor="#D4E4F3">

<td>Id</td>

<td>0</td>

</tr>

<tr>

<td>Titik_Awal</td>

<td>ODP Dinas Sosial</td>

</tr>

<tr bgcolor="#D4E4F3">

<td>Titik_Akhr</td>

<td>Pasar Carikan</td>

</tr>

<tr>

<td>Jarak</td>

<td>174</td>

</tr>

<tr bgcolor="#D4E4F3">

<td>Jenis</td>

<td>Drop Core</td>

</tr>

</table>

</td>

</tr>

</table>

</body>

</html>]]></description>
				<styleUrl>#m_ylw-pushpin37</styleUrl>
				<MultiGeometry>
					<LineString>
						<coordinates>
							110.8319109284411,-7.681112129732102,0 110.832178,-7.681331999999985,0 110.832280140482,-7.681483635412475,0 110.8332604095588,-7.681535690453317,0 110.8332606290001,-7.681471024999958,0 
						</coordinates>
					</LineString>
				</MultiGeometry>
			</Placemark>
			<Placemark id="ID_20013">
				<name>0</name>
				<Snippet maxLines="0"></Snippet>
				<description><![CDATA[<html xmlns:fo="http://www.w3.org/1999/XSL/Format" xmlns:msxsl="urn:schemas-microsoft-com:xslt">

<head>

<META http-equiv="Content-Type" content="text/html">

<meta http-equiv="content-type" content="text/html; charset=UTF-8">

</head>

<body style="margin:0px 0px 0px 0px;overflow:auto;background:#FFFFFF;">

<table style="font-family:Arial,Verdana,Times;font-size:12px;text-align:left;width:100%;border-collapse:collapse;padding:3px 3px 3px 3px">

<tr style="text-align:center;font-weight:bold;background:#9CBCE2">

<td>0</td>

</tr>

<tr>

<td>

<table style="font-family:Arial,Verdana,Times;font-size:12px;text-align:left;width:100%;border-spacing:0px; padding:3px 3px 3px 3px">

<tr>

<td>FID</td>

<td>13</td>

</tr>

<tr bgcolor="#D4E4F3">

<td>Id</td>

<td>0</td>

</tr>

<tr>

<td>Titik_Awal</td>

<td>ODP Dinas Kearsipan Perpustakaan</td>

</tr>

<tr bgcolor="#D4E4F3">

<td>Titik_Akhr</td>

<td>CCTV Simpang 5 Proliman</td>

</tr>

<tr>

<td>Jarak</td>

<td>142</td>

</tr>

<tr bgcolor="#D4E4F3">

<td>Jenis</td>

<td>Drop Core</td>

</tr>

</table>

</td>

</tr>

</table>

</body>

</html>]]></description>
				<styleUrl>#m_ylw-pushpin37</styleUrl>
				<MultiGeometry>
					<LineString>
						<coordinates>
							110.842537,-7.682559000000003,0 110.8425880359678,-7.682615432568849,0 110.8426580642152,-7.682617035783732,0 110.8427812914456,-7.682619856103413,0 110.8428970709499,-7.682957260758259,0 110.8430719649474,-7.68340349654568,0 110.843232206,-7.683321108999969,0 
						</coordinates>
					</LineString>
				</MultiGeometry>
			</Placemark>
			<Placemark id="ID_20014">
				<name>0</name>
				<Snippet maxLines="0"></Snippet>
				<description><![CDATA[<html xmlns:fo="http://www.w3.org/1999/XSL/Format" xmlns:msxsl="urn:schemas-microsoft-com:xslt">

<head>

<META http-equiv="Content-Type" content="text/html">

<meta http-equiv="content-type" content="text/html; charset=UTF-8">

</head>

<body style="margin:0px 0px 0px 0px;overflow:auto;background:#FFFFFF;">

<table style="font-family:Arial,Verdana,Times;font-size:12px;text-align:left;width:100%;border-collapse:collapse;padding:3px 3px 3px 3px">

<tr style="text-align:center;font-weight:bold;background:#9CBCE2">

<td>0</td>

</tr>

<tr>

<td>

<table style="font-family:Arial,Verdana,Times;font-size:12px;text-align:left;width:100%;border-spacing:0px; padding:3px 3px 3px 3px">

<tr>

<td>FID</td>

<td>14</td>

</tr>

<tr bgcolor="#D4E4F3">

<td>Id</td>

<td>0</td>

</tr>

<tr>

<td>Titik_Awal</td>

<td>ODP Dinas Kesehatan</td>

</tr>

<tr bgcolor="#D4E4F3">

<td>Titik_Akhr</td>

<td>CCTV DKR</td>

</tr>

<tr>

<td>Jarak</td>

<td>22</td>

</tr>

<tr bgcolor="#D4E4F3">

<td>Jenis</td>

<td>Drop Core</td>

</tr>

</table>

</td>

</tr>

</table>

</body>

</html>]]></description>
				<styleUrl>#m_ylw-pushpin37</styleUrl>
				<MultiGeometry>
					<LineString>
						<coordinates>
							110.850151,-7.68451,0 110.8500289350001,-7.684670282999941,0 
						</coordinates>
					</LineString>
				</MultiGeometry>
			</Placemark>
			<Placemark id="ID_20015">
				<name>0</name>
				<Snippet maxLines="0"></Snippet>
				<description><![CDATA[<html xmlns:fo="http://www.w3.org/1999/XSL/Format" xmlns:msxsl="urn:schemas-microsoft-com:xslt">

<head>

<META http-equiv="Content-Type" content="text/html">

<meta http-equiv="content-type" content="text/html; charset=UTF-8">

</head>

<body style="margin:0px 0px 0px 0px;overflow:auto;background:#FFFFFF;">

<table style="font-family:Arial,Verdana,Times;font-size:12px;text-align:left;width:100%;border-collapse:collapse;padding:3px 3px 3px 3px">

<tr style="text-align:center;font-weight:bold;background:#9CBCE2">

<td>0</td>

</tr>

<tr>

<td>

<table style="font-family:Arial,Verdana,Times;font-size:12px;text-align:left;width:100%;border-spacing:0px; padding:3px 3px 3px 3px">

<tr>

<td>FID</td>

<td>15</td>

</tr>

<tr bgcolor="#D4E4F3">

<td>Id</td>

<td>0</td>

</tr>

<tr>

<td>Titik_Awal</td>

<td>ODP Dinas Kesehatan</td>

</tr>

<tr bgcolor="#D4E4F3">

<td>Titik_Akhr</td>

<td>Rumah Dinas Setda</td>

</tr>

<tr>

<td>Jarak</td>

<td>214</td>

</tr>

<tr bgcolor="#D4E4F3">

<td>Jenis</td>

<td>Drop Core</td>

</tr>

</table>

</td>

</tr>

</table>

</body>

</html>]]></description>
				<styleUrl>#m_ylw-pushpin37</styleUrl>
				<MultiGeometry>
					<LineString>
						<coordinates>
							110.848992114615,-7.684856089760159,0 110.8489078065864,-7.685025346261885,0 110.8498522028484,-7.685318534719978,0 110.8499437904193,-7.685106814186992,0 110.8501175638233,-7.684705165918191,0 110.8500289350001,-7.684670282999941,0 
						</coordinates>
					</LineString>
				</MultiGeometry>
			</Placemark>
			<Placemark id="ID_20016">
				<name>0</name>
				<Snippet maxLines="0"></Snippet>
				<description><![CDATA[<html xmlns:fo="http://www.w3.org/1999/XSL/Format" xmlns:msxsl="urn:schemas-microsoft-com:xslt">

<head>

<META http-equiv="Content-Type" content="text/html">

<meta http-equiv="content-type" content="text/html; charset=UTF-8">

</head>

<body style="margin:0px 0px 0px 0px;overflow:auto;background:#FFFFFF;">

<table style="font-family:Arial,Verdana,Times;font-size:12px;text-align:left;width:100%;border-collapse:collapse;padding:3px 3px 3px 3px">

<tr style="text-align:center;font-weight:bold;background:#9CBCE2">

<td>0</td>

</tr>

<tr>

<td>

<table style="font-family:Arial,Verdana,Times;font-size:12px;text-align:left;width:100%;border-spacing:0px; padding:3px 3px 3px 3px">

<tr>

<td>FID</td>

<td>16</td>

</tr>

<tr bgcolor="#D4E4F3">

<td>Id</td>

<td>0</td>

</tr>

<tr>

<td>Titik_Awal</td>

<td>ODP Polsek Bendosari</td>

</tr>

<tr bgcolor="#D4E4F3">

<td>Titik_Akhr</td>

<td>Puskesmas Bendosari</td>

</tr>

<tr>

<td>Jarak</td>

<td>78</td>

</tr>

<tr bgcolor="#D4E4F3">

<td>Jenis</td>

<td>Drop Core</td>

</tr>

</table>

</td>

</tr>

</table>

</body>

</html>]]></description>
				<styleUrl>#m_ylw-pushpin37</styleUrl>
				<MultiGeometry>
					<LineString>
						<coordinates>
							110.8741959,-7.691610499999982,0 110.87374643,-7.692156833999951,0 
						</coordinates>
					</LineString>
				</MultiGeometry>
			</Placemark>
			<Placemark id="ID_20018">
				<name>0</name>
				<Snippet maxLines="0"></Snippet>
				<description><![CDATA[<html xmlns:fo="http://www.w3.org/1999/XSL/Format" xmlns:msxsl="urn:schemas-microsoft-com:xslt">

<head>

<META http-equiv="Content-Type" content="text/html">

<meta http-equiv="content-type" content="text/html; charset=UTF-8">

</head>

<body style="margin:0px 0px 0px 0px;overflow:auto;background:#FFFFFF;">

<table style="font-family:Arial,Verdana,Times;font-size:12px;text-align:left;width:100%;border-collapse:collapse;padding:3px 3px 3px 3px">

<tr style="text-align:center;font-weight:bold;background:#9CBCE2">

<td>0</td>

</tr>

<tr>

<td>

<table style="font-family:Arial,Verdana,Times;font-size:12px;text-align:left;width:100%;border-spacing:0px; padding:3px 3px 3px 3px">

<tr>

<td>FID</td>

<td>18</td>

</tr>

<tr bgcolor="#D4E4F3">

<td>Id</td>

<td>0</td>

</tr>

<tr>

<td>Titik_Awal</td>

<td>ODP Kelurahan Begajah</td>

</tr>

<tr bgcolor="#D4E4F3">

<td>Titik_Akhr</td>

<td>CCTV Begajah</td>

</tr>

<tr>

<td>Jarak</td>

<td>262</td>

</tr>

<tr bgcolor="#D4E4F3">

<td>Jenis</td>

<td>Drop Core</td>

</tr>

</table>

</td>

</tr>

</table>

</body>

</html>]]></description>
				<styleUrl>#m_ylw-pushpin37</styleUrl>
				<MultiGeometry>
					<LineString>
						<coordinates>
							110.8533957497853,-7.701861874100065,0 110.8539202919902,-7.702673064794743,0 110.8546589140001,-7.703815317999951,0 110.8546848993273,-7.703854262292768,0 
						</coordinates>
					</LineString>
				</MultiGeometry>
			</Placemark>
			<Placemark id="ID_20019">
				<name>0</name>
				<Snippet maxLines="0"></Snippet>
				<description><![CDATA[<html xmlns:fo="http://www.w3.org/1999/XSL/Format" xmlns:msxsl="urn:schemas-microsoft-com:xslt">

<head>

<META http-equiv="Content-Type" content="text/html">

<meta http-equiv="content-type" content="text/html; charset=UTF-8">

</head>

<body style="margin:0px 0px 0px 0px;overflow:auto;background:#FFFFFF;">

<table style="font-family:Arial,Verdana,Times;font-size:12px;text-align:left;width:100%;border-collapse:collapse;padding:3px 3px 3px 3px">

<tr style="text-align:center;font-weight:bold;background:#9CBCE2">

<td>0</td>

</tr>

<tr>

<td>

<table style="font-family:Arial,Verdana,Times;font-size:12px;text-align:left;width:100%;border-spacing:0px; padding:3px 3px 3px 3px">

<tr>

<td>FID</td>

<td>19</td>

</tr>

<tr bgcolor="#D4E4F3">

<td>Id</td>

<td>0</td>

</tr>

<tr>

<td>Titik_Awal</td>

<td>ODP Kantor Desa Nguter</td>

</tr>

<tr bgcolor="#D4E4F3">

<td>Titik_Akhr</td>

<td>Puskesmas Nguter</td>

</tr>

<tr>

<td>Jarak</td>

<td>937</td>

</tr>

<tr bgcolor="#D4E4F3">

<td>Jenis</td>

<td>Drop Core</td>

</tr>

</table>

</td>

</tr>

</table>

</body>

</html>]]></description>
				<styleUrl>#m_ylw-pushpin37</styleUrl>
				<MultiGeometry>
					<LineString>
						<coordinates>
							110.8742659,-7.739816499999986,0 110.8744792681954,-7.739779185214648,0 110.8730939610527,-7.73707128256615,0 110.8724526517366,-7.73592349289027,0 110.8710120972779,-7.733209520781199,0 110.8705406680001,-7.732520934999967,0 
						</coordinates>
					</LineString>
				</MultiGeometry>
			</Placemark>
			<Placemark id="ID_20020">
				<name>0</name>
				<Snippet maxLines="0"></Snippet>
				<description><![CDATA[<html xmlns:fo="http://www.w3.org/1999/XSL/Format" xmlns:msxsl="urn:schemas-microsoft-com:xslt">

<head>

<META http-equiv="Content-Type" content="text/html">

<meta http-equiv="content-type" content="text/html; charset=UTF-8">

</head>

<body style="margin:0px 0px 0px 0px;overflow:auto;background:#FFFFFF;">

<table style="font-family:Arial,Verdana,Times;font-size:12px;text-align:left;width:100%;border-collapse:collapse;padding:3px 3px 3px 3px">

<tr style="text-align:center;font-weight:bold;background:#9CBCE2">

<td>0</td>

</tr>

<tr>

<td>

<table style="font-family:Arial,Verdana,Times;font-size:12px;text-align:left;width:100%;border-spacing:0px; padding:3px 3px 3px 3px">

<tr>

<td>FID</td>

<td>20</td>

</tr>

<tr bgcolor="#D4E4F3">

<td>Id</td>

<td>0</td>

</tr>

<tr>

<td>Titik_Awal</td>

<td>ODP Kecamatan Tawangsari</td>

</tr>

<tr bgcolor="#D4E4F3">

<td>Titik_Akhr</td>

<td>Puskesmas Tawangsari</td>

</tr>

<tr>

<td>Jarak</td>

<td>223</td>

</tr>

<tr bgcolor="#D4E4F3">

<td>Jenis</td>

<td>Drop Core</td>

</tr>

</table>

</td>

</tr>

</table>

</body>

</html>]]></description>
				<styleUrl>#m_ylw-pushpin37</styleUrl>
				<MultiGeometry>
					<LineString>
						<coordinates>
							110.7962516729802,-7.736448816131875,0 110.7966250382559,-7.73654184210976,0 110.7967142043484,-7.736213349720513,0 110.7969136410001,-7.735478612999949,0 110.7969615180001,-7.735269478999951,0 110.797082318,-7.735002498999939,0 110.7971099000001,-7.734998316999959,0 
						</coordinates>
					</LineString>
				</MultiGeometry>
			</Placemark>
			<Placemark id="ID_20021">
				<name>0</name>
				<Snippet maxLines="0"></Snippet>
				<description><![CDATA[<html xmlns:fo="http://www.w3.org/1999/XSL/Format" xmlns:msxsl="urn:schemas-microsoft-com:xslt">

<head>

<META http-equiv="Content-Type" content="text/html">

<meta http-equiv="content-type" content="text/html; charset=UTF-8">

</head>

<body style="margin:0px 0px 0px 0px;overflow:auto;background:#FFFFFF;">

<table style="font-family:Arial,Verdana,Times;font-size:12px;text-align:left;width:100%;border-collapse:collapse;padding:3px 3px 3px 3px">

<tr style="text-align:center;font-weight:bold;background:#9CBCE2">

<td>0</td>

</tr>

<tr>

<td>

<table style="font-family:Arial,Verdana,Times;font-size:12px;text-align:left;width:100%;border-spacing:0px; padding:3px 3px 3px 3px">

<tr>

<td>FID</td>

<td>21</td>

</tr>

<tr bgcolor="#D4E4F3">

<td>Id</td>

<td>0</td>

</tr>

<tr>

<td>Titik_Awal</td>

<td>ODP Kecamatan Weru</td>

</tr>

<tr bgcolor="#D4E4F3">

<td>Titik_Akhr</td>

<td>Puskesmas Weru</td>

</tr>

<tr>

<td>Jarak</td>

<td>145</td>

</tr>

<tr bgcolor="#D4E4F3">

<td>Jenis</td>

<td>Drop Core</td>

</tr>

</table>

</td>

</tr>

</table>

</body>

</html>]]></description>
				<styleUrl>#m_ylw-pushpin37</styleUrl>
				<MultiGeometry>
					<LineString>
						<coordinates>
							110.7589208,-7.759399500000006,0 110.7589297679206,-7.759231035682422,0 110.759595178998,-7.759428869678681,0 110.759874380081,-7.759496615017626,0 110.7599912640001,-7.759376909999961,0 
						</coordinates>
					</LineString>
				</MultiGeometry>
			</Placemark>
			<Placemark id="ID_20022">
				<name>0</name>
				<Snippet maxLines="0"></Snippet>
				<description><![CDATA[<html xmlns:fo="http://www.w3.org/1999/XSL/Format" xmlns:msxsl="urn:schemas-microsoft-com:xslt">

<head>

<META http-equiv="Content-Type" content="text/html">

<meta http-equiv="content-type" content="text/html; charset=UTF-8">

</head>

<body style="margin:0px 0px 0px 0px;overflow:auto;background:#FFFFFF;">

<table style="font-family:Arial,Verdana,Times;font-size:12px;text-align:left;width:100%;border-collapse:collapse;padding:3px 3px 3px 3px">

<tr style="text-align:center;font-weight:bold;background:#9CBCE2">

<td>0</td>

</tr>

<tr>

<td>

<table style="font-family:Arial,Verdana,Times;font-size:12px;text-align:left;width:100%;border-spacing:0px; padding:3px 3px 3px 3px">

<tr>

<td>FID</td>

<td>22</td>

</tr>

<tr bgcolor="#D4E4F3">

<td>Id</td>

<td>0</td>

</tr>

<tr>

<td>Titik_Awal</td>

<td>ODP Kecamatan Weru</td>

</tr>

<tr bgcolor="#D4E4F3">

<td>Titik_Akhr</td>

<td>Pasar Tawang Weru</td>

</tr>

<tr>

<td>Jarak</td>

<td>56</td>

</tr>

<tr bgcolor="#D4E4F3">

<td>Jenis</td>

<td>Drop Core</td>

</tr>

</table>

</td>

</tr>

</table>

</body>

</html>]]></description>
				<styleUrl>#m_ylw-pushpin37</styleUrl>
				<MultiGeometry>
					<LineString>
						<coordinates>
							110.7597153727977,-7.759072397875434,0 110.7597925239647,-7.759057372576226,0 110.7598598990017,-7.759040042014728,0 110.7599912640001,-7.759376909999961,0 
						</coordinates>
					</LineString>
				</MultiGeometry>
			</Placemark>
			<Placemark id="ID_20023">
				<name>0</name>
				<Snippet maxLines="0"></Snippet>
				<description><![CDATA[<html xmlns:fo="http://www.w3.org/1999/XSL/Format" xmlns:msxsl="urn:schemas-microsoft-com:xslt">

<head>

<META http-equiv="Content-Type" content="text/html">

<meta http-equiv="content-type" content="text/html; charset=UTF-8">

</head>

<body style="margin:0px 0px 0px 0px;overflow:auto;background:#FFFFFF;">

<table style="font-family:Arial,Verdana,Times;font-size:12px;text-align:left;width:100%;border-collapse:collapse;padding:3px 3px 3px 3px">

<tr style="text-align:center;font-weight:bold;background:#9CBCE2">

<td>0</td>

</tr>

<tr>

<td>

<table style="font-family:Arial,Verdana,Times;font-size:12px;text-align:left;width:100%;border-spacing:0px; padding:3px 3px 3px 3px">

<tr>

<td>FID</td>

<td>23</td>

</tr>

<tr bgcolor="#D4E4F3">

<td>Id</td>

<td>0</td>

</tr>

<tr>

<td>Titik_Awal</td>

<td>ODP Taman Wijaya Kusuma</td>

</tr>

<tr bgcolor="#D4E4F3">

<td>Titik_Akhr</td>

<td>Taman Sonorejo</td>

</tr>

<tr>

<td>Jarak</td>

<td>92</td>

</tr>

<tr bgcolor="#D4E4F3">

<td>Jenis</td>

<td>Drop Core</td>

</tr>

</table>

</td>

</tr>

</table>

</body>

</html>]]></description>
				<styleUrl>#m_ylw-pushpin37</styleUrl>
				<MultiGeometry>
					<LineString>
						<coordinates>
							110.7985699,-7.649478499999983,0 110.7986322382725,-7.649482581413799,0 110.798686000043,-7.649179999748091,0 110.798753195836,-7.648804823108825,0 110.7986800000001,-7.648759999999981,0 
						</coordinates>
					</LineString>
				</MultiGeometry>
			</Placemark>
			<Placemark id="ID_20024">
				<name>0</name>
				<Snippet maxLines="0"></Snippet>
				<description><![CDATA[<html xmlns:fo="http://www.w3.org/1999/XSL/Format" xmlns:msxsl="urn:schemas-microsoft-com:xslt">

<head>

<META http-equiv="Content-Type" content="text/html">

<meta http-equiv="content-type" content="text/html; charset=UTF-8">

</head>

<body style="margin:0px 0px 0px 0px;overflow:auto;background:#FFFFFF;">

<table style="font-family:Arial,Verdana,Times;font-size:12px;text-align:left;width:100%;border-collapse:collapse;padding:3px 3px 3px 3px">

<tr style="text-align:center;font-weight:bold;background:#9CBCE2">

<td>0</td>

</tr>

<tr>

<td>

<table style="font-family:Arial,Verdana,Times;font-size:12px;text-align:left;width:100%;border-spacing:0px; padding:3px 3px 3px 3px">

<tr>

<td>FID</td>

<td>24</td>

</tr>

<tr bgcolor="#D4E4F3">

<td>Id</td>

<td>0</td>

</tr>

<tr>

<td>Titik_Awal</td>

<td>ODP Kecamatan Bulu</td>

</tr>

<tr bgcolor="#D4E4F3">

<td>Titik_Akhr</td>

<td>Puskesmas Bulu</td>

</tr>

<tr>

<td>Jarak</td>

<td>65</td>

</tr>

<tr bgcolor="#D4E4F3">

<td>Jenis</td>

<td>Drop Core</td>

</tr>

</table>

</td>

</tr>

</table>

</body>

</html>]]></description>
				<styleUrl>#m_ylw-pushpin37</styleUrl>
				<MultiGeometry>
					<LineString>
						<coordinates>
							110.8328163,-7.765468199999981,0 110.8329347283915,-7.765538549580262,0 110.8330952381586,-7.765199968732816,0 110.8330338740001,-7.765162797999951,0 
						</coordinates>
					</LineString>
				</MultiGeometry>
			</Placemark>
			<Placemark id="ID_20025">
				<name>0</name>
				<Snippet maxLines="0"></Snippet>
				<description><![CDATA[<html xmlns:fo="http://www.w3.org/1999/XSL/Format" xmlns:msxsl="urn:schemas-microsoft-com:xslt">

<head>

<META http-equiv="Content-Type" content="text/html">

<meta http-equiv="content-type" content="text/html; charset=UTF-8">

</head>

<body style="margin:0px 0px 0px 0px;overflow:auto;background:#FFFFFF;">

<table style="font-family:Arial,Verdana,Times;font-size:12px;text-align:left;width:100%;border-collapse:collapse;padding:3px 3px 3px 3px">

<tr style="text-align:center;font-weight:bold;background:#9CBCE2">

<td>0</td>

</tr>

<tr>

<td>

<table style="font-family:Arial,Verdana,Times;font-size:12px;text-align:left;width:100%;border-spacing:0px; padding:3px 3px 3px 3px">

<tr>

<td>FID</td>

<td>25</td>

</tr>

<tr bgcolor="#D4E4F3">

<td>Id</td>

<td>0</td>

</tr>

<tr>

<td>Titik_Awal</td>

<td>ODP Kecamatan Bulu</td>

</tr>

<tr bgcolor="#D4E4F3">

<td>Titik_Akhr</td>

<td>Pasar Bulu</td>

</tr>

<tr>

<td>Jarak</td>

<td>49</td>

</tr>

<tr bgcolor="#D4E4F3">

<td>Jenis</td>

<td>Drop Core</td>

</tr>

</table>

</td>

</tr>

</table>

</body>

</html>]]></description>
				<styleUrl>#m_ylw-pushpin37</styleUrl>
				<MultiGeometry>
					<LineString>
						<coordinates>
							110.8333523,-7.765469400000008,0 110.8330952381586,-7.765199968732816,0 110.8330338740001,-7.765162797999951,0 
						</coordinates>
					</LineString>
				</MultiGeometry>
			</Placemark>
			<Placemark id="ID_20032">
				<name>0</name>
				<Snippet maxLines="0"></Snippet>
				<description><![CDATA[<html xmlns:fo="http://www.w3.org/1999/XSL/Format" xmlns:msxsl="urn:schemas-microsoft-com:xslt">

<head>

<META http-equiv="Content-Type" content="text/html">

<meta http-equiv="content-type" content="text/html; charset=UTF-8">

</head>

<body style="margin:0px 0px 0px 0px;overflow:auto;background:#FFFFFF;">

<table style="font-family:Arial,Verdana,Times;font-size:12px;text-align:left;width:100%;border-collapse:collapse;padding:3px 3px 3px 3px">

<tr style="text-align:center;font-weight:bold;background:#9CBCE2">

<td>0</td>

</tr>

<tr>

<td>

<table style="font-family:Arial,Verdana,Times;font-size:12px;text-align:left;width:100%;border-spacing:0px; padding:3px 3px 3px 3px">

<tr>

<td>FID</td>

<td>32</td>

</tr>

<tr bgcolor="#D4E4F3">

<td>Id</td>

<td>0</td>

</tr>

<tr>

<td>Titik_Awal</td>

<td>ODP Kelurahan Begajah</td>

</tr>

<tr bgcolor="#D4E4F3">

<td>Titik_Akhr</td>

<td>Kantor Kelurahan Begajah</td>

</tr>

<tr>

<td>Jarak</td>

<td>29</td>

</tr>

<tr bgcolor="#D4E4F3">

<td>Jenis</td>

<td>Drop Core</td>

</tr>

</table>

</td>

</tr>

</table>

</body>

</html>]]></description>
				<styleUrl>#m_ylw-pushpin37</styleUrl>
				<MultiGeometry>
					<LineString>
						<coordinates>
							110.8544292,-7.703835999999999,0 110.8546944230001,-7.70384793899996,0 
						</coordinates>
					</LineString>
				</MultiGeometry>
			</Placemark>
			<Placemark id="ID_20033">
				<name>0</name>
				<Snippet maxLines="0"></Snippet>
				<description><![CDATA[<html xmlns:fo="http://www.w3.org/1999/XSL/Format" xmlns:msxsl="urn:schemas-microsoft-com:xslt">

<head>

<META http-equiv="Content-Type" content="text/html">

<meta http-equiv="content-type" content="text/html; charset=UTF-8">

</head>

<body style="margin:0px 0px 0px 0px;overflow:auto;background:#FFFFFF;">

<table style="font-family:Arial,Verdana,Times;font-size:12px;text-align:left;width:100%;border-collapse:collapse;padding:3px 3px 3px 3px">

<tr style="text-align:center;font-weight:bold;background:#9CBCE2">

<td>0</td>

</tr>

<tr>

<td>

<table style="font-family:Arial,Verdana,Times;font-size:12px;text-align:left;width:100%;border-spacing:0px; padding:3px 3px 3px 3px">

<tr>

<td>FID</td>

<td>33</td>

</tr>

<tr bgcolor="#D4E4F3">

<td>Id</td>

<td>0</td>

</tr>

<tr>

<td>Titik_Awal</td>

<td>ODP Kelurahan Begajah</td>

</tr>

<tr bgcolor="#D4E4F3">

<td>Titik_Akhr</td>

<td>CCTV Begajah</td>

</tr>

<tr>

<td>Jarak</td>

<td>262</td>

</tr>

<tr bgcolor="#D4E4F3">

<td>Jenis</td>

<td>Drop Core</td>

</tr>

</table>

</td>

</tr>

</table>

</body>

</html>]]></description>
				<styleUrl>#m_ylw-pushpin37</styleUrl>
				<MultiGeometry>
					<LineString>
						<coordinates>
							110.853394,-7.701862999999999,0 110.8546944230001,-7.70384793899996,0 
						</coordinates>
					</LineString>
				</MultiGeometry>
			</Placemark>
			<Placemark id="ID_20035">
				<name>0</name>
				<Snippet maxLines="0"></Snippet>
				<description><![CDATA[<html xmlns:fo="http://www.w3.org/1999/XSL/Format" xmlns:msxsl="urn:schemas-microsoft-com:xslt">

<head>

<META http-equiv="Content-Type" content="text/html">

<meta http-equiv="content-type" content="text/html; charset=UTF-8">

</head>

<body style="margin:0px 0px 0px 0px;overflow:auto;background:#FFFFFF;">

<table style="font-family:Arial,Verdana,Times;font-size:12px;text-align:left;width:100%;border-collapse:collapse;padding:3px 3px 3px 3px">

<tr style="text-align:center;font-weight:bold;background:#9CBCE2">

<td>0</td>

</tr>

<tr>

<td>

<table style="font-family:Arial,Verdana,Times;font-size:12px;text-align:left;width:100%;border-spacing:0px; padding:3px 3px 3px 3px">

<tr>

<td>FID</td>

<td>35</td>

</tr>

<tr bgcolor="#D4E4F3">

<td>Id</td>

<td>0</td>

</tr>

<tr>

<td>Titik_Awal</td>

<td>ODP Mandan</td>

</tr>

<tr bgcolor="#D4E4F3">

<td>Titik_Akhr</td>

<td>CCTV Mandan</td>

</tr>

<tr>

<td>Jarak</td>

<td>24</td>

</tr>

<tr bgcolor="#D4E4F3">

<td>Jenis</td>

<td>Drop Core</td>

</tr>

</table>

</td>

</tr>

</table>

</body>

</html>]]></description>
				<styleUrl>#m_ylw-pushpin37</styleUrl>
				<MultiGeometry>
					<LineString>
						<coordinates>
							110.839266799626,-7.693509939925518,0 110.8392642789785,-7.693509260854547,0 110.8392581723888,-7.693531817345994,0 110.8392445690508,-7.693560251775685,0 110.8390870012971,-7.693544167694721,0 
						</coordinates>
					</LineString>
				</MultiGeometry>
			</Placemark>
			<Placemark id="ID_20036">
				<name>0</name>
				<Snippet maxLines="0"></Snippet>
				<description><![CDATA[<html xmlns:fo="http://www.w3.org/1999/XSL/Format" xmlns:msxsl="urn:schemas-microsoft-com:xslt">

<head>

<META http-equiv="Content-Type" content="text/html">

<meta http-equiv="content-type" content="text/html; charset=UTF-8">

</head>

<body style="margin:0px 0px 0px 0px;overflow:auto;background:#FFFFFF;">

<table style="font-family:Arial,Verdana,Times;font-size:12px;text-align:left;width:100%;border-collapse:collapse;padding:3px 3px 3px 3px">

<tr style="text-align:center;font-weight:bold;background:#9CBCE2">

<td>0</td>

</tr>

<tr>

<td>

<table style="font-family:Arial,Verdana,Times;font-size:12px;text-align:left;width:100%;border-spacing:0px; padding:3px 3px 3px 3px">

<tr>

<td>FID</td>

<td>36</td>

</tr>

<tr bgcolor="#D4E4F3">

<td>Id</td>

<td>0</td>

</tr>

<tr>

<td>Titik_Awal</td>

<td>ODP Mandan</td>

</tr>

<tr bgcolor="#D4E4F3">

<td>Titik_Akhr</td>

<td>Kantor Kelurahan Joho</td>

</tr>

<tr>

<td>Jarak</td>

<td>347</td>

</tr>

<tr bgcolor="#D4E4F3">

<td>Jenis</td>

<td>Drop Core</td>

</tr>

</table>

</td>

</tr>

</table>

</body>

</html>]]></description>
				<styleUrl>#m_ylw-pushpin37</styleUrl>
				<MultiGeometry>
					<LineString>
						<coordinates>
							110.8400541052263,-7.690557131256301,0 110.8399764709726,-7.690796917255044,0 110.8397964161576,-7.691353044651746,0 110.839357749306,-7.692707929030482,0 110.8390870012971,-7.693544167694721,0 
						</coordinates>
					</LineString>
				</MultiGeometry>
			</Placemark>
			<Placemark id="ID_20038">
				<name>0</name>
				<Snippet maxLines="0"></Snippet>
				<description><![CDATA[<html xmlns:fo="http://www.w3.org/1999/XSL/Format" xmlns:msxsl="urn:schemas-microsoft-com:xslt">

<head>

<META http-equiv="Content-Type" content="text/html">

<meta http-equiv="content-type" content="text/html; charset=UTF-8">

</head>

<body style="margin:0px 0px 0px 0px;overflow:auto;background:#FFFFFF;">

<table style="font-family:Arial,Verdana,Times;font-size:12px;text-align:left;width:100%;border-collapse:collapse;padding:3px 3px 3px 3px">

<tr style="text-align:center;font-weight:bold;background:#9CBCE2">

<td>0</td>

</tr>

<tr>

<td>

<table style="font-family:Arial,Verdana,Times;font-size:12px;text-align:left;width:100%;border-spacing:0px; padding:3px 3px 3px 3px">

<tr>

<td>FID</td>

<td>38</td>

</tr>

<tr bgcolor="#D4E4F3">

<td>Id</td>

<td>0</td>

</tr>

<tr>

<td>Titik_Awal</td>

<td>ODP Kelurahan Combongan</td>

</tr>

<tr bgcolor="#D4E4F3">

<td>Titik_Akhr</td>

<td>Kantor Kelurahan Combongan</td>

</tr>

<tr>

<td>Jarak</td>

<td>446</td>

</tr>

<tr bgcolor="#D4E4F3">

<td>Jenis</td>

<td>Drop Core</td>

</tr>

</table>

</td>

</tr>

</table>

</body>

</html>]]></description>
				<styleUrl>#m_ylw-pushpin37</styleUrl>
				<MultiGeometry>
					<LineString>
						<coordinates>
							110.8149831,-7.687566199999999,0 110.8150576388442,-7.687320028844328,0 110.8147367144887,-7.687223326446842,0 110.8144752930906,-7.687137752152471,0 110.8141729933984,-7.687038795980113,0 110.81381075636,-7.686957266273715,0 110.8133326454534,-7.68684338663399,0 110.8129036840123,-7.686775401047385,0 110.8125228395678,-7.686727368116748,0 110.8113553768977,-7.686589970937689,0 
						</coordinates>
					</LineString>
				</MultiGeometry>
			</Placemark>
			<Placemark id="ID_20058">
				<name>0</name>
				<Snippet maxLines="0"></Snippet>
				<description><![CDATA[<html xmlns:fo="http://www.w3.org/1999/XSL/Format" xmlns:msxsl="urn:schemas-microsoft-com:xslt">

<head>

<META http-equiv="Content-Type" content="text/html">

<meta http-equiv="content-type" content="text/html; charset=UTF-8">

</head>

<body style="margin:0px 0px 0px 0px;overflow:auto;background:#FFFFFF;">

<table style="font-family:Arial,Verdana,Times;font-size:12px;text-align:left;width:100%;border-collapse:collapse;padding:3px 3px 3px 3px">

<tr style="text-align:center;font-weight:bold;background:#9CBCE2">

<td>0</td>

</tr>

<tr>

<td>

<table style="font-family:Arial,Verdana,Times;font-size:12px;text-align:left;width:100%;border-spacing:0px; padding:3px 3px 3px 3px">

<tr>

<td>FID</td>

<td>58</td>

</tr>

<tr bgcolor="#D4E4F3">

<td>Id</td>

<td>0</td>

</tr>

<tr>

<td>Titik_Awal</td>

<td>ODP Taman Pakujoyo</td>

</tr>

<tr bgcolor="#D4E4F3">

<td>Titik_Akhr</td>

<td>Taman Pakujoyo</td>

</tr>

<tr>

<td>Jarak</td>

<td>24</td>

</tr>

<tr bgcolor="#D4E4F3">

<td>Jenis</td>

<td>Drop Core</td>

</tr>

</table>

</td>

</tr>

</table>

</body>

</html>]]></description>
				<styleUrl>#m_ylw-pushpin37</styleUrl>
				<MultiGeometry>
					<LineString>
						<coordinates>
							110.8491235,-7.688724100000001,0 110.8489055806646,-7.688710523381889,0 
						</coordinates>
					</LineString>
				</MultiGeometry>
			</Placemark>
			<Placemark id="ID_20059">
				<name>0</name>
				<Snippet maxLines="0"></Snippet>
				<description><![CDATA[<html xmlns:fo="http://www.w3.org/1999/XSL/Format" xmlns:msxsl="urn:schemas-microsoft-com:xslt">

<head>

<META http-equiv="Content-Type" content="text/html">

<meta http-equiv="content-type" content="text/html; charset=UTF-8">

</head>

<body style="margin:0px 0px 0px 0px;overflow:auto;background:#FFFFFF;">

<table style="font-family:Arial,Verdana,Times;font-size:12px;text-align:left;width:100%;border-collapse:collapse;padding:3px 3px 3px 3px">

<tr style="text-align:center;font-weight:bold;background:#9CBCE2">

<td>0</td>

</tr>

<tr>

<td>

<table style="font-family:Arial,Verdana,Times;font-size:12px;text-align:left;width:100%;border-spacing:0px; padding:3px 3px 3px 3px">

<tr>

<td>FID</td>

<td>59</td>

</tr>

<tr bgcolor="#D4E4F3">

<td>Id</td>

<td>0</td>

</tr>

<tr>

<td>Titik_Awal</td>

<td>ODP Taman Pakujoyo</td>

</tr>

<tr bgcolor="#D4E4F3">

<td>Titik_Akhr</td>

<td>Rumah Dinas Wabup</td>

</tr>

<tr>

<td>Jarak</td>

<td>242</td>

</tr>

<tr bgcolor="#D4E4F3">

<td>Jenis</td>

<td>Drop Core</td>

</tr>

</table>

</td>

</tr>

</table>

</body>

</html>]]></description>
				<styleUrl>#m_ylw-pushpin37</styleUrl>
				<MultiGeometry>
					<LineString>
						<coordinates>
							110.849224854974,-7.690723743499532,0 110.8490810341953,-7.690746198208397,0 110.8490523607814,-7.690415907938957,0 110.8490188975172,-7.690061682631208,0 110.8489055806646,-7.688710523381889,0 
						</coordinates>
					</LineString>
				</MultiGeometry>
			</Placemark>
			<Placemark id="ID_20060">
				<name>0</name>
				<Snippet maxLines="0"></Snippet>
				<description><![CDATA[<html xmlns:fo="http://www.w3.org/1999/XSL/Format" xmlns:msxsl="urn:schemas-microsoft-com:xslt">

<head>

<META http-equiv="Content-Type" content="text/html">

<meta http-equiv="content-type" content="text/html; charset=UTF-8">

</head>

<body style="margin:0px 0px 0px 0px;overflow:auto;background:#FFFFFF;">

<table style="font-family:Arial,Verdana,Times;font-size:12px;text-align:left;width:100%;border-collapse:collapse;padding:3px 3px 3px 3px">

<tr style="text-align:center;font-weight:bold;background:#9CBCE2">

<td>0</td>

</tr>

<tr>

<td>

<table style="font-family:Arial,Verdana,Times;font-size:12px;text-align:left;width:100%;border-spacing:0px; padding:3px 3px 3px 3px">

<tr>

<td>FID</td>

<td>60</td>

</tr>

<tr bgcolor="#D4E4F3">

<td>Id</td>

<td>0</td>

</tr>

<tr>

<td>Titik_Awal</td>

<td>ODP Taman Pakujoyo</td>

</tr>

<tr bgcolor="#D4E4F3">

<td>Titik_Akhr</td>

<td>Rumah Ketua Dewan</td>

</tr>

<tr>

<td>Jarak</td>

<td>165</td>

</tr>

<tr bgcolor="#D4E4F3">

<td>Jenis</td>

<td>Drop Core</td>

</tr>

</table>

</td>

</tr>

</table>

</body>

</html>]]></description>
				<styleUrl>#m_ylw-pushpin37</styleUrl>
				<MultiGeometry>
					<LineString>
						<coordinates>
							110.849157800105,-7.69003525458487,0 110.8490188975172,-7.690061682631208,0 110.848947223575,-7.689209630234297,0 110.8489055806646,-7.688710523381889,0 
						</coordinates>
					</LineString>
				</MultiGeometry>
			</Placemark>
			<Placemark id="ID_20063">
				<name>0</name>
				<Snippet maxLines="0"></Snippet>
				<description><![CDATA[<html xmlns:fo="http://www.w3.org/1999/XSL/Format" xmlns:msxsl="urn:schemas-microsoft-com:xslt">

<head>

<META http-equiv="Content-Type" content="text/html">

<meta http-equiv="content-type" content="text/html; charset=UTF-8">

</head>

<body style="margin:0px 0px 0px 0px;overflow:auto;background:#FFFFFF;">

<table style="font-family:Arial,Verdana,Times;font-size:12px;text-align:left;width:100%;border-collapse:collapse;padding:3px 3px 3px 3px">

<tr style="text-align:center;font-weight:bold;background:#9CBCE2">

<td>0</td>

</tr>

<tr>

<td>

<table style="font-family:Arial,Verdana,Times;font-size:12px;text-align:left;width:100%;border-spacing:0px; padding:3px 3px 3px 3px">

<tr>

<td>FID</td>

<td>63</td>

</tr>

<tr bgcolor="#D4E4F3">

<td>Id</td>

<td>0</td>

</tr>

<tr>

<td>Titik_Awal</td>

<td>ODP Kelurahan Kenep</td>

</tr>

<tr bgcolor="#D4E4F3">

<td>Titik_Akhr</td>

<td>Kantor Kelurahan Kenep</td>

</tr>

<tr>

<td>Jarak</td>

<td>30</td>

</tr>

<tr bgcolor="#D4E4F3">

<td>Jenis</td>

<td>Drop Core</td>

</tr>

</table>

</td>

</tr>

</table>

</body>

</html>]]></description>
				<styleUrl>#m_ylw-pushpin37</styleUrl>
				<MultiGeometry>
					<LineString>
						<coordinates>
							110.8082188,-7.699693900000005,0 110.80794716761,-7.69966995445801,0 
						</coordinates>
					</LineString>
				</MultiGeometry>
			</Placemark>
			<Placemark id="ID_20066">
				<name>0</name>
				<Snippet maxLines="0"></Snippet>
				<description><![CDATA[<html xmlns:fo="http://www.w3.org/1999/XSL/Format" xmlns:msxsl="urn:schemas-microsoft-com:xslt">

<head>

<META http-equiv="Content-Type" content="text/html">

<meta http-equiv="content-type" content="text/html; charset=UTF-8">

</head>

<body style="margin:0px 0px 0px 0px;overflow:auto;background:#FFFFFF;">

<table style="font-family:Arial,Verdana,Times;font-size:12px;text-align:left;width:100%;border-collapse:collapse;padding:3px 3px 3px 3px">

<tr style="text-align:center;font-weight:bold;background:#9CBCE2">

<td>0</td>

</tr>

<tr>

<td>

<table style="font-family:Arial,Verdana,Times;font-size:12px;text-align:left;width:100%;border-spacing:0px; padding:3px 3px 3px 3px">

<tr>

<td>FID</td>

<td>66</td>

</tr>

<tr bgcolor="#D4E4F3">

<td>Id</td>

<td>0</td>

</tr>

<tr>

<td>Titik_Awal</td>

<td>ODP Banmati</td>

</tr>

<tr bgcolor="#D4E4F3">

<td>Titik_Akhr</td>

<td>Kantor Kelurahan Banmati</td>

</tr>

<tr>

<td>Jarak</td>

<td>57</td>

</tr>

<tr bgcolor="#D4E4F3">

<td>Jenis</td>

<td>Drop Core</td>

</tr>

</table>

</td>

</tr>

</table>

</body>

</html>]]></description>
				<styleUrl>#m_ylw-pushpin37</styleUrl>
				<MultiGeometry>
					<LineString>
						<coordinates>
							110.8162892,-7.710553799999986,0 110.816720298845,-7.71083126018624,0 
						</coordinates>
					</LineString>
				</MultiGeometry>
			</Placemark>
			<Placemark id="ID_20067">
				<name>0</name>
				<Snippet maxLines="0"></Snippet>
				<description><![CDATA[<html xmlns:fo="http://www.w3.org/1999/XSL/Format" xmlns:msxsl="urn:schemas-microsoft-com:xslt">

<head>

<META http-equiv="Content-Type" content="text/html">

<meta http-equiv="content-type" content="text/html; charset=UTF-8">

</head>

<body style="margin:0px 0px 0px 0px;overflow:auto;background:#FFFFFF;">

<table style="font-family:Arial,Verdana,Times;font-size:12px;text-align:left;width:100%;border-collapse:collapse;padding:3px 3px 3px 3px">

<tr style="text-align:center;font-weight:bold;background:#9CBCE2">

<td>0</td>

</tr>

<tr>

<td>

<table style="font-family:Arial,Verdana,Times;font-size:12px;text-align:left;width:100%;border-spacing:0px; padding:3px 3px 3px 3px">

<tr>

<td>FID</td>

<td>67</td>

</tr>

<tr bgcolor="#D4E4F3">

<td>Id</td>

<td>0</td>

</tr>

<tr>

<td>Titik_Awal</td>

<td>ODP Kecamatan Tawangsari</td>

</tr>

<tr bgcolor="#D4E4F3">

<td>Titik_Akhr</td>

<td>Pasar Tawangsari</td>

</tr>

<tr>

<td>Jarak</td>

<td>242</td>

</tr>

<tr bgcolor="#D4E4F3">

<td>Jenis</td>

<td>Drop Core</td>

</tr>

</table>

</td>

</tr>

</table>

</body>

</html>]]></description>
				<styleUrl>#m_ylw-pushpin37</styleUrl>
				<MultiGeometry>
					<LineString>
						<coordinates>
							110.7956178431733,-7.735966474893337,0 110.7956338535601,-7.735604633652936,0 110.7960846805633,-7.735546004652989,0 110.7960868295634,-7.735397382653048,0 110.7967409465679,-7.735372487653191,0 110.7969572275695,-7.735292278653223,0 110.7970823165704,-7.735005490653277,0 110.7971098985706,-7.735001308653303,0 
						</coordinates>
					</LineString>
				</MultiGeometry>
			</Placemark>
			<Placemark id="ID_20070">
				<name>0</name>
				<Snippet maxLines="0"></Snippet>
				<description><![CDATA[<html xmlns:fo="http://www.w3.org/1999/XSL/Format" xmlns:msxsl="urn:schemas-microsoft-com:xslt">

<head>

<META http-equiv="Content-Type" content="text/html">

<meta http-equiv="content-type" content="text/html; charset=UTF-8">

</head>

<body style="margin:0px 0px 0px 0px;overflow:auto;background:#FFFFFF;">

<table style="font-family:Arial,Verdana,Times;font-size:12px;text-align:left;width:100%;border-collapse:collapse;padding:3px 3px 3px 3px">

<tr style="text-align:center;font-weight:bold;background:#9CBCE2">

<td>0</td>

</tr>

<tr>

<td>

<table style="font-family:Arial,Verdana,Times;font-size:12px;text-align:left;width:100%;border-spacing:0px; padding:3px 3px 3px 3px">

<tr>

<td>FID</td>

<td>70</td>

</tr>

<tr bgcolor="#D4E4F3">

<td>Id</td>

<td>0</td>

</tr>

<tr>

<td>Titik_Awal</td>

<td>ODP DPRD</td>

</tr>

<tr bgcolor="#D4E4F3">

<td>Titik_Akhr</td>

<td>Kantor Kelurahan Mandan</td>

</tr>

<tr>

<td>Jarak</td>

<td>17</td>

</tr>

<tr bgcolor="#D4E4F3">

<td>Jenis</td>

<td>Drop Core</td>

</tr>

</table>

</td>

</tr>

</table>

</body>

</html>]]></description>
				<styleUrl>#m_ylw-pushpin37</styleUrl>
				<MultiGeometry>
					<LineString>
						<coordinates>
							110.8361359,-7.703982900000003,0 110.8362716030664,-7.704052125079962,0 
						</coordinates>
					</LineString>
				</MultiGeometry>
			</Placemark>
			<Placemark id="ID_20071">
				<name>0</name>
				<Snippet maxLines="0"></Snippet>
				<description><![CDATA[<html xmlns:fo="http://www.w3.org/1999/XSL/Format" xmlns:msxsl="urn:schemas-microsoft-com:xslt">

<head>

<META http-equiv="Content-Type" content="text/html">

<meta http-equiv="content-type" content="text/html; charset=UTF-8">

</head>

<body style="margin:0px 0px 0px 0px;overflow:auto;background:#FFFFFF;">

<table style="font-family:Arial,Verdana,Times;font-size:12px;text-align:left;width:100%;border-collapse:collapse;padding:3px 3px 3px 3px">

<tr style="text-align:center;font-weight:bold;background:#9CBCE2">

<td>0</td>

</tr>

<tr>

<td>

<table style="font-family:Arial,Verdana,Times;font-size:12px;text-align:left;width:100%;border-spacing:0px; padding:3px 3px 3px 3px">

<tr>

<td>FID</td>

<td>71</td>

</tr>

<tr bgcolor="#D4E4F3">

<td>Id</td>

<td>0</td>

</tr>

<tr>

<td>Titik_Awal</td>

<td>ODP Terminal Sukoharjo</td>

</tr>

<tr bgcolor="#D4E4F3">

<td>Titik_Akhr</td>

<td>CCTV Terminal Sukoharjo</td>

</tr>

<tr>

<td>Jarak</td>

<td>82</td>

</tr>

<tr bgcolor="#D4E4F3">

<td>Jenis</td>

<td>Drop Core</td>

</tr>

</table>

</td>

</tr>

</table>

</body>

</html>]]></description>
				<styleUrl>#m_ylw-pushpin37</styleUrl>
				<MultiGeometry>
					<LineString>
						<coordinates>
							110.848802,-7.694675000000008,0 110.8484136947727,-7.694041433239559,0 
						</coordinates>
					</LineString>
				</MultiGeometry>
			</Placemark>
			<Placemark id="ID_20073">
				<name>0</name>
				<Snippet maxLines="0"></Snippet>
				<description><![CDATA[<html xmlns:fo="http://www.w3.org/1999/XSL/Format" xmlns:msxsl="urn:schemas-microsoft-com:xslt">

<head>

<META http-equiv="Content-Type" content="text/html">

<meta http-equiv="content-type" content="text/html; charset=UTF-8">

</head>

<body style="margin:0px 0px 0px 0px;overflow:auto;background:#FFFFFF;">

<table style="font-family:Arial,Verdana,Times;font-size:12px;text-align:left;width:100%;border-collapse:collapse;padding:3px 3px 3px 3px">

<tr style="text-align:center;font-weight:bold;background:#9CBCE2">

<td>0</td>

</tr>

<tr>

<td>

<table style="font-family:Arial,Verdana,Times;font-size:12px;text-align:left;width:100%;border-spacing:0px; padding:3px 3px 3px 3px">

<tr>

<td>FID</td>

<td>73</td>

</tr>

<tr bgcolor="#D4E4F3">

<td>Id</td>

<td>0</td>

</tr>

<tr>

<td>Titik_Awal</td>

<td>ODP Songgorunggi</td>

</tr>

<tr bgcolor="#D4E4F3">

<td>Titik_Akhr</td>

<td>CCTV Songgorunggi</td>

</tr>

<tr>

<td>Jarak</td>

<td>24</td>

</tr>

<tr bgcolor="#D4E4F3">

<td>Jenis</td>

<td>Drop Core</td>

</tr>

</table>

</td>

</tr>

</table>

</body>

</html>]]></description>
				<styleUrl>#m_ylw-pushpin37</styleUrl>
				<MultiGeometry>
					<LineString>
						<coordinates>
							110.865373,-7.722532999999995,0 110.8652335833903,-7.722364079560803,0 
						</coordinates>
					</LineString>
				</MultiGeometry>
			</Placemark>
			<Placemark id="ID_20075">
				<name>0</name>
				<Snippet maxLines="0"></Snippet>
				<description><![CDATA[<html xmlns:fo="http://www.w3.org/1999/XSL/Format" xmlns:msxsl="urn:schemas-microsoft-com:xslt">

<head>

<META http-equiv="Content-Type" content="text/html">

<meta http-equiv="content-type" content="text/html; charset=UTF-8">

</head>

<body style="margin:0px 0px 0px 0px;overflow:auto;background:#FFFFFF;">

<table style="font-family:Arial,Verdana,Times;font-size:12px;text-align:left;width:100%;border-collapse:collapse;padding:3px 3px 3px 3px">

<tr style="text-align:center;font-weight:bold;background:#9CBCE2">

<td>0</td>

</tr>

<tr>

<td>

<table style="font-family:Arial,Verdana,Times;font-size:12px;text-align:left;width:100%;border-spacing:0px; padding:3px 3px 3px 3px">

<tr>

<td>FID</td>

<td>75</td>

</tr>

<tr bgcolor="#D4E4F3">

<td>Id</td>

<td>0</td>

</tr>

<tr>

<td>Titik_Awal</td>

<td>ODP Pasar Cuplik</td>

</tr>

<tr bgcolor="#D4E4F3">

<td>Titik_Akhr</td>

<td>Pasar Cuplik</td>

</tr>

<tr>

<td>Jarak</td>

<td>378</td>

</tr>

<tr bgcolor="#D4E4F3">

<td>Jenis</td>

<td>Drop Core</td>

</tr>

</table>

</td>

</tr>

</table>

</body>

</html>]]></description>
				<styleUrl>#m_ylw-pushpin37</styleUrl>
				<MultiGeometry>
					<LineString>
						<coordinates>
							110.7949563776695,-7.675373834321,0 110.7948773990001,-7.675470213999956,0 110.7960355667975,-7.676212012933529,0 110.7977094600001,-7.677166933999962,0 
						</coordinates>
					</LineString>
				</MultiGeometry>
			</Placemark>
			<Placemark id="ID_20080">
				<name>0</name>
				<Snippet maxLines="0"></Snippet>
				<description><![CDATA[<html xmlns:fo="http://www.w3.org/1999/XSL/Format" xmlns:msxsl="urn:schemas-microsoft-com:xslt">

<head>

<META http-equiv="Content-Type" content="text/html">

<meta http-equiv="content-type" content="text/html; charset=UTF-8">

</head>

<body style="margin:0px 0px 0px 0px;overflow:auto;background:#FFFFFF;">

<table style="font-family:Arial,Verdana,Times;font-size:12px;text-align:left;width:100%;border-collapse:collapse;padding:3px 3px 3px 3px">

<tr style="text-align:center;font-weight:bold;background:#9CBCE2">

<td>0</td>

</tr>

<tr>

<td>

<table style="font-family:Arial,Verdana,Times;font-size:12px;text-align:left;width:100%;border-spacing:0px; padding:3px 3px 3px 3px">

<tr>

<td>FID</td>

<td>80</td>

</tr>

<tr bgcolor="#D4E4F3">

<td>Id</td>

<td>0</td>

</tr>

<tr>

<td>Titik_Awal</td>

<td>ODP Polsek Bendosari</td>

</tr>

<tr bgcolor="#D4E4F3">

<td>Titik_Akhr</td>

<td>Pasar Mulur</td>

</tr>

<tr>

<td>Jarak</td>

<td>794</td>

</tr>

<tr bgcolor="#D4E4F3">

<td>Jenis</td>

<td>Drop Core</td>

</tr>

</table>

</td>

</tr>

</table>

</body>

</html>]]></description>
				<styleUrl>#m_ylw-pushpin37</styleUrl>
				<MultiGeometry>
					<LineString>
						<coordinates>
							110.876904718692,-7.697780194951996,0 110.8769623724544,-7.697528911156113,0 110.8761202922854,-7.697370708501794,0 110.8757604429568,-7.697255724242327,0 110.8755877620719,-7.697040273890515,0 110.8752208477826,-7.696472946525288,0 110.8748971497088,-7.695805111316334,0 110.8744511586053,-7.694914659771026,0 110.8741562935114,-7.6941104122356,0 110.8738326709879,-7.693198455872903,0 110.8735594306768,-7.692293694109084,0 110.87374643,-7.692156833999951,0 
						</coordinates>
					</LineString>
				</MultiGeometry>
			</Placemark>
			<Placemark id="ID_20082">
				<name>0</name>
				<Snippet maxLines="0"></Snippet>
				<description><![CDATA[<html xmlns:fo="http://www.w3.org/1999/XSL/Format" xmlns:msxsl="urn:schemas-microsoft-com:xslt">

<head>

<META http-equiv="Content-Type" content="text/html">

<meta http-equiv="content-type" content="text/html; charset=UTF-8">

</head>

<body style="margin:0px 0px 0px 0px;overflow:auto;background:#FFFFFF;">

<table style="font-family:Arial,Verdana,Times;font-size:12px;text-align:left;width:100%;border-collapse:collapse;padding:3px 3px 3px 3px">

<tr style="text-align:center;font-weight:bold;background:#9CBCE2">

<td>0</td>

</tr>

<tr>

<td>

<table style="font-family:Arial,Verdana,Times;font-size:12px;text-align:left;width:100%;border-spacing:0px; padding:3px 3px 3px 3px">

<tr>

<td>FID</td>

<td>82</td>

</tr>

<tr bgcolor="#D4E4F3">

<td>Id</td>

<td>0</td>

</tr>

<tr>

<td>Titik_Awal</td>

<td>ODP Kelurahan Begajah</td>

</tr>

<tr bgcolor="#D4E4F3">

<td>Titik_Akhr</td>

<td>Pasar Kepuh</td>

</tr>

<tr>

<td>Jarak</td>

<td>753</td>

</tr>

<tr bgcolor="#D4E4F3">

<td>Jenis</td>

<td>Drop Core</td>

</tr>

</table>

</td>

</tr>

</table>

</body>

</html>]]></description>
				<styleUrl>#m_ylw-pushpin37</styleUrl>
				<MultiGeometry>
					<LineString>
						<coordinates>
							110.8581471576721,-7.709370861906853,0 110.8583570605095,-7.709339772491451,0 110.8577656403544,-7.708459766309408,0 110.8571772559933,-7.707584272868164,0 110.8564462727564,-7.706494018177992,0 110.8558445395945,-7.70559221008628,0 110.8553180299511,-7.704803134515217,0 110.8546944230001,-7.70384793899996,0 
						</coordinates>
					</LineString>
				</MultiGeometry>
			</Placemark>
			<Placemark id="ID_20085">
				<name>0</name>
				<Snippet maxLines="0"></Snippet>
				<description><![CDATA[<html xmlns:fo="http://www.w3.org/1999/XSL/Format" xmlns:msxsl="urn:schemas-microsoft-com:xslt">

<head>

<META http-equiv="Content-Type" content="text/html">

<meta http-equiv="content-type" content="text/html; charset=UTF-8">

</head>

<body style="margin:0px 0px 0px 0px;overflow:auto;background:#FFFFFF;">

<table style="font-family:Arial,Verdana,Times;font-size:12px;text-align:left;width:100%;border-collapse:collapse;padding:3px 3px 3px 3px">

<tr style="text-align:center;font-weight:bold;background:#9CBCE2">

<td>0</td>

</tr>

<tr>

<td>

<table style="font-family:Arial,Verdana,Times;font-size:12px;text-align:left;width:100%;border-spacing:0px; padding:3px 3px 3px 3px">

<tr>

<td>FID</td>

<td>85</td>

</tr>

<tr bgcolor="#D4E4F3">

<td>Id</td>

<td>0</td>

</tr>

<tr>

<td>Titik_Awal</td>

<td>ODP Alun-Alun</td>

</tr>

<tr bgcolor="#D4E4F3">

<td>Titik_Akhr</td>

<td>Alun-Alun Satya Negara Sukoharjo</td>

</tr>

<tr>

<td>Jarak</td>

<td>34</td>

</tr>

<tr bgcolor="#D4E4F3">

<td>Jenis</td>

<td>Drop Core</td>

</tr>

</table>

</td>

</tr>

</table>

</body>

</html>]]></description>
				<styleUrl>#m_ylw-pushpin37</styleUrl>
				<MultiGeometry>
					<LineString>
						<coordinates>
							110.8404514849504,-7.6834462503073,0 110.8407575336815,-7.683498902494235,0 
						</coordinates>
					</LineString>
				</MultiGeometry>
			</Placemark>
		</Folder>
		<Folder id="FeatureLayer1">
			<name>Lokasi_Tersambung_Tahap_2</name>
			<open>1</open>
			<Snippet maxLines="0"></Snippet>
			<Placemark id="ID_10000">
				<name>CCTV Songgorunggi</name>
				<Snippet maxLines="0"></Snippet>
				<description><![CDATA[<html xmlns:fo="http://www.w3.org/1999/XSL/Format" xmlns:msxsl="urn:schemas-microsoft-com:xslt">

<head>

<META http-equiv="Content-Type" content="text/html">

<meta http-equiv="content-type" content="text/html; charset=UTF-8">

</head>

<body style="margin:0px 0px 0px 0px;overflow:auto;background:#FFFFFF;">

<table style="font-family:Arial,Verdana,Times;font-size:12px;text-align:left;width:100%;border-collapse:collapse;padding:3px 3px 3px 3px">

<tr style="text-align:center;font-weight:bold;background:#9CBCE2">

<td>CCTV Songgorunggi</td>

</tr>

<tr>

<td>

<table style="font-family:Arial,Verdana,Times;font-size:12px;text-align:left;width:100%;border-spacing:0px; padding:3px 3px 3px 3px">

<tr>

<td>FID</td>

<td>0</td>

</tr>

<tr bgcolor="#D4E4F3">

<td>Name</td>

<td>CCTV Songgorunggi</td>

</tr>

<tr>

<td>layer</td>

<td>CCTV</td>

</tr>

</table>

</td>

</tr>

</table>

</body>

</html>]]></description>
				<styleUrl>#IconStyle10010</styleUrl>
				<Point>
					<coordinates>110.865373,-7.722532999999999,0</coordinates>
				</Point>
			</Placemark>
			<Placemark id="ID_10001">
				<name>CCTV Begajah</name>
				<Snippet maxLines="0"></Snippet>
				<description><![CDATA[<html xmlns:fo="http://www.w3.org/1999/XSL/Format" xmlns:msxsl="urn:schemas-microsoft-com:xslt">

<head>

<META http-equiv="Content-Type" content="text/html">

<meta http-equiv="content-type" content="text/html; charset=UTF-8">

</head>

<body style="margin:0px 0px 0px 0px;overflow:auto;background:#FFFFFF;">

<table style="font-family:Arial,Verdana,Times;font-size:12px;text-align:left;width:100%;border-collapse:collapse;padding:3px 3px 3px 3px">

<tr style="text-align:center;font-weight:bold;background:#9CBCE2">

<td>CCTV Begajah</td>

</tr>

<tr>

<td>

<table style="font-family:Arial,Verdana,Times;font-size:12px;text-align:left;width:100%;border-spacing:0px; padding:3px 3px 3px 3px">

<tr>

<td>FID</td>

<td>1</td>

</tr>

<tr bgcolor="#D4E4F3">

<td>Name</td>

<td>CCTV Begajah</td>

</tr>

<tr>

<td>layer</td>

<td>CCTV</td>

</tr>

</table>

</td>

</tr>

</table>

</body>

</html>]]></description>
				<styleUrl>#IconStyle10010</styleUrl>
				<Point>
					<coordinates>110.853394,-7.701863,0</coordinates>
				</Point>
			</Placemark>
			<Placemark id="ID_10002">
				<name>CCTV Terminal Sukoharjo</name>
				<Snippet maxLines="0"></Snippet>
				<description><![CDATA[<html xmlns:fo="http://www.w3.org/1999/XSL/Format" xmlns:msxsl="urn:schemas-microsoft-com:xslt">

<head>

<META http-equiv="Content-Type" content="text/html">

<meta http-equiv="content-type" content="text/html; charset=UTF-8">

</head>

<body style="margin:0px 0px 0px 0px;overflow:auto;background:#FFFFFF;">

<table style="font-family:Arial,Verdana,Times;font-size:12px;text-align:left;width:100%;border-collapse:collapse;padding:3px 3px 3px 3px">

<tr style="text-align:center;font-weight:bold;background:#9CBCE2">

<td>CCTV Terminal Sukoharjo</td>

</tr>

<tr>

<td>

<table style="font-family:Arial,Verdana,Times;font-size:12px;text-align:left;width:100%;border-spacing:0px; padding:3px 3px 3px 3px">

<tr>

<td>FID</td>

<td>2</td>

</tr>

<tr bgcolor="#D4E4F3">

<td>Name</td>

<td>CCTV Terminal Sukoharjo</td>

</tr>

<tr>

<td>layer</td>

<td>CCTV</td>

</tr>

</table>

</td>

</tr>

</table>

</body>

</html>]]></description>
				<styleUrl>#IconStyle10010</styleUrl>
				<Point>
					<coordinates>110.848802,-7.694675,0</coordinates>
				</Point>
			</Placemark>
			<Placemark id="ID_10003">
				<name>CCTV Mandan</name>
				<Snippet maxLines="0"></Snippet>
				<description><![CDATA[<html xmlns:fo="http://www.w3.org/1999/XSL/Format" xmlns:msxsl="urn:schemas-microsoft-com:xslt">

<head>

<META http-equiv="Content-Type" content="text/html">

<meta http-equiv="content-type" content="text/html; charset=UTF-8">

</head>

<body style="margin:0px 0px 0px 0px;overflow:auto;background:#FFFFFF;">

<table style="font-family:Arial,Verdana,Times;font-size:12px;text-align:left;width:100%;border-collapse:collapse;padding:3px 3px 3px 3px">

<tr style="text-align:center;font-weight:bold;background:#9CBCE2">

<td>CCTV Mandan</td>

</tr>

<tr>

<td>

<table style="font-family:Arial,Verdana,Times;font-size:12px;text-align:left;width:100%;border-spacing:0px; padding:3px 3px 3px 3px">

<tr>

<td>FID</td>

<td>3</td>

</tr>

<tr bgcolor="#D4E4F3">

<td>Name</td>

<td>CCTV Mandan</td>

</tr>

<tr>

<td>layer</td>

<td>CCTV</td>

</tr>

</table>

</td>

</tr>

</table>

</body>

</html>]]></description>
				<styleUrl>#IconStyle10010</styleUrl>
				<Point>
					<coordinates>110.839266799626,-7.69350993992551,0</coordinates>
				</Point>
			</Placemark>
			<Placemark id="ID_10004">
				<name>CCTV DKR</name>
				<Snippet maxLines="0"></Snippet>
				<description><![CDATA[<html xmlns:fo="http://www.w3.org/1999/XSL/Format" xmlns:msxsl="urn:schemas-microsoft-com:xslt">

<head>

<META http-equiv="Content-Type" content="text/html">

<meta http-equiv="content-type" content="text/html; charset=UTF-8">

</head>

<body style="margin:0px 0px 0px 0px;overflow:auto;background:#FFFFFF;">

<table style="font-family:Arial,Verdana,Times;font-size:12px;text-align:left;width:100%;border-collapse:collapse;padding:3px 3px 3px 3px">

<tr style="text-align:center;font-weight:bold;background:#9CBCE2">

<td>CCTV DKR</td>

</tr>

<tr>

<td>

<table style="font-family:Arial,Verdana,Times;font-size:12px;text-align:left;width:100%;border-spacing:0px; padding:3px 3px 3px 3px">

<tr>

<td>FID</td>

<td>4</td>

</tr>

<tr bgcolor="#D4E4F3">

<td>Name</td>

<td>CCTV DKR</td>

</tr>

<tr>

<td>layer</td>

<td>CCTV</td>

</tr>

</table>

</td>

</tr>

</table>

</body>

</html>]]></description>
				<styleUrl>#IconStyle10010</styleUrl>
				<Point>
					<coordinates>110.850151,-7.68451,0</coordinates>
				</Point>
			</Placemark>
			<Placemark id="ID_10005">
				<name>CCTV Carikan</name>
				<Snippet maxLines="0"></Snippet>
				<description><![CDATA[<html xmlns:fo="http://www.w3.org/1999/XSL/Format" xmlns:msxsl="urn:schemas-microsoft-com:xslt">

<head>

<META http-equiv="Content-Type" content="text/html">

<meta http-equiv="content-type" content="text/html; charset=UTF-8">

</head>

<body style="margin:0px 0px 0px 0px;overflow:auto;background:#FFFFFF;">

<table style="font-family:Arial,Verdana,Times;font-size:12px;text-align:left;width:100%;border-collapse:collapse;padding:3px 3px 3px 3px">

<tr style="text-align:center;font-weight:bold;background:#9CBCE2">

<td>CCTV Carikan</td>

</tr>

<tr>

<td>

<table style="font-family:Arial,Verdana,Times;font-size:12px;text-align:left;width:100%;border-spacing:0px; padding:3px 3px 3px 3px">

<tr>

<td>FID</td>

<td>5</td>

</tr>

<tr bgcolor="#D4E4F3">

<td>Name</td>

<td>CCTV Carikan</td>

</tr>

<tr>

<td>layer</td>

<td>CCTV</td>

</tr>

</table>

</td>

</tr>

</table>

</body>

</html>]]></description>
				<styleUrl>#IconStyle10010</styleUrl>
				<Point>
					<coordinates>110.832178,-7.681332,0</coordinates>
				</Point>
			</Placemark>
			<Placemark id="ID_10013">
				<name>CCTV Simpang 5 Selatan (PROLIMAN)</name>
				<Snippet maxLines="0"></Snippet>
				<description><![CDATA[<html xmlns:fo="http://www.w3.org/1999/XSL/Format" xmlns:msxsl="urn:schemas-microsoft-com:xslt">

<head>

<META http-equiv="Content-Type" content="text/html">

<meta http-equiv="content-type" content="text/html; charset=UTF-8">

</head>

<body style="margin:0px 0px 0px 0px;overflow:auto;background:#FFFFFF;">

<table style="font-family:Arial,Verdana,Times;font-size:12px;text-align:left;width:100%;border-collapse:collapse;padding:3px 3px 3px 3px">

<tr style="text-align:center;font-weight:bold;background:#9CBCE2">

<td>CCTV Simpang 5 Selatan (PROLIMAN)</td>

</tr>

<tr>

<td>

<table style="font-family:Arial,Verdana,Times;font-size:12px;text-align:left;width:100%;border-spacing:0px; padding:3px 3px 3px 3px">

<tr>

<td>FID</td>

<td>13</td>

</tr>

<tr bgcolor="#D4E4F3">

<td>Name</td>

<td>CCTV Simpang 5 Selatan (PROLIMAN)</td>

</tr>

<tr>

<td>layer</td>

<td>CCTV</td>

</tr>

</table>

</td>

</tr>

</table>

</body>

</html>]]></description>
				<styleUrl>#IconStyle10010</styleUrl>
				<Point>
					<coordinates>110.842537,-7.682559,0</coordinates>
				</Point>
			</Placemark>
			<Placemark id="ID_10016">
				<name>Kantor Kelurahan Jetis</name>
				<Snippet maxLines="0"></Snippet>
				<description><![CDATA[<html xmlns:fo="http://www.w3.org/1999/XSL/Format" xmlns:msxsl="urn:schemas-microsoft-com:xslt">

<head>

<META http-equiv="Content-Type" content="text/html">

<meta http-equiv="content-type" content="text/html; charset=UTF-8">

</head>

<body style="margin:0px 0px 0px 0px;overflow:auto;background:#FFFFFF;">

<table style="font-family:Arial,Verdana,Times;font-size:12px;text-align:left;width:100%;border-collapse:collapse;padding:3px 3px 3px 3px">

<tr style="text-align:center;font-weight:bold;background:#9CBCE2">

<td>Kantor Kelurahan Jetis</td>

</tr>

<tr>

<td>

<table style="font-family:Arial,Verdana,Times;font-size:12px;text-align:left;width:100%;border-spacing:0px; padding:3px 3px 3px 3px">

<tr>

<td>FID</td>

<td>16</td>

</tr>

<tr bgcolor="#D4E4F3">

<td>Name</td>

<td>Kantor Kelurahan Jetis</td>

</tr>

<tr>

<td>layer</td>

<td>Kelurahan</td>

</tr>

</table>

</td>

</tr>

</table>

</body>

</html>]]></description>
				<styleUrl>#IconStyle10010</styleUrl>
				<Point>
					<coordinates>110.8332948,-7.6826157,0</coordinates>
				</Point>
			</Placemark>
			<Placemark id="ID_10017">
				<name>Kantor Kelurahan Begajah</name>
				<Snippet maxLines="0"></Snippet>
				<description><![CDATA[<html xmlns:fo="http://www.w3.org/1999/XSL/Format" xmlns:msxsl="urn:schemas-microsoft-com:xslt">

<head>

<META http-equiv="Content-Type" content="text/html">

<meta http-equiv="content-type" content="text/html; charset=UTF-8">

</head>

<body style="margin:0px 0px 0px 0px;overflow:auto;background:#FFFFFF;">

<table style="font-family:Arial,Verdana,Times;font-size:12px;text-align:left;width:100%;border-collapse:collapse;padding:3px 3px 3px 3px">

<tr style="text-align:center;font-weight:bold;background:#9CBCE2">

<td>Kantor Kelurahan Begajah</td>

</tr>

<tr>

<td>

<table style="font-family:Arial,Verdana,Times;font-size:12px;text-align:left;width:100%;border-spacing:0px; padding:3px 3px 3px 3px">

<tr>

<td>FID</td>

<td>17</td>

</tr>

<tr bgcolor="#D4E4F3">

<td>Name</td>

<td>Kantor Kelurahan Begajah</td>

</tr>

<tr>

<td>layer</td>

<td>Kelurahan</td>

</tr>

</table>

</td>

</tr>

</table>

</body>

</html>]]></description>
				<styleUrl>#IconStyle10010</styleUrl>
				<Point>
					<coordinates>110.8544292,-7.703835999999999,0</coordinates>
				</Point>
			</Placemark>
			<Placemark id="ID_10018">
				<name>Kantor Kelurahan Combongan</name>
				<Snippet maxLines="0"></Snippet>
				<description><![CDATA[<html xmlns:fo="http://www.w3.org/1999/XSL/Format" xmlns:msxsl="urn:schemas-microsoft-com:xslt">

<head>

<META http-equiv="Content-Type" content="text/html">

<meta http-equiv="content-type" content="text/html; charset=UTF-8">

</head>

<body style="margin:0px 0px 0px 0px;overflow:auto;background:#FFFFFF;">

<table style="font-family:Arial,Verdana,Times;font-size:12px;text-align:left;width:100%;border-collapse:collapse;padding:3px 3px 3px 3px">

<tr style="text-align:center;font-weight:bold;background:#9CBCE2">

<td>Kantor Kelurahan Combongan</td>

</tr>

<tr>

<td>

<table style="font-family:Arial,Verdana,Times;font-size:12px;text-align:left;width:100%;border-spacing:0px; padding:3px 3px 3px 3px">

<tr>

<td>FID</td>

<td>18</td>

</tr>

<tr bgcolor="#D4E4F3">

<td>Name</td>

<td>Kantor Kelurahan Combongan</td>

</tr>

<tr>

<td>layer</td>

<td>Kelurahan</td>

</tr>

</table>

</td>

</tr>

</table>

</body>

</html>]]></description>
				<styleUrl>#IconStyle10010</styleUrl>
				<Point>
					<coordinates>110.8149831,-7.687566199999999,0</coordinates>
				</Point>
			</Placemark>
			<Placemark id="ID_10019">
				<name>Kantor Kelurahan Kenep</name>
				<Snippet maxLines="0"></Snippet>
				<description><![CDATA[<html xmlns:fo="http://www.w3.org/1999/XSL/Format" xmlns:msxsl="urn:schemas-microsoft-com:xslt">

<head>

<META http-equiv="Content-Type" content="text/html">

<meta http-equiv="content-type" content="text/html; charset=UTF-8">

</head>

<body style="margin:0px 0px 0px 0px;overflow:auto;background:#FFFFFF;">

<table style="font-family:Arial,Verdana,Times;font-size:12px;text-align:left;width:100%;border-collapse:collapse;padding:3px 3px 3px 3px">

<tr style="text-align:center;font-weight:bold;background:#9CBCE2">

<td>Kantor Kelurahan Kenep</td>

</tr>

<tr>

<td>

<table style="font-family:Arial,Verdana,Times;font-size:12px;text-align:left;width:100%;border-spacing:0px; padding:3px 3px 3px 3px">

<tr>

<td>FID</td>

<td>19</td>

</tr>

<tr bgcolor="#D4E4F3">

<td>Name</td>

<td>Kantor Kelurahan Kenep</td>

</tr>

<tr>

<td>layer</td>

<td>Kelurahan</td>

</tr>

</table>

</td>

</tr>

</table>

</body>

</html>]]></description>
				<styleUrl>#IconStyle10010</styleUrl>
				<Point>
					<coordinates>110.8082188,-7.6996939,0</coordinates>
				</Point>
			</Placemark>
			<Placemark id="ID_10020">
				<name>Kantor Kelurahan Mandan</name>
				<Snippet maxLines="0"></Snippet>
				<description><![CDATA[<html xmlns:fo="http://www.w3.org/1999/XSL/Format" xmlns:msxsl="urn:schemas-microsoft-com:xslt">

<head>

<META http-equiv="Content-Type" content="text/html">

<meta http-equiv="content-type" content="text/html; charset=UTF-8">

</head>

<body style="margin:0px 0px 0px 0px;overflow:auto;background:#FFFFFF;">

<table style="font-family:Arial,Verdana,Times;font-size:12px;text-align:left;width:100%;border-collapse:collapse;padding:3px 3px 3px 3px">

<tr style="text-align:center;font-weight:bold;background:#9CBCE2">

<td>Kantor Kelurahan Mandan</td>

</tr>

<tr>

<td>

<table style="font-family:Arial,Verdana,Times;font-size:12px;text-align:left;width:100%;border-spacing:0px; padding:3px 3px 3px 3px">

<tr>

<td>FID</td>

<td>20</td>

</tr>

<tr bgcolor="#D4E4F3">

<td>Name</td>

<td>Kantor Kelurahan Mandan</td>

</tr>

<tr>

<td>layer</td>

<td>Kelurahan</td>

</tr>

</table>

</td>

</tr>

</table>

</body>

</html>]]></description>
				<styleUrl>#IconStyle10010</styleUrl>
				<Point>
					<coordinates>110.8361359,-7.7039829,0</coordinates>
				</Point>
			</Placemark>
			<Placemark id="ID_10023">
				<name>Kantor Kelurahan Banmati</name>
				<Snippet maxLines="0"></Snippet>
				<description><![CDATA[<html xmlns:fo="http://www.w3.org/1999/XSL/Format" xmlns:msxsl="urn:schemas-microsoft-com:xslt">

<head>

<META http-equiv="Content-Type" content="text/html">

<meta http-equiv="content-type" content="text/html; charset=UTF-8">

</head>

<body style="margin:0px 0px 0px 0px;overflow:auto;background:#FFFFFF;">

<table style="font-family:Arial,Verdana,Times;font-size:12px;text-align:left;width:100%;border-collapse:collapse;padding:3px 3px 3px 3px">

<tr style="text-align:center;font-weight:bold;background:#9CBCE2">

<td>Kantor Kelurahan Banmati</td>

</tr>

<tr>

<td>

<table style="font-family:Arial,Verdana,Times;font-size:12px;text-align:left;width:100%;border-spacing:0px; padding:3px 3px 3px 3px">

<tr>

<td>FID</td>

<td>23</td>

</tr>

<tr bgcolor="#D4E4F3">

<td>Name</td>

<td>Kantor Kelurahan Banmati</td>

</tr>

<tr>

<td>layer</td>

<td>Kelurahan</td>

</tr>

</table>

</td>

</tr>

</table>

</body>

</html>]]></description>
				<styleUrl>#IconStyle10010</styleUrl>
				<Point>
					<coordinates>110.8162892,-7.7105538,0</coordinates>
				</Point>
			</Placemark>
			<Placemark id="ID_10024">
				<name>Kantor Kelurahan Joho</name>
				<Snippet maxLines="0"></Snippet>
				<description><![CDATA[<html xmlns:fo="http://www.w3.org/1999/XSL/Format" xmlns:msxsl="urn:schemas-microsoft-com:xslt">

<head>

<META http-equiv="Content-Type" content="text/html">

<meta http-equiv="content-type" content="text/html; charset=UTF-8">

</head>

<body style="margin:0px 0px 0px 0px;overflow:auto;background:#FFFFFF;">

<table style="font-family:Arial,Verdana,Times;font-size:12px;text-align:left;width:100%;border-collapse:collapse;padding:3px 3px 3px 3px">

<tr style="text-align:center;font-weight:bold;background:#9CBCE2">

<td>Kantor Kelurahan Joho</td>

</tr>

<tr>

<td>

<table style="font-family:Arial,Verdana,Times;font-size:12px;text-align:left;width:100%;border-spacing:0px; padding:3px 3px 3px 3px">

<tr>

<td>FID</td>

<td>24</td>

</tr>

<tr bgcolor="#D4E4F3">

<td>Name</td>

<td>Kantor Kelurahan Joho</td>

</tr>

<tr>

<td>layer</td>

<td>Kelurahan</td>

</tr>

</table>

</td>

</tr>

</table>

</body>

</html>]]></description>
				<styleUrl>#IconStyle10010</styleUrl>
				<Point>
					<coordinates>110.839973,-7.690531000000001,0</coordinates>
				</Point>
			</Placemark>
			<Placemark id="ID_10025">
				<name>Pasar Tawang Weru</name>
				<Snippet maxLines="0"></Snippet>
				<description><![CDATA[<html xmlns:fo="http://www.w3.org/1999/XSL/Format" xmlns:msxsl="urn:schemas-microsoft-com:xslt">

<head>

<META http-equiv="Content-Type" content="text/html">

<meta http-equiv="content-type" content="text/html; charset=UTF-8">

</head>

<body style="margin:0px 0px 0px 0px;overflow:auto;background:#FFFFFF;">

<table style="font-family:Arial,Verdana,Times;font-size:12px;text-align:left;width:100%;border-collapse:collapse;padding:3px 3px 3px 3px">

<tr style="text-align:center;font-weight:bold;background:#9CBCE2">

<td>Pasar Tawang Weru</td>

</tr>

<tr>

<td>

<table style="font-family:Arial,Verdana,Times;font-size:12px;text-align:left;width:100%;border-spacing:0px; padding:3px 3px 3px 3px">

<tr>

<td>FID</td>

<td>25</td>

</tr>

<tr bgcolor="#D4E4F3">

<td>Name</td>

<td>Pasar Tawang Weru</td>

</tr>

<tr>

<td>layer</td>

<td>Pasar</td>

</tr>

</table>

</td>

</tr>

</table>

</body>

</html>]]></description>
				<styleUrl>#IconStyle10010</styleUrl>
				<Point>
					<coordinates>110.7597153727977,-7.759072397875434,0</coordinates>
				</Point>
			</Placemark>
			<Placemark id="ID_10030">
				<name>Pasar Bulu</name>
				<Snippet maxLines="0"></Snippet>
				<description><![CDATA[<html xmlns:fo="http://www.w3.org/1999/XSL/Format" xmlns:msxsl="urn:schemas-microsoft-com:xslt">

<head>

<META http-equiv="Content-Type" content="text/html">

<meta http-equiv="content-type" content="text/html; charset=UTF-8">

</head>

<body style="margin:0px 0px 0px 0px;overflow:auto;background:#FFFFFF;">

<table style="font-family:Arial,Verdana,Times;font-size:12px;text-align:left;width:100%;border-collapse:collapse;padding:3px 3px 3px 3px">

<tr style="text-align:center;font-weight:bold;background:#9CBCE2">

<td>Pasar Bulu</td>

</tr>

<tr>

<td>

<table style="font-family:Arial,Verdana,Times;font-size:12px;text-align:left;width:100%;border-spacing:0px; padding:3px 3px 3px 3px">

<tr>

<td>FID</td>

<td>30</td>

</tr>

<tr bgcolor="#D4E4F3">

<td>Name</td>

<td>Pasar Bulu</td>

</tr>

<tr>

<td>layer</td>

<td>Pasar</td>

</tr>

</table>

</td>

</tr>

</table>

</body>

</html>]]></description>
				<styleUrl>#IconStyle10010</styleUrl>
				<Point>
					<coordinates>110.8333523,-7.765469400000001,0</coordinates>
				</Point>
			</Placemark>
			<Placemark id="ID_10031">
				<name>Puskesmas Weru</name>
				<Snippet maxLines="0"></Snippet>
				<description><![CDATA[<html xmlns:fo="http://www.w3.org/1999/XSL/Format" xmlns:msxsl="urn:schemas-microsoft-com:xslt">

<head>

<META http-equiv="Content-Type" content="text/html">

<meta http-equiv="content-type" content="text/html; charset=UTF-8">

</head>

<body style="margin:0px 0px 0px 0px;overflow:auto;background:#FFFFFF;">

<table style="font-family:Arial,Verdana,Times;font-size:12px;text-align:left;width:100%;border-collapse:collapse;padding:3px 3px 3px 3px">

<tr style="text-align:center;font-weight:bold;background:#9CBCE2">

<td>Puskesmas Weru</td>

</tr>

<tr>

<td>

<table style="font-family:Arial,Verdana,Times;font-size:12px;text-align:left;width:100%;border-spacing:0px; padding:3px 3px 3px 3px">

<tr>

<td>FID</td>

<td>31</td>

</tr>

<tr bgcolor="#D4E4F3">

<td>Name</td>

<td>Puskesmas Weru</td>

</tr>

<tr>

<td>layer</td>

<td>Puskesmas</td>

</tr>

</table>

</td>

</tr>

</table>

</body>

</html>]]></description>
				<styleUrl>#IconStyle10010</styleUrl>
				<Point>
					<coordinates>110.7589208,-7.7593995,0</coordinates>
				</Point>
			</Placemark>
			<Placemark id="ID_10032">
				<name>Puskesmas Bulu Sukoharjo</name>
				<Snippet maxLines="0"></Snippet>
				<description><![CDATA[<html xmlns:fo="http://www.w3.org/1999/XSL/Format" xmlns:msxsl="urn:schemas-microsoft-com:xslt">

<head>

<META http-equiv="Content-Type" content="text/html">

<meta http-equiv="content-type" content="text/html; charset=UTF-8">

</head>

<body style="margin:0px 0px 0px 0px;overflow:auto;background:#FFFFFF;">

<table style="font-family:Arial,Verdana,Times;font-size:12px;text-align:left;width:100%;border-collapse:collapse;padding:3px 3px 3px 3px">

<tr style="text-align:center;font-weight:bold;background:#9CBCE2">

<td>Puskesmas Bulu Sukoharjo</td>

</tr>

<tr>

<td>

<table style="font-family:Arial,Verdana,Times;font-size:12px;text-align:left;width:100%;border-spacing:0px; padding:3px 3px 3px 3px">

<tr>

<td>FID</td>

<td>32</td>

</tr>

<tr bgcolor="#D4E4F3">

<td>Name</td>

<td>Puskesmas Bulu Sukoharjo</td>

</tr>

<tr>

<td>layer</td>

<td>Puskesmas</td>

</tr>

</table>

</td>

</tr>

</table>

</body>

</html>]]></description>
				<styleUrl>#IconStyle10010</styleUrl>
				<Point>
					<coordinates>110.8328163,-7.7654682,0</coordinates>
				</Point>
			</Placemark>
			<Placemark id="ID_10033">
				<name>Puskesmas Tawangsari</name>
				<Snippet maxLines="0"></Snippet>
				<description><![CDATA[<html xmlns:fo="http://www.w3.org/1999/XSL/Format" xmlns:msxsl="urn:schemas-microsoft-com:xslt">

<head>

<META http-equiv="Content-Type" content="text/html">

<meta http-equiv="content-type" content="text/html; charset=UTF-8">

</head>

<body style="margin:0px 0px 0px 0px;overflow:auto;background:#FFFFFF;">

<table style="font-family:Arial,Verdana,Times;font-size:12px;text-align:left;width:100%;border-collapse:collapse;padding:3px 3px 3px 3px">

<tr style="text-align:center;font-weight:bold;background:#9CBCE2">

<td>Puskesmas Tawangsari</td>

</tr>

<tr>

<td>

<table style="font-family:Arial,Verdana,Times;font-size:12px;text-align:left;width:100%;border-spacing:0px; padding:3px 3px 3px 3px">

<tr>

<td>FID</td>

<td>33</td>

</tr>

<tr bgcolor="#D4E4F3">

<td>Name</td>

<td>Puskesmas Tawangsari</td>

</tr>

<tr>

<td>layer</td>

<td>Puskesmas</td>

</tr>

</table>

</td>

</tr>

</table>

</body>

</html>]]></description>
				<styleUrl>#IconStyle10010</styleUrl>
				<Point>
					<coordinates>110.7962516729802,-7.736448816131875,0</coordinates>
				</Point>
			</Placemark>
			<Placemark id="ID_10034">
				<name>Puskesmas Sukoharjo</name>
				<Snippet maxLines="0"></Snippet>
				<description><![CDATA[<html xmlns:fo="http://www.w3.org/1999/XSL/Format" xmlns:msxsl="urn:schemas-microsoft-com:xslt">

<head>

<META http-equiv="Content-Type" content="text/html">

<meta http-equiv="content-type" content="text/html; charset=UTF-8">

</head>

<body style="margin:0px 0px 0px 0px;overflow:auto;background:#FFFFFF;">

<table style="font-family:Arial,Verdana,Times;font-size:12px;text-align:left;width:100%;border-collapse:collapse;padding:3px 3px 3px 3px">

<tr style="text-align:center;font-weight:bold;background:#9CBCE2">

<td>Puskesmas Sukoharjo</td>

</tr>

<tr>

<td>

<table style="font-family:Arial,Verdana,Times;font-size:12px;text-align:left;width:100%;border-spacing:0px; padding:3px 3px 3px 3px">

<tr>

<td>FID</td>

<td>34</td>

</tr>

<tr bgcolor="#D4E4F3">

<td>Name</td>

<td>Puskesmas Sukoharjo</td>

</tr>

<tr>

<td>layer</td>

<td>Puskesmas</td>

</tr>

</table>

</td>

</tr>

</table>

</body>

</html>]]></description>
				<styleUrl>#IconStyle10010</styleUrl>
				<Point>
					<coordinates>110.8359902,-7.6756697,0</coordinates>
				</Point>
			</Placemark>
			<Placemark id="ID_10035">
				<name>Puskesmas Nguter</name>
				<Snippet maxLines="0"></Snippet>
				<description><![CDATA[<html xmlns:fo="http://www.w3.org/1999/XSL/Format" xmlns:msxsl="urn:schemas-microsoft-com:xslt">

<head>

<META http-equiv="Content-Type" content="text/html">

<meta http-equiv="content-type" content="text/html; charset=UTF-8">

</head>

<body style="margin:0px 0px 0px 0px;overflow:auto;background:#FFFFFF;">

<table style="font-family:Arial,Verdana,Times;font-size:12px;text-align:left;width:100%;border-collapse:collapse;padding:3px 3px 3px 3px">

<tr style="text-align:center;font-weight:bold;background:#9CBCE2">

<td>Puskesmas Nguter</td>

</tr>

<tr>

<td>

<table style="font-family:Arial,Verdana,Times;font-size:12px;text-align:left;width:100%;border-spacing:0px; padding:3px 3px 3px 3px">

<tr>

<td>FID</td>

<td>35</td>

</tr>

<tr bgcolor="#D4E4F3">

<td>Name</td>

<td>Puskesmas Nguter</td>

</tr>

<tr>

<td>layer</td>

<td>Puskesmas</td>

</tr>

</table>

</td>

</tr>

</table>

</body>

</html>]]></description>
				<styleUrl>#IconStyle10010</styleUrl>
				<Point>
					<coordinates>110.8742659,-7.739816499999999,0</coordinates>
				</Point>
			</Placemark>
			<Placemark id="ID_10036">
				<name>Puskesmas Bendosari</name>
				<Snippet maxLines="0"></Snippet>
				<description><![CDATA[<html xmlns:fo="http://www.w3.org/1999/XSL/Format" xmlns:msxsl="urn:schemas-microsoft-com:xslt">

<head>

<META http-equiv="Content-Type" content="text/html">

<meta http-equiv="content-type" content="text/html; charset=UTF-8">

</head>

<body style="margin:0px 0px 0px 0px;overflow:auto;background:#FFFFFF;">

<table style="font-family:Arial,Verdana,Times;font-size:12px;text-align:left;width:100%;border-collapse:collapse;padding:3px 3px 3px 3px">

<tr style="text-align:center;font-weight:bold;background:#9CBCE2">

<td>Puskesmas Bendosari</td>

</tr>

<tr>

<td>

<table style="font-family:Arial,Verdana,Times;font-size:12px;text-align:left;width:100%;border-spacing:0px; padding:3px 3px 3px 3px">

<tr>

<td>FID</td>

<td>36</td>

</tr>

<tr bgcolor="#D4E4F3">

<td>Name</td>

<td>Puskesmas Bendosari</td>

</tr>

<tr>

<td>layer</td>

<td>Puskesmas</td>

</tr>

</table>

</td>

</tr>

</table>

</body>

</html>]]></description>
				<styleUrl>#IconStyle10010</styleUrl>
				<Point>
					<coordinates>110.8741959,-7.6916105,0</coordinates>
				</Point>
			</Placemark>
			<Placemark id="ID_10043">
				<name>Alun-Alun Satya Negara Sukoharjo</name>
				<Snippet maxLines="0"></Snippet>
				<description><![CDATA[<html xmlns:fo="http://www.w3.org/1999/XSL/Format" xmlns:msxsl="urn:schemas-microsoft-com:xslt">

<head>

<META http-equiv="Content-Type" content="text/html">

<meta http-equiv="content-type" content="text/html; charset=UTF-8">

</head>

<body style="margin:0px 0px 0px 0px;overflow:auto;background:#FFFFFF;">

<table style="font-family:Arial,Verdana,Times;font-size:12px;text-align:left;width:100%;border-collapse:collapse;padding:3px 3px 3px 3px">

<tr style="text-align:center;font-weight:bold;background:#9CBCE2">

<td>Alun-Alun Satya Negara Sukoharjo</td>

</tr>

<tr>

<td>

<table style="font-family:Arial,Verdana,Times;font-size:12px;text-align:left;width:100%;border-spacing:0px; padding:3px 3px 3px 3px">

<tr>

<td>FID</td>

<td>43</td>

</tr>

<tr bgcolor="#D4E4F3">

<td>Name</td>

<td>Alun-Alun Satya Negara Sukoharjo</td>

</tr>

<tr>

<td>layer</td>

<td>Umum</td>

</tr>

</table>

</td>

</tr>

</table>

</body>

</html>]]></description>
				<styleUrl>#IconStyle10010</styleUrl>
				<Point>
					<coordinates>110.8404514849503,-7.683446250307319,0</coordinates>
				</Point>
			</Placemark>
			<Placemark id="ID_10044">
				<name>Taman Sonorejo</name>
				<Snippet maxLines="0"></Snippet>
				<description><![CDATA[<html xmlns:fo="http://www.w3.org/1999/XSL/Format" xmlns:msxsl="urn:schemas-microsoft-com:xslt">

<head>

<META http-equiv="Content-Type" content="text/html">

<meta http-equiv="content-type" content="text/html; charset=UTF-8">

</head>

<body style="margin:0px 0px 0px 0px;overflow:auto;background:#FFFFFF;">

<table style="font-family:Arial,Verdana,Times;font-size:12px;text-align:left;width:100%;border-collapse:collapse;padding:3px 3px 3px 3px">

<tr style="text-align:center;font-weight:bold;background:#9CBCE2">

<td>Taman Sonorejo</td>

</tr>

<tr>

<td>

<table style="font-family:Arial,Verdana,Times;font-size:12px;text-align:left;width:100%;border-spacing:0px; padding:3px 3px 3px 3px">

<tr>

<td>FID</td>

<td>44</td>

</tr>

<tr bgcolor="#D4E4F3">

<td>Name</td>

<td>Taman Sonorejo</td>

</tr>

<tr>

<td>layer</td>

<td>Umum</td>

</tr>

</table>

</td>

</tr>

</table>

</body>

</html>]]></description>
				<styleUrl>#IconStyle10010</styleUrl>
				<Point>
					<coordinates>110.7985699,-7.6494785,0</coordinates>
				</Point>
			</Placemark>
			<Placemark id="ID_10045">
				<name>GOR Jombor</name>
				<Snippet maxLines="0"></Snippet>
				<description><![CDATA[<html xmlns:fo="http://www.w3.org/1999/XSL/Format" xmlns:msxsl="urn:schemas-microsoft-com:xslt">

<head>

<META http-equiv="Content-Type" content="text/html">

<meta http-equiv="content-type" content="text/html; charset=UTF-8">

</head>

<body style="margin:0px 0px 0px 0px;overflow:auto;background:#FFFFFF;">

<table style="font-family:Arial,Verdana,Times;font-size:12px;text-align:left;width:100%;border-collapse:collapse;padding:3px 3px 3px 3px">

<tr style="text-align:center;font-weight:bold;background:#9CBCE2">

<td>GOR Jombor</td>

</tr>

<tr>

<td>

<table style="font-family:Arial,Verdana,Times;font-size:12px;text-align:left;width:100%;border-spacing:0px; padding:3px 3px 3px 3px">

<tr>

<td>FID</td>

<td>45</td>

</tr>

<tr bgcolor="#D4E4F3">

<td>Name</td>

<td>GOR Jombor</td>

</tr>

<tr>

<td>layer</td>

<td>Umum</td>

</tr>

</table>

</td>

</tr>

</table>

</body>

</html>]]></description>
				<styleUrl>#IconStyle10010</styleUrl>
				<Point>
					<coordinates>110.841959042789,-7.67248599776249,0</coordinates>
				</Point>
			</Placemark>
			<Placemark id="ID_10046">
				<name>Taman Pakujoyo</name>
				<Snippet maxLines="0"></Snippet>
				<description><![CDATA[<html xmlns:fo="http://www.w3.org/1999/XSL/Format" xmlns:msxsl="urn:schemas-microsoft-com:xslt">

<head>

<META http-equiv="Content-Type" content="text/html">

<meta http-equiv="content-type" content="text/html; charset=UTF-8">

</head>

<body style="margin:0px 0px 0px 0px;overflow:auto;background:#FFFFFF;">

<table style="font-family:Arial,Verdana,Times;font-size:12px;text-align:left;width:100%;border-collapse:collapse;padding:3px 3px 3px 3px">

<tr style="text-align:center;font-weight:bold;background:#9CBCE2">

<td>Taman Pakujoyo</td>

</tr>

<tr>

<td>

<table style="font-family:Arial,Verdana,Times;font-size:12px;text-align:left;width:100%;border-spacing:0px; padding:3px 3px 3px 3px">

<tr>

<td>FID</td>

<td>46</td>

</tr>

<tr bgcolor="#D4E4F3">

<td>Name</td>

<td>Taman Pakujoyo</td>

</tr>

<tr>

<td>layer</td>

<td>Umum</td>

</tr>

</table>

</td>

</tr>

</table>

</body>

</html>]]></description>
				<styleUrl>#IconStyle10010</styleUrl>
				<Point>
					<coordinates>110.8491235,-7.6887241,0</coordinates>
				</Point>
			</Placemark>
			<Placemark id="ID_10048">
				<name>Rumah Dinas Wabup</name>
				<Snippet maxLines="0"></Snippet>
				<description><![CDATA[<html xmlns:fo="http://www.w3.org/1999/XSL/Format" xmlns:msxsl="urn:schemas-microsoft-com:xslt">

<head>

<META http-equiv="Content-Type" content="text/html">

<meta http-equiv="content-type" content="text/html; charset=UTF-8">

</head>

<body style="margin:0px 0px 0px 0px;overflow:auto;background:#FFFFFF;">

<table style="font-family:Arial,Verdana,Times;font-size:12px;text-align:left;width:100%;border-collapse:collapse;padding:3px 3px 3px 3px">

<tr style="text-align:center;font-weight:bold;background:#9CBCE2">

<td>Rumah Dinas Wabup</td>

</tr>

<tr>

<td>

<table style="font-family:Arial,Verdana,Times;font-size:12px;text-align:left;width:100%;border-spacing:0px; padding:3px 3px 3px 3px">

<tr>

<td>FID</td>

<td>48</td>

</tr>

<tr bgcolor="#D4E4F3">

<td>Name</td>

<td>Rumah Dinas Wabup</td>

</tr>

<tr>

<td>layer</td>

<td>Umum</td>

</tr>

</table>

</td>

</tr>

</table>

</body>

</html>]]></description>
				<styleUrl>#IconStyle10010</styleUrl>
				<Point>
					<coordinates>110.849224854974,-7.690723743499531,0</coordinates>
				</Point>
			</Placemark>
			<Placemark id="ID_10049">
				<name>Rumah Ketua Dewan</name>
				<Snippet maxLines="0"></Snippet>
				<description><![CDATA[<html xmlns:fo="http://www.w3.org/1999/XSL/Format" xmlns:msxsl="urn:schemas-microsoft-com:xslt">

<head>

<META http-equiv="Content-Type" content="text/html">

<meta http-equiv="content-type" content="text/html; charset=UTF-8">

</head>

<body style="margin:0px 0px 0px 0px;overflow:auto;background:#FFFFFF;">

<table style="font-family:Arial,Verdana,Times;font-size:12px;text-align:left;width:100%;border-collapse:collapse;padding:3px 3px 3px 3px">

<tr style="text-align:center;font-weight:bold;background:#9CBCE2">

<td>Rumah Ketua Dewan</td>

</tr>

<tr>

<td>

<table style="font-family:Arial,Verdana,Times;font-size:12px;text-align:left;width:100%;border-spacing:0px; padding:3px 3px 3px 3px">

<tr>

<td>FID</td>

<td>49</td>

</tr>

<tr bgcolor="#D4E4F3">

<td>Name</td>

<td>Rumah Ketua Dewan</td>

</tr>

<tr>

<td>layer</td>

<td>Umum</td>

</tr>

</table>

</td>

</tr>

</table>

</body>

</html>]]></description>
				<styleUrl>#IconStyle10010</styleUrl>
				<Point>
					<coordinates>110.849157800105,-7.69003525458488,0</coordinates>
				</Point>
			</Placemark>
			<Placemark id="ID_10050">
				<name>Rumah Dinas Setda</name>
				<Snippet maxLines="0"></Snippet>
				<description><![CDATA[<html xmlns:fo="http://www.w3.org/1999/XSL/Format" xmlns:msxsl="urn:schemas-microsoft-com:xslt">

<head>

<META http-equiv="Content-Type" content="text/html">

<meta http-equiv="content-type" content="text/html; charset=UTF-8">

</head>

<body style="margin:0px 0px 0px 0px;overflow:auto;background:#FFFFFF;">

<table style="font-family:Arial,Verdana,Times;font-size:12px;text-align:left;width:100%;border-collapse:collapse;padding:3px 3px 3px 3px">

<tr style="text-align:center;font-weight:bold;background:#9CBCE2">

<td>Rumah Dinas Setda</td>

</tr>

<tr>

<td>

<table style="font-family:Arial,Verdana,Times;font-size:12px;text-align:left;width:100%;border-spacing:0px; padding:3px 3px 3px 3px">

<tr>

<td>FID</td>

<td>50</td>

</tr>

<tr bgcolor="#D4E4F3">

<td>Name</td>

<td>Rumah Dinas Setda</td>

</tr>

<tr>

<td>layer</td>

<td>Umum</td>

</tr>

</table>

</td>

</tr>

</table>

</body>

</html>]]></description>
				<styleUrl>#IconStyle10010</styleUrl>
				<Point>
					<coordinates>110.848992114615,-7.68485608976015,0</coordinates>
				</Point>
			</Placemark>
			<Placemark id="ID_10054">
				<name>ODP Mandan</name>
				<Snippet maxLines="0"></Snippet>
				<description><![CDATA[<html xmlns:fo="http://www.w3.org/1999/XSL/Format" xmlns:msxsl="urn:schemas-microsoft-com:xslt">

<head>

<META http-equiv="Content-Type" content="text/html">

<meta http-equiv="content-type" content="text/html; charset=UTF-8">

</head>

<body style="margin:0px 0px 0px 0px;overflow:auto;background:#FFFFFF;">

<table style="font-family:Arial,Verdana,Times;font-size:12px;text-align:left;width:100%;border-collapse:collapse;padding:3px 3px 3px 3px">

<tr style="text-align:center;font-weight:bold;background:#9CBCE2">

<td>ODP Mandan</td>

</tr>

<tr>

<td>

<table style="font-family:Arial,Verdana,Times;font-size:12px;text-align:left;width:100%;border-spacing:0px; padding:3px 3px 3px 3px">

<tr>

<td>FID</td>

<td>54</td>

</tr>

<tr bgcolor="#D4E4F3">

<td>Name</td>

<td>ODP Mandan</td>

</tr>

<tr>

<td>layer</td>

<td>ODP</td>

</tr>

</table>

</td>

</tr>

</table>

</body>

</html>]]></description>
				<styleUrl>#IconStyle10010</styleUrl>
				<Point>
					<coordinates>110.8390870012971,-7.693544167694721,0</coordinates>
				</Point>
			</Placemark>
			<Placemark id="ID_10055">
				<name>ODP Kelurahan Kenep</name>
				<Snippet maxLines="0"></Snippet>
				<description><![CDATA[<html xmlns:fo="http://www.w3.org/1999/XSL/Format" xmlns:msxsl="urn:schemas-microsoft-com:xslt">

<head>

<META http-equiv="Content-Type" content="text/html">

<meta http-equiv="content-type" content="text/html; charset=UTF-8">

</head>

<body style="margin:0px 0px 0px 0px;overflow:auto;background:#FFFFFF;">

<table style="font-family:Arial,Verdana,Times;font-size:12px;text-align:left;width:100%;border-collapse:collapse;padding:3px 3px 3px 3px">

<tr style="text-align:center;font-weight:bold;background:#9CBCE2">

<td>ODP Kelurahan Kenep</td>

</tr>

<tr>

<td>

<table style="font-family:Arial,Verdana,Times;font-size:12px;text-align:left;width:100%;border-spacing:0px; padding:3px 3px 3px 3px">

<tr>

<td>FID</td>

<td>55</td>

</tr>

<tr bgcolor="#D4E4F3">

<td>Name</td>

<td>ODP Kelurahan Kenep</td>

</tr>

<tr>

<td>layer</td>

<td>ODP</td>

</tr>

</table>

</td>

</tr>

</table>

</body>

</html>]]></description>
				<styleUrl>#IconStyle10010</styleUrl>
				<Point>
					<coordinates>110.80794716761,-7.69966995445801,0</coordinates>
				</Point>
			</Placemark>
			<Placemark id="ID_10066">
				<name>ODP Taman Pakujoyo</name>
				<Snippet maxLines="0"></Snippet>
				<description><![CDATA[<html xmlns:fo="http://www.w3.org/1999/XSL/Format" xmlns:msxsl="urn:schemas-microsoft-com:xslt">

<head>

<META http-equiv="Content-Type" content="text/html">

<meta http-equiv="content-type" content="text/html; charset=UTF-8">

</head>

<body style="margin:0px 0px 0px 0px;overflow:auto;background:#FFFFFF;">

<table style="font-family:Arial,Verdana,Times;font-size:12px;text-align:left;width:100%;border-collapse:collapse;padding:3px 3px 3px 3px">

<tr style="text-align:center;font-weight:bold;background:#9CBCE2">

<td>ODP Taman Pakujoyo</td>

</tr>

<tr>

<td>

<table style="font-family:Arial,Verdana,Times;font-size:12px;text-align:left;width:100%;border-spacing:0px; padding:3px 3px 3px 3px">

<tr>

<td>FID</td>

<td>66</td>

</tr>

<tr bgcolor="#D4E4F3">

<td>Name</td>

<td>ODP Taman Pakujoyo</td>

</tr>

<tr>

<td>layer</td>

<td>ODP</td>

</tr>

</table>

</td>

</tr>

</table>

</body>

</html>]]></description>
				<styleUrl>#IconStyle10010</styleUrl>
				<Point>
					<coordinates>110.8489055806646,-7.688710523381889,0</coordinates>
				</Point>
			</Placemark>
			<Placemark id="ID_10067">
				<name>ODP Gor Jombor</name>
				<Snippet maxLines="0"></Snippet>
				<description><![CDATA[<html xmlns:fo="http://www.w3.org/1999/XSL/Format" xmlns:msxsl="urn:schemas-microsoft-com:xslt">

<head>

<META http-equiv="Content-Type" content="text/html">

<meta http-equiv="content-type" content="text/html; charset=UTF-8">

</head>

<body style="margin:0px 0px 0px 0px;overflow:auto;background:#FFFFFF;">

<table style="font-family:Arial,Verdana,Times;font-size:12px;text-align:left;width:100%;border-collapse:collapse;padding:3px 3px 3px 3px">

<tr style="text-align:center;font-weight:bold;background:#9CBCE2">

<td>ODP Gor Jombor</td>

</tr>

<tr>

<td>

<table style="font-family:Arial,Verdana,Times;font-size:12px;text-align:left;width:100%;border-spacing:0px; padding:3px 3px 3px 3px">

<tr>

<td>FID</td>

<td>67</td>

</tr>

<tr bgcolor="#D4E4F3">

<td>Name</td>

<td>ODP Gor Jombor</td>

</tr>

<tr>

<td>layer</td>

<td>ODP</td>

</tr>

</table>

</td>

</tr>

</table>

</body>

</html>]]></description>
				<styleUrl>#IconStyle10010</styleUrl>
				<Point>
					<coordinates>110.8416049487678,-7.673432671359969,0</coordinates>
				</Point>
			</Placemark>
			<Placemark id="ID_10068">
				<name>ODP Puskesmas Sukoharjo</name>
				<Snippet maxLines="0"></Snippet>
				<description><![CDATA[<html xmlns:fo="http://www.w3.org/1999/XSL/Format" xmlns:msxsl="urn:schemas-microsoft-com:xslt">

<head>

<META http-equiv="Content-Type" content="text/html">

<meta http-equiv="content-type" content="text/html; charset=UTF-8">

</head>

<body style="margin:0px 0px 0px 0px;overflow:auto;background:#FFFFFF;">

<table style="font-family:Arial,Verdana,Times;font-size:12px;text-align:left;width:100%;border-collapse:collapse;padding:3px 3px 3px 3px">

<tr style="text-align:center;font-weight:bold;background:#9CBCE2">

<td>ODP Puskesmas Sukoharjo</td>

</tr>

<tr>

<td>

<table style="font-family:Arial,Verdana,Times;font-size:12px;text-align:left;width:100%;border-spacing:0px; padding:3px 3px 3px 3px">

<tr>

<td>FID</td>

<td>68</td>

</tr>

<tr bgcolor="#D4E4F3">

<td>Name</td>

<td>ODP Puskesmas Sukoharjo</td>

</tr>

<tr>

<td>layer</td>

<td>ODP</td>

</tr>

</table>

</td>

</tr>

</table>

</body>

</html>]]></description>
				<styleUrl>#IconStyle10010</styleUrl>
				<Point>
					<coordinates>110.8363479089561,-7.675640362999073,0</coordinates>
				</Point>
			</Placemark>
			<Placemark id="ID_10069">
				<name>ODP Kelurahan Combongan</name>
				<Snippet maxLines="0"></Snippet>
				<description><![CDATA[<html xmlns:fo="http://www.w3.org/1999/XSL/Format" xmlns:msxsl="urn:schemas-microsoft-com:xslt">

<head>

<META http-equiv="Content-Type" content="text/html">

<meta http-equiv="content-type" content="text/html; charset=UTF-8">

</head>

<body style="margin:0px 0px 0px 0px;overflow:auto;background:#FFFFFF;">

<table style="font-family:Arial,Verdana,Times;font-size:12px;text-align:left;width:100%;border-collapse:collapse;padding:3px 3px 3px 3px">

<tr style="text-align:center;font-weight:bold;background:#9CBCE2">

<td>ODP Kelurahan Combongan</td>

</tr>

<tr>

<td>

<table style="font-family:Arial,Verdana,Times;font-size:12px;text-align:left;width:100%;border-spacing:0px; padding:3px 3px 3px 3px">

<tr>

<td>FID</td>

<td>69</td>

</tr>

<tr bgcolor="#D4E4F3">

<td>Name</td>

<td>ODP Kelurahan Combongan</td>

</tr>

<tr>

<td>layer</td>

<td>ODP</td>

</tr>

</table>

</td>

</tr>

</table>

</body>

</html>]]></description>
				<styleUrl>#IconStyle10010</styleUrl>
				<Point>
					<coordinates>110.8113553768977,-7.686589970937689,0</coordinates>
				</Point>
			</Placemark>
			<Placemark id="ID_10070">
				<name>ODP Banmati</name>
				<Snippet maxLines="0"></Snippet>
				<description><![CDATA[<html xmlns:fo="http://www.w3.org/1999/XSL/Format" xmlns:msxsl="urn:schemas-microsoft-com:xslt">

<head>

<META http-equiv="Content-Type" content="text/html">

<meta http-equiv="content-type" content="text/html; charset=UTF-8">

</head>

<body style="margin:0px 0px 0px 0px;overflow:auto;background:#FFFFFF;">

<table style="font-family:Arial,Verdana,Times;font-size:12px;text-align:left;width:100%;border-collapse:collapse;padding:3px 3px 3px 3px">

<tr style="text-align:center;font-weight:bold;background:#9CBCE2">

<td>ODP Banmati</td>

</tr>

<tr>

<td>

<table style="font-family:Arial,Verdana,Times;font-size:12px;text-align:left;width:100%;border-spacing:0px; padding:3px 3px 3px 3px">

<tr>

<td>FID</td>

<td>70</td>

</tr>

<tr bgcolor="#D4E4F3">

<td>Name</td>

<td>ODP Banmati</td>

</tr>

<tr>

<td>layer</td>

<td>ODP</td>

</tr>

</table>

</td>

</tr>

</table>

</body>

</html>]]></description>
				<styleUrl>#IconStyle10010</styleUrl>
				<Point>
					<coordinates>110.816720298845,-7.710831260186256,0</coordinates>
				</Point>
			</Placemark>
			<Placemark id="ID_10071">
				<name>Pasar Tawangsari</name>
				<Snippet maxLines="0"></Snippet>
				<description><![CDATA[<html xmlns:fo="http://www.w3.org/1999/XSL/Format" xmlns:msxsl="urn:schemas-microsoft-com:xslt">

<head>

<META http-equiv="Content-Type" content="text/html">

<meta http-equiv="content-type" content="text/html; charset=UTF-8">

</head>

<body style="margin:0px 0px 0px 0px;overflow:auto;background:#FFFFFF;">

<table style="font-family:Arial,Verdana,Times;font-size:12px;text-align:left;width:100%;border-collapse:collapse;padding:3px 3px 3px 3px">

<tr style="text-align:center;font-weight:bold;background:#9CBCE2">

<td>Pasar Tawangsari</td>

</tr>

<tr>

<td>

<table style="font-family:Arial,Verdana,Times;font-size:12px;text-align:left;width:100%;border-spacing:0px; padding:3px 3px 3px 3px">

<tr>

<td>FID</td>

<td>71</td>

</tr>

<tr bgcolor="#D4E4F3">

<td>Name</td>

<td>Pasar Tawangsari</td>

</tr>

<tr>

<td>layer</td>

<td>Pasar</td>

</tr>

</table>

</td>

</tr>

</table>

</body>

</html>]]></description>
				<styleUrl>#IconStyle10010</styleUrl>
				<Point>
					<coordinates>110.7956178446135,-7.735963483240425,0</coordinates>
				</Point>
			</Placemark>
			<Placemark id="ID_10072">
				<name>ODP Terminal Sukoharjo</name>
				<Snippet maxLines="0"></Snippet>
				<description><![CDATA[<html xmlns:fo="http://www.w3.org/1999/XSL/Format" xmlns:msxsl="urn:schemas-microsoft-com:xslt">

<head>

<META http-equiv="Content-Type" content="text/html">

<meta http-equiv="content-type" content="text/html; charset=UTF-8">

</head>

<body style="margin:0px 0px 0px 0px;overflow:auto;background:#FFFFFF;">

<table style="font-family:Arial,Verdana,Times;font-size:12px;text-align:left;width:100%;border-collapse:collapse;padding:3px 3px 3px 3px">

<tr style="text-align:center;font-weight:bold;background:#9CBCE2">

<td>ODP Terminal Sukoharjo</td>

</tr>

<tr>

<td>

<table style="font-family:Arial,Verdana,Times;font-size:12px;text-align:left;width:100%;border-spacing:0px; padding:3px 3px 3px 3px">

<tr>

<td>FID</td>

<td>72</td>

</tr>

<tr bgcolor="#D4E4F3">

<td>Name</td>

<td>ODP Terminal Sukoharjo</td>

</tr>

<tr>

<td>layer</td>

<td>ODP</td>

</tr>

</table>

</td>

</tr>

</table>

</body>

</html>]]></description>
				<styleUrl>#IconStyle10010</styleUrl>
				<Point>
					<coordinates>110.8484136947727,-7.694041433239576,0</coordinates>
				</Point>
			</Placemark>
			<Placemark id="ID_10073">
				<name>ODP DPRD</name>
				<Snippet maxLines="0"></Snippet>
				<description><![CDATA[<html xmlns:fo="http://www.w3.org/1999/XSL/Format" xmlns:msxsl="urn:schemas-microsoft-com:xslt">

<head>

<META http-equiv="Content-Type" content="text/html">

<meta http-equiv="content-type" content="text/html; charset=UTF-8">

</head>

<body style="margin:0px 0px 0px 0px;overflow:auto;background:#FFFFFF;">

<table style="font-family:Arial,Verdana,Times;font-size:12px;text-align:left;width:100%;border-collapse:collapse;padding:3px 3px 3px 3px">

<tr style="text-align:center;font-weight:bold;background:#9CBCE2">

<td>ODP DPRD</td>

</tr>

<tr>

<td>

<table style="font-family:Arial,Verdana,Times;font-size:12px;text-align:left;width:100%;border-spacing:0px; padding:3px 3px 3px 3px">

<tr>

<td>FID</td>

<td>73</td>

</tr>

<tr bgcolor="#D4E4F3">

<td>Name</td>

<td>ODP DPRD</td>

</tr>

<tr>

<td>layer</td>

<td>ODP</td>

</tr>

</table>

</td>

</tr>

</table>

</body>

</html>]]></description>
				<styleUrl>#IconStyle10010</styleUrl>
				<Point>
					<coordinates>110.8362716030664,-7.704052125079976,0</coordinates>
				</Point>
			</Placemark>
			<Placemark id="ID_10074">
				<name>ODP Songgorunggi</name>
				<Snippet maxLines="0"></Snippet>
				<description><![CDATA[<html xmlns:fo="http://www.w3.org/1999/XSL/Format" xmlns:msxsl="urn:schemas-microsoft-com:xslt">

<head>

<META http-equiv="Content-Type" content="text/html">

<meta http-equiv="content-type" content="text/html; charset=UTF-8">

</head>

<body style="margin:0px 0px 0px 0px;overflow:auto;background:#FFFFFF;">

<table style="font-family:Arial,Verdana,Times;font-size:12px;text-align:left;width:100%;border-collapse:collapse;padding:3px 3px 3px 3px">

<tr style="text-align:center;font-weight:bold;background:#9CBCE2">

<td>ODP Songgorunggi</td>

</tr>

<tr>

<td>

<table style="font-family:Arial,Verdana,Times;font-size:12px;text-align:left;width:100%;border-spacing:0px; padding:3px 3px 3px 3px">

<tr>

<td>FID</td>

<td>74</td>

</tr>

<tr bgcolor="#D4E4F3">

<td>Name</td>

<td>ODP Songgorunggi</td>

</tr>

<tr>

<td>layer</td>

<td>ODP</td>

</tr>

</table>

</td>

</tr>

</table>

</body>

</html>]]></description>
				<styleUrl>#IconStyle10010</styleUrl>
				<Point>
					<coordinates>110.8652335833903,-7.722364079560821,0</coordinates>
				</Point>
			</Placemark>
			<Placemark id="ID_10075">
				<name>Pasar Carikan</name>
				<Snippet maxLines="0"></Snippet>
				<description><![CDATA[<html xmlns:fo="http://www.w3.org/1999/XSL/Format" xmlns:msxsl="urn:schemas-microsoft-com:xslt">

<head>

<META http-equiv="Content-Type" content="text/html">

<meta http-equiv="content-type" content="text/html; charset=UTF-8">

</head>

<body style="margin:0px 0px 0px 0px;overflow:auto;background:#FFFFFF;">

<table style="font-family:Arial,Verdana,Times;font-size:12px;text-align:left;width:100%;border-collapse:collapse;padding:3px 3px 3px 3px">

<tr style="text-align:center;font-weight:bold;background:#9CBCE2">

<td>Pasar Carikan</td>

</tr>

<tr>

<td>

<table style="font-family:Arial,Verdana,Times;font-size:12px;text-align:left;width:100%;border-spacing:0px; padding:3px 3px 3px 3px">

<tr>

<td>FID</td>

<td>75</td>

</tr>

<tr bgcolor="#D4E4F3">

<td>Name</td>

<td>Pasar Carikan</td>

</tr>

<tr>

<td>layer</td>

<td>Pasar</td>

</tr>

</table>

</td>

</tr>

</table>

</body>

</html>]]></description>
				<styleUrl>#IconStyle10010</styleUrl>
				<Point>
					<coordinates>110.8319109284411,-7.681112129732102,0</coordinates>
				</Point>
			</Placemark>
			<Placemark id="ID_10076">
				<name>Pasar Cuplik</name>
				<Snippet maxLines="0"></Snippet>
				<description><![CDATA[<html xmlns:fo="http://www.w3.org/1999/XSL/Format" xmlns:msxsl="urn:schemas-microsoft-com:xslt">

<head>

<META http-equiv="Content-Type" content="text/html">

<meta http-equiv="content-type" content="text/html; charset=UTF-8">

</head>

<body style="margin:0px 0px 0px 0px;overflow:auto;background:#FFFFFF;">

<table style="font-family:Arial,Verdana,Times;font-size:12px;text-align:left;width:100%;border-collapse:collapse;padding:3px 3px 3px 3px">

<tr style="text-align:center;font-weight:bold;background:#9CBCE2">

<td>Pasar Cuplik</td>

</tr>

<tr>

<td>

<table style="font-family:Arial,Verdana,Times;font-size:12px;text-align:left;width:100%;border-spacing:0px; padding:3px 3px 3px 3px">

<tr>

<td>FID</td>

<td>76</td>

</tr>

<tr bgcolor="#D4E4F3">

<td>Name</td>

<td>Pasar Cuplik</td>

</tr>

<tr>

<td>layer</td>

<td>Pasar</td>

</tr>

</table>

</td>

</tr>

</table>

</body>

</html>]]></description>
				<styleUrl>#IconStyle10010</styleUrl>
				<Point>
					<coordinates>110.7949563776695,-7.675373834321,0</coordinates>
				</Point>
			</Placemark>
			<Placemark id="ID_10081">
				<name>Pasar Mulur</name>
				<Snippet maxLines="0"></Snippet>
				<description><![CDATA[<html xmlns:fo="http://www.w3.org/1999/XSL/Format" xmlns:msxsl="urn:schemas-microsoft-com:xslt">

<head>

<META http-equiv="Content-Type" content="text/html">

<meta http-equiv="content-type" content="text/html; charset=UTF-8">

</head>

<body style="margin:0px 0px 0px 0px;overflow:auto;background:#FFFFFF;">

<table style="font-family:Arial,Verdana,Times;font-size:12px;text-align:left;width:100%;border-collapse:collapse;padding:3px 3px 3px 3px">

<tr style="text-align:center;font-weight:bold;background:#9CBCE2">

<td>Pasar Mulur</td>

</tr>

<tr>

<td>

<table style="font-family:Arial,Verdana,Times;font-size:12px;text-align:left;width:100%;border-spacing:0px; padding:3px 3px 3px 3px">

<tr>

<td>FID</td>

<td>81</td>

</tr>

<tr bgcolor="#D4E4F3">

<td>Name</td>

<td>Pasar Mulur</td>

</tr>

<tr>

<td>layer</td>

<td>Pasar</td>

</tr>

</table>

</td>

</tr>

</table>

</body>

</html>]]></description>
				<styleUrl>#IconStyle10010</styleUrl>
				<Point>
					<coordinates>110.876904718692,-7.697780194952011,0</coordinates>
				</Point>
			</Placemark>
			<Placemark id="ID_10083">
				<name>Pasar Kepuh</name>
				<Snippet maxLines="0"></Snippet>
				<description><![CDATA[<html xmlns:fo="http://www.w3.org/1999/XSL/Format" xmlns:msxsl="urn:schemas-microsoft-com:xslt">

<head>

<META http-equiv="Content-Type" content="text/html">

<meta http-equiv="content-type" content="text/html; charset=UTF-8">

</head>

<body style="margin:0px 0px 0px 0px;overflow:auto;background:#FFFFFF;">

<table style="font-family:Arial,Verdana,Times;font-size:12px;text-align:left;width:100%;border-collapse:collapse;padding:3px 3px 3px 3px">

<tr style="text-align:center;font-weight:bold;background:#9CBCE2">

<td>Pasar Kepuh</td>

</tr>

<tr>

<td>

<table style="font-family:Arial,Verdana,Times;font-size:12px;text-align:left;width:100%;border-spacing:0px; padding:3px 3px 3px 3px">

<tr>

<td>FID</td>

<td>83</td>

</tr>

<tr bgcolor="#D4E4F3">

<td>Name</td>

<td>Pasar Kepuh</td>

</tr>

<tr>

<td>layer</td>

<td>Pasar</td>

</tr>

</table>

</td>

</tr>

</table>

</body>

</html>]]></description>
				<styleUrl>#IconStyle10010</styleUrl>
				<Point>
					<coordinates>110.8581471576721,-7.709370861906867,0</coordinates>
				</Point>
			</Placemark>
			<Placemark id="ID_10084">
				<name>ODP Alun-Alun</name>
				<Snippet maxLines="0"></Snippet>
				<description><![CDATA[<html xmlns:fo="http://www.w3.org/1999/XSL/Format" xmlns:msxsl="urn:schemas-microsoft-com:xslt">

<head>

<META http-equiv="Content-Type" content="text/html">

<meta http-equiv="content-type" content="text/html; charset=UTF-8">

</head>

<body style="margin:0px 0px 0px 0px;overflow:auto;background:#FFFFFF;">

<table style="font-family:Arial,Verdana,Times;font-size:12px;text-align:left;width:100%;border-collapse:collapse;padding:3px 3px 3px 3px">

<tr style="text-align:center;font-weight:bold;background:#9CBCE2">

<td>ODP Alun-Alun</td>

</tr>

<tr>

<td>

<table style="font-family:Arial,Verdana,Times;font-size:12px;text-align:left;width:100%;border-spacing:0px; padding:3px 3px 3px 3px">

<tr>

<td>FID</td>

<td>84</td>

</tr>

<tr bgcolor="#D4E4F3">

<td>Name</td>

<td>ODP Alun-Alun</td>

</tr>

<tr>

<td>layer</td>

<td>ODP</td>

</tr>

</table>

</td>

</tr>

</table>

</body>

</html>]]></description>
				<styleUrl>#IconStyle1001</styleUrl>
				<Point>
					<coordinates>110.8399263183403,-7.682233103127595,0</coordinates>
				</Point>
			</Placemark>
			<Folder>
				<name>AREA 1</name>
				<open>1</open>
				<Folder>
					<name>ODP/CLOSURE</name>
					<open>1</open>
					<Placemark id="ID_10053">
						<name>ODP Patung Jamu</name>
						<open>1</open>
						<Snippet maxLines="0"></Snippet>
						<description><![CDATA[<html xmlns:fo="http://www.w3.org/1999/XSL/Format" xmlns:msxsl="urn:schemas-microsoft-com:xslt">

<head>

<META http-equiv="Content-Type" content="text/html">

<meta http-equiv="content-type" content="text/html; charset=UTF-8">

</head>

<body style="margin:0px 0px 0px 0px;overflow:auto;background:#FFFFFF;">

<table style="font-family:Arial,Verdana,Times;font-size:12px;text-align:left;width:100%;border-collapse:collapse;padding:3px 3px 3px 3px">

<tr style="text-align:center;font-weight:bold;background:#9CBCE2">

<td>ODP Patung Jamu</td>

</tr>

<tr>

<td>

<table style="font-family:Arial,Verdana,Times;font-size:12px;text-align:left;width:100%;border-spacing:0px; padding:3px 3px 3px 3px">

<tr>

<td>FID</td>

<td>53</td>

</tr>

<tr bgcolor="#D4E4F3">

<td>Name</td>

<td>ODP Patung Jamu</td>

</tr>

<tr>

<td>layer</td>

<td>ODP</td>

</tr>

</table>

</td>

</tr>

</table>

</body>

</html>]]></description>
						<styleUrl>#IconStyle10010</styleUrl>
						<Point>
							<coordinates>110.8305164150972,-7.645617329417544,0</coordinates>
						</Point>
					</Placemark>
					<Placemark id="ID_10065">
						<name>ODP Kecamatan Polokarto</name>
						<open>1</open>
						<Snippet maxLines="0"></Snippet>
						<description><![CDATA[<html xmlns:fo="http://www.w3.org/1999/XSL/Format" xmlns:msxsl="urn:schemas-microsoft-com:xslt">

<head>

<META http-equiv="Content-Type" content="text/html">

<meta http-equiv="content-type" content="text/html; charset=UTF-8">

</head>

<body style="margin:0px 0px 0px 0px;overflow:auto;background:#FFFFFF;">

<table style="font-family:Arial,Verdana,Times;font-size:12px;text-align:left;width:100%;border-collapse:collapse;padding:3px 3px 3px 3px">

<tr style="text-align:center;font-weight:bold;background:#9CBCE2">

<td>ODP Kecamatan Polokarto</td>

</tr>

<tr>

<td>

<table style="font-family:Arial,Verdana,Times;font-size:12px;text-align:left;width:100%;border-spacing:0px; padding:3px 3px 3px 3px">

<tr>

<td>FID</td>

<td>65</td>

</tr>

<tr bgcolor="#D4E4F3">

<td>Name</td>

<td>ODP Kecamatan Polokarto</td>

</tr>

<tr>

<td>layer</td>

<td>ODP</td>

</tr>

</table>

</td>

</tr>

</table>

</body>

</html>]]></description>
						<styleUrl>#IconStyle10010</styleUrl>
						<Point>
							<coordinates>110.8963075278796,-7.627925657856371,0</coordinates>
						</Point>
					</Placemark>
					<Placemark id="ID_10064">
						<name>ODP Kecamatan Mojolaban</name>
						<open>1</open>
						<Snippet maxLines="0"></Snippet>
						<description><![CDATA[<html xmlns:fo="http://www.w3.org/1999/XSL/Format" xmlns:msxsl="urn:schemas-microsoft-com:xslt">

<head>

<META http-equiv="Content-Type" content="text/html">

<meta http-equiv="content-type" content="text/html; charset=UTF-8">

</head>

<body style="margin:0px 0px 0px 0px;overflow:auto;background:#FFFFFF;">

<table style="font-family:Arial,Verdana,Times;font-size:12px;text-align:left;width:100%;border-collapse:collapse;padding:3px 3px 3px 3px">

<tr style="text-align:center;font-weight:bold;background:#9CBCE2">

<td>ODP Kecamatan Mojolaban</td>

</tr>

<tr>

<td>

<table style="font-family:Arial,Verdana,Times;font-size:12px;text-align:left;width:100%;border-spacing:0px; padding:3px 3px 3px 3px">

<tr>

<td>FID</td>

<td>64</td>

</tr>

<tr bgcolor="#D4E4F3">

<td>Name</td>

<td>ODP Kecamatan Mojolaban</td>

</tr>

<tr>

<td>layer</td>

<td>ODP</td>

</tr>

</table>

</td>

</tr>

</table>

</body>

</html>]]></description>
						<styleUrl>#IconStyle10010</styleUrl>
						<Point>
							<coordinates>110.8710689440237,-7.605099761209848,0</coordinates>
						</Point>
					</Placemark>
					<Placemark id="ID_10063">
						<name>ODP The Park</name>
						<open>1</open>
						<Snippet maxLines="0"></Snippet>
						<description><![CDATA[<html xmlns:fo="http://www.w3.org/1999/XSL/Format" xmlns:msxsl="urn:schemas-microsoft-com:xslt">

<head>

<META http-equiv="Content-Type" content="text/html">

<meta http-equiv="content-type" content="text/html; charset=UTF-8">

</head>

<body style="margin:0px 0px 0px 0px;overflow:auto;background:#FFFFFF;">

<table style="font-family:Arial,Verdana,Times;font-size:12px;text-align:left;width:100%;border-collapse:collapse;padding:3px 3px 3px 3px">

<tr style="text-align:center;font-weight:bold;background:#9CBCE2">

<td>ODP The Park</td>

</tr>

<tr>

<td>

<table style="font-family:Arial,Verdana,Times;font-size:12px;text-align:left;width:100%;border-spacing:0px; padding:3px 3px 3px 3px">

<tr>

<td>FID</td>

<td>63</td>

</tr>

<tr bgcolor="#D4E4F3">

<td>Name</td>

<td>ODP The Park</td>

</tr>

<tr>

<td>layer</td>

<td>ODP</td>

</tr>

</table>

</td>

</tr>

</table>

</body>

</html>]]></description>
						<styleUrl>#IconStyle10010</styleUrl>
						<Point>
							<coordinates>110.8163984401635,-7.598636818914198,0</coordinates>
						</Point>
					</Placemark>
					<Placemark id="ID_10062">
						<name>ODP Baki</name>
						<open>1</open>
						<Snippet maxLines="0"></Snippet>
						<description><![CDATA[<html xmlns:fo="http://www.w3.org/1999/XSL/Format" xmlns:msxsl="urn:schemas-microsoft-com:xslt">

<head>

<META http-equiv="Content-Type" content="text/html">

<meta http-equiv="content-type" content="text/html; charset=UTF-8">

</head>

<body style="margin:0px 0px 0px 0px;overflow:auto;background:#FFFFFF;">

<table style="font-family:Arial,Verdana,Times;font-size:12px;text-align:left;width:100%;border-collapse:collapse;padding:3px 3px 3px 3px">

<tr style="text-align:center;font-weight:bold;background:#9CBCE2">

<td>ODP Baki</td>

</tr>

<tr>

<td>

<table style="font-family:Arial,Verdana,Times;font-size:12px;text-align:left;width:100%;border-spacing:0px; padding:3px 3px 3px 3px">

<tr>

<td>FID</td>

<td>62</td>

</tr>

<tr bgcolor="#D4E4F3">

<td>Name</td>

<td>ODP Baki</td>

</tr>

<tr>

<td>layer</td>

<td>ODP</td>

</tr>

</table>

</td>

</tr>

</table>

</body>

</html>]]></description>
						<styleUrl>#IconStyle10010</styleUrl>
						<Point>
							<coordinates>110.7846653444904,-7.607117534357045,0</coordinates>
						</Point>
					</Placemark>
					<Placemark id="ID_10051">
						<name>ODP RCTI</name>
						<open>1</open>
						<Snippet maxLines="0"></Snippet>
						<description><![CDATA[<html xmlns:fo="http://www.w3.org/1999/XSL/Format" xmlns:msxsl="urn:schemas-microsoft-com:xslt">

<head>

<META http-equiv="Content-Type" content="text/html">

<meta http-equiv="content-type" content="text/html; charset=UTF-8">

</head>

<body style="margin:0px 0px 0px 0px;overflow:auto;background:#FFFFFF;">

<table style="font-family:Arial,Verdana,Times;font-size:12px;text-align:left;width:100%;border-collapse:collapse;padding:3px 3px 3px 3px">

<tr style="text-align:center;font-weight:bold;background:#9CBCE2">

<td>ODP RCTI</td>

</tr>

<tr>

<td>

<table style="font-family:Arial,Verdana,Times;font-size:12px;text-align:left;width:100%;border-spacing:0px; padding:3px 3px 3px 3px">

<tr>

<td>FID</td>

<td>51</td>

</tr>

<tr bgcolor="#D4E4F3">

<td>Name</td>

<td>ODP RCTI</td>

</tr>

<tr>

<td>layer</td>

<td>ODP</td>

</tr>

</table>

</td>

</tr>

</table>

</body>

</html>]]></description>
						<styleUrl>#IconStyle1001</styleUrl>
						<Point>
							<coordinates>110.7828708374261,-7.578004281847674,0</coordinates>
						</Point>
					</Placemark>
					<Placemark id="ID_10061">
						<name>ODP Makam Haji</name>
						<open>1</open>
						<Snippet maxLines="0"></Snippet>
						<description><![CDATA[<html xmlns:fo="http://www.w3.org/1999/XSL/Format" xmlns:msxsl="urn:schemas-microsoft-com:xslt">

<head>

<META http-equiv="Content-Type" content="text/html">

<meta http-equiv="content-type" content="text/html; charset=UTF-8">

</head>

<body style="margin:0px 0px 0px 0px;overflow:auto;background:#FFFFFF;">

<table style="font-family:Arial,Verdana,Times;font-size:12px;text-align:left;width:100%;border-collapse:collapse;padding:3px 3px 3px 3px">

<tr style="text-align:center;font-weight:bold;background:#9CBCE2">

<td>ODP Makam Haji</td>

</tr>

<tr>

<td>

<table style="font-family:Arial,Verdana,Times;font-size:12px;text-align:left;width:100%;border-spacing:0px; padding:3px 3px 3px 3px">

<tr>

<td>FID</td>

<td>61</td>

</tr>

<tr bgcolor="#D4E4F3">

<td>Name</td>

<td>ODP Makam Haji</td>

</tr>

<tr>

<td>layer</td>

<td>ODP</td>

</tr>

</table>

</td>

</tr>

</table>

</body>

</html>]]></description>
						<styleUrl>#IconStyle10010</styleUrl>
						<Point>
							<coordinates>110.777351333419,-7.56674811970345,0</coordinates>
						</Point>
					</Placemark>
					<Placemark id="ID_10077">
						<name>ODP Pasar Gawok</name>
						<open>1</open>
						<Snippet maxLines="0"></Snippet>
						<description><![CDATA[<html xmlns:fo="http://www.w3.org/1999/XSL/Format" xmlns:msxsl="urn:schemas-microsoft-com:xslt">

<head>

<META http-equiv="Content-Type" content="text/html">

<meta http-equiv="content-type" content="text/html; charset=UTF-8">

</head>

<body style="margin:0px 0px 0px 0px;overflow:auto;background:#FFFFFF;">

<table style="font-family:Arial,Verdana,Times;font-size:12px;text-align:left;width:100%;border-collapse:collapse;padding:3px 3px 3px 3px">

<tr style="text-align:center;font-weight:bold;background:#9CBCE2">

<td>ODP Pasar Gawok</td>

</tr>

<tr>

<td>

<table style="font-family:Arial,Verdana,Times;font-size:12px;text-align:left;width:100%;border-spacing:0px; padding:3px 3px 3px 3px">

<tr>

<td>FID</td>

<td>77</td>

</tr>

<tr bgcolor="#D4E4F3">

<td>Name</td>

<td>ODP Pasar Gawok</td>

</tr>

<tr>

<td>layer</td>

<td>ODP</td>

</tr>

</table>

</td>

</tr>

</table>

</body>

</html>]]></description>
						<styleUrl>#IconStyle10010</styleUrl>
						<Point>
							<coordinates>110.751982636522,-7.602967509400811,0</coordinates>
						</Point>
					</Placemark>
					<Placemark id="ID_10060">
						<name>ODP UMS</name>
						<open>1</open>
						<Snippet maxLines="0"></Snippet>
						<description><![CDATA[<html xmlns:fo="http://www.w3.org/1999/XSL/Format" xmlns:msxsl="urn:schemas-microsoft-com:xslt">

<head>

<META http-equiv="Content-Type" content="text/html">

<meta http-equiv="content-type" content="text/html; charset=UTF-8">

</head>

<body style="margin:0px 0px 0px 0px;overflow:auto;background:#FFFFFF;">

<table style="font-family:Arial,Verdana,Times;font-size:12px;text-align:left;width:100%;border-collapse:collapse;padding:3px 3px 3px 3px">

<tr style="text-align:center;font-weight:bold;background:#9CBCE2">

<td>ODP UMS</td>

</tr>

<tr>

<td>

<table style="font-family:Arial,Verdana,Times;font-size:12px;text-align:left;width:100%;border-spacing:0px; padding:3px 3px 3px 3px">

<tr>

<td>FID</td>

<td>60</td>

</tr>

<tr bgcolor="#D4E4F3">

<td>Name</td>

<td>ODP UMS</td>

</tr>

<tr>

<td>layer</td>

<td>ODP</td>

</tr>

</table>

</td>

</tr>

</table>

</body>

</html>]]></description>
						<styleUrl>#IconStyle10010</styleUrl>
						<Point>
							<coordinates>110.7690550175585,-7.559606406413293,0</coordinates>
						</Point>
					</Placemark>
					<Placemark id="ID_10056">
						<name>ODP Kelurahan Ngadirejo</name>
						<open>1</open>
						<Snippet maxLines="0"></Snippet>
						<description><![CDATA[<html xmlns:fo="http://www.w3.org/1999/XSL/Format" xmlns:msxsl="urn:schemas-microsoft-com:xslt">

<head>

<META http-equiv="Content-Type" content="text/html">

<meta http-equiv="content-type" content="text/html; charset=UTF-8">

</head>

<body style="margin:0px 0px 0px 0px;overflow:auto;background:#FFFFFF;">

<table style="font-family:Arial,Verdana,Times;font-size:12px;text-align:left;width:100%;border-collapse:collapse;padding:3px 3px 3px 3px">

<tr style="text-align:center;font-weight:bold;background:#9CBCE2">

<td>ODP Kelurahan Ngadirejo</td>

</tr>

<tr>

<td>

<table style="font-family:Arial,Verdana,Times;font-size:12px;text-align:left;width:100%;border-spacing:0px; padding:3px 3px 3px 3px">

<tr>

<td>FID</td>

<td>56</td>

</tr>

<tr bgcolor="#D4E4F3">

<td>Name</td>

<td>ODP Kelurahan Ngadirejo</td>

</tr>

<tr>

<td>layer</td>

<td>ODP</td>

</tr>

</table>

</td>

</tr>

</table>

</body>

</html>]]></description>
						<styleUrl>#IconStyle10010</styleUrl>
						<Point>
							<coordinates>110.7533137270612,-7.557943147225404,0</coordinates>
						</Point>
					</Placemark>
					<Placemark id="ID_10059">
						<name>ODP Ngasem</name>
						<Snippet maxLines="0"></Snippet>
						<description><![CDATA[<html xmlns:fo="http://www.w3.org/1999/XSL/Format" xmlns:msxsl="urn:schemas-microsoft-com:xslt">

<head>

<META http-equiv="Content-Type" content="text/html">

<meta http-equiv="content-type" content="text/html; charset=UTF-8">

</head>

<body style="margin:0px 0px 0px 0px;overflow:auto;background:#FFFFFF;">

<table style="font-family:Arial,Verdana,Times;font-size:12px;text-align:left;width:100%;border-collapse:collapse;padding:3px 3px 3px 3px">

<tr style="text-align:center;font-weight:bold;background:#9CBCE2">

<td>ODP Ngasem</td>

</tr>

<tr>

<td>

<table style="font-family:Arial,Verdana,Times;font-size:12px;text-align:left;width:100%;border-spacing:0px; padding:3px 3px 3px 3px">

<tr>

<td>FID</td>

<td>59</td>

</tr>

<tr bgcolor="#D4E4F3">

<td>Name</td>

<td>ODP Ngasem</td>

</tr>

<tr>

<td>layer</td>

<td>ODP</td>

</tr>

</table>

</td>

</tr>

</table>

</body>

</html>]]></description>
						<styleUrl>#IconStyle100100</styleUrl>
						<Point>
							<coordinates>110.71692341467,-7.54297203180233,0</coordinates>
						</Point>
					</Placemark>
					<Placemark id="ID_10057">
						<name>ODP Simpang Slamet Riyadi</name>
						<open>1</open>
						<Snippet maxLines="0"></Snippet>
						<description><![CDATA[<html xmlns:fo="http://www.w3.org/1999/XSL/Format" xmlns:msxsl="urn:schemas-microsoft-com:xslt">

<head>

<META http-equiv="Content-Type" content="text/html">

<meta http-equiv="content-type" content="text/html; charset=UTF-8">

</head>

<body style="margin:0px 0px 0px 0px;overflow:auto;background:#FFFFFF;">

<table style="font-family:Arial,Verdana,Times;font-size:12px;text-align:left;width:100%;border-collapse:collapse;padding:3px 3px 3px 3px">

<tr style="text-align:center;font-weight:bold;background:#9CBCE2">

<td>ODP Simpang Slamet Riyadi</td>

</tr>

<tr>

<td>

<table style="font-family:Arial,Verdana,Times;font-size:12px;text-align:left;width:100%;border-spacing:0px; padding:3px 3px 3px 3px">

<tr>

<td>FID</td>

<td>57</td>

</tr>

<tr bgcolor="#D4E4F3">

<td>Name</td>

<td>ODP Simpang Slamet Riyadi</td>

</tr>

<tr>

<td>layer</td>

<td>ODP</td>

</tr>

</table>

</td>

</tr>

</table>

</body>

</html>]]></description>
						<styleUrl>#IconStyle100100</styleUrl>
						<Point>
							<coordinates>110.7355966761257,-7.551294748738681,0</coordinates>
						</Point>
					</Placemark>
					<Placemark id="ID_10080">
						<name>ODP Sraten</name>
						<open>1</open>
						<Snippet maxLines="0"></Snippet>
						<description><![CDATA[<html xmlns:fo="http://www.w3.org/1999/XSL/Format" xmlns:msxsl="urn:schemas-microsoft-com:xslt">

<head>

<META http-equiv="Content-Type" content="text/html">

<meta http-equiv="content-type" content="text/html; charset=UTF-8">

</head>

<body style="margin:0px 0px 0px 0px;overflow:auto;background:#FFFFFF;">

<table style="font-family:Arial,Verdana,Times;font-size:12px;text-align:left;width:100%;border-collapse:collapse;padding:3px 3px 3px 3px">

<tr style="text-align:center;font-weight:bold;background:#9CBCE2">

<td>ODP Sraten</td>

</tr>

<tr>

<td>

<table style="font-family:Arial,Verdana,Times;font-size:12px;text-align:left;width:100%;border-spacing:0px; padding:3px 3px 3px 3px">

<tr>

<td>FID</td>

<td>80</td>

</tr>

<tr bgcolor="#D4E4F3">

<td>Name</td>

<td>ODP Sraten</td>

</tr>

<tr>

<td>layer</td>

<td>ODP</td>

</tr>

</table>

</td>

</tr>

</table>

</body>

</html>]]></description>
						<styleUrl>#IconStyle10010</styleUrl>
						<Point>
							<coordinates>110.717312395503,-7.574837744935314,0</coordinates>
						</Point>
					</Placemark>
					<Placemark id="ID_10058">
						<name>ODP Sanggung</name>
						<Snippet maxLines="0"></Snippet>
						<description><![CDATA[<html xmlns:fo="http://www.w3.org/1999/XSL/Format" xmlns:msxsl="urn:schemas-microsoft-com:xslt">

<head>

<META http-equiv="Content-Type" content="text/html">

<meta http-equiv="content-type" content="text/html; charset=UTF-8">

</head>

<body style="margin:0px 0px 0px 0px;overflow:auto;background:#FFFFFF;">

<table style="font-family:Arial,Verdana,Times;font-size:12px;text-align:left;width:100%;border-collapse:collapse;padding:3px 3px 3px 3px">

<tr style="text-align:center;font-weight:bold;background:#9CBCE2">

<td>ODP Sanggung</td>

</tr>

<tr>

<td>

<table style="font-family:Arial,Verdana,Times;font-size:12px;text-align:left;width:100%;border-spacing:0px; padding:3px 3px 3px 3px">

<tr>

<td>FID</td>

<td>58</td>

</tr>

<tr bgcolor="#D4E4F3">

<td>Name</td>

<td>ODP Sanggung</td>

</tr>

<tr>

<td>layer</td>

<td>ODP</td>

</tr>

</table>

</td>

</tr>

</table>

</body>

</html>]]></description>
						<styleUrl>#IconStyle10010</styleUrl>
						<Point>
							<coordinates>110.7042184608195,-7.591336704253657,0</coordinates>
						</Point>
					</Placemark>
					<Placemark id="ID_10052">
						<name>Closure Pom Sawit</name>
						<Snippet maxLines="0"></Snippet>
						<description><![CDATA[<html xmlns:fo="http://www.w3.org/1999/XSL/Format" xmlns:msxsl="urn:schemas-microsoft-com:xslt">

<head>

<META http-equiv="Content-Type" content="text/html">

<meta http-equiv="content-type" content="text/html; charset=UTF-8">

</head>

<body style="margin:0px 0px 0px 0px;overflow:auto;background:#FFFFFF;">

<table style="font-family:Arial,Verdana,Times;font-size:12px;text-align:left;width:100%;border-collapse:collapse;padding:3px 3px 3px 3px">

<tr style="text-align:center;font-weight:bold;background:#9CBCE2">

<td>Closure Pom Sawit</td>

</tr>

<tr>

<td>

<table style="font-family:Arial,Verdana,Times;font-size:12px;text-align:left;width:100%;border-spacing:0px; padding:3px 3px 3px 3px">

<tr>

<td>FID</td>

<td>52</td>

</tr>

<tr bgcolor="#D4E4F3">

<td>Name</td>

<td>Closure Pom Sawit</td>

</tr>

<tr>

<td>layer</td>

<td>Closure</td>

</tr>

</table>

</td>

</tr>

</table>

</body>

</html>]]></description>
						<styleUrl>#IconStyle100100</styleUrl>
						<Point>
							<coordinates>110.7191897775963,-7.571326409000354,0</coordinates>
						</Point>
					</Placemark>
				</Folder>
				<Folder>
					<name>ONT</name>
					<open>1</open>
					<Placemark id="ID_10047">
						<name>The Park PBB Samsat Online</name>
						<open>1</open>
						<Snippet maxLines="0"></Snippet>
						<description><![CDATA[<html xmlns:fo="http://www.w3.org/1999/XSL/Format" xmlns:msxsl="urn:schemas-microsoft-com:xslt">

<head>

<META http-equiv="Content-Type" content="text/html">

<meta http-equiv="content-type" content="text/html; charset=UTF-8">

</head>

<body style="margin:0px 0px 0px 0px;overflow:auto;background:#FFFFFF;">

<table style="font-family:Arial,Verdana,Times;font-size:12px;text-align:left;width:100%;border-collapse:collapse;padding:3px 3px 3px 3px">

<tr style="text-align:center;font-weight:bold;background:#9CBCE2">

<td>The Park PBB Samsat Online</td>

</tr>

<tr>

<td>

<table style="font-family:Arial,Verdana,Times;font-size:12px;text-align:left;width:100%;border-spacing:0px; padding:3px 3px 3px 3px">

<tr>

<td>FID</td>

<td>47</td>

</tr>

<tr bgcolor="#D4E4F3">

<td>Name</td>

<td>The Park PBB Samsat Online</td>

</tr>

<tr>

<td>layer</td>

<td>Umum</td>

</tr>

</table>

</td>

</tr>

</table>

</body>

</html>]]></description>
						<styleUrl>#IconStyle10010</styleUrl>
						<Point>
							<coordinates>110.8163107613064,-7.599202331196008,0</coordinates>
						</Point>
					</Placemark>
					<Placemark id="ID_10022">
						<name>Kantor Kelurahan Bulakrejo</name>
						<Snippet maxLines="0"></Snippet>
						<description><![CDATA[<html xmlns:fo="http://www.w3.org/1999/XSL/Format" xmlns:msxsl="urn:schemas-microsoft-com:xslt">

<head>

<META http-equiv="Content-Type" content="text/html">

<meta http-equiv="content-type" content="text/html; charset=UTF-8">

</head>

<body style="margin:0px 0px 0px 0px;overflow:auto;background:#FFFFFF;">

<table style="font-family:Arial,Verdana,Times;font-size:12px;text-align:left;width:100%;border-collapse:collapse;padding:3px 3px 3px 3px">

<tr style="text-align:center;font-weight:bold;background:#9CBCE2">

<td>Kantor Kelurahan Bulakrejo</td>

</tr>

<tr>

<td>

<table style="font-family:Arial,Verdana,Times;font-size:12px;text-align:left;width:100%;border-spacing:0px; padding:3px 3px 3px 3px">

<tr>

<td>FID</td>

<td>22</td>

</tr>

<tr bgcolor="#D4E4F3">

<td>Name</td>

<td>Kantor Kelurahan Bulakrejo</td>

</tr>

<tr>

<td>layer</td>

<td>Kelurahan</td>

</tr>

</table>

</td>

</tr>

</table>

</body>

</html>]]></description>
						<styleUrl>#IconStyle10010</styleUrl>
						<Point>
							<coordinates>110.8302459,-7.646440700000001,0</coordinates>
						</Point>
					</Placemark>
					<Placemark id="ID_10021">
						<name>Kantor Kelurahan Ngadirejo</name>
						<open>1</open>
						<Snippet maxLines="0"></Snippet>
						<description><![CDATA[<html xmlns:fo="http://www.w3.org/1999/XSL/Format" xmlns:msxsl="urn:schemas-microsoft-com:xslt">

<head>

<META http-equiv="Content-Type" content="text/html">

<meta http-equiv="content-type" content="text/html; charset=UTF-8">

</head>

<body style="margin:0px 0px 0px 0px;overflow:auto;background:#FFFFFF;">

<table style="font-family:Arial,Verdana,Times;font-size:12px;text-align:left;width:100%;border-collapse:collapse;padding:3px 3px 3px 3px">

<tr style="text-align:center;font-weight:bold;background:#9CBCE2">

<td>Kantor Kelurahan Ngadirejo</td>

</tr>

<tr>

<td>

<table style="font-family:Arial,Verdana,Times;font-size:12px;text-align:left;width:100%;border-spacing:0px; padding:3px 3px 3px 3px">

<tr>

<td>FID</td>

<td>21</td>

</tr>

<tr bgcolor="#D4E4F3">

<td>Name</td>

<td>Kantor Kelurahan Ngadirejo</td>

</tr>

<tr>

<td>layer</td>

<td>Kelurahan</td>

</tr>

</table>

</td>

</tr>

</table>

</body>

</html>]]></description>
						<styleUrl>#IconStyle10010</styleUrl>
						<Point>
							<coordinates>110.753207403927,-7.558473823277041,0</coordinates>
						</Point>
					</Placemark>
					<Placemark id="ID_10008">
						<name>CCTV Tikungan Utara SPBU Bulakrejo</name>
						<Snippet maxLines="0"></Snippet>
						<description><![CDATA[<html xmlns:fo="http://www.w3.org/1999/XSL/Format" xmlns:msxsl="urn:schemas-microsoft-com:xslt">

<head>

<META http-equiv="Content-Type" content="text/html">

<meta http-equiv="content-type" content="text/html; charset=UTF-8">

</head>

<body style="margin:0px 0px 0px 0px;overflow:auto;background:#FFFFFF;">

<table style="font-family:Arial,Verdana,Times;font-size:12px;text-align:left;width:100%;border-collapse:collapse;padding:3px 3px 3px 3px">

<tr style="text-align:center;font-weight:bold;background:#9CBCE2">

<td>CCTV Tikungan Utara SPBU Bulakrejo</td>

</tr>

<tr>

<td>

<table style="font-family:Arial,Verdana,Times;font-size:12px;text-align:left;width:100%;border-spacing:0px; padding:3px 3px 3px 3px">

<tr>

<td>FID</td>

<td>8</td>

</tr>

<tr bgcolor="#D4E4F3">

<td>Name</td>

<td>CCTV Tikungan Utara SPBU Bulakrejo</td>

</tr>

<tr>

<td>layer</td>

<td>CCTV</td>

</tr>

</table>

</td>

</tr>

</table>

</body>

</html>]]></description>
						<styleUrl>#IconStyle10010</styleUrl>
						<Point>
							<coordinates>110.827349,-7.633906,0</coordinates>
						</Point>
					</Placemark>
					<Placemark id="ID_10015">
						<name>CCTV Underpass Makam Haji</name>
						<open>1</open>
						<Snippet maxLines="0"></Snippet>
						<description><![CDATA[<html xmlns:fo="http://www.w3.org/1999/XSL/Format" xmlns:msxsl="urn:schemas-microsoft-com:xslt">

<head>

<META http-equiv="Content-Type" content="text/html">

<meta http-equiv="content-type" content="text/html; charset=UTF-8">

</head>

<body style="margin:0px 0px 0px 0px;overflow:auto;background:#FFFFFF;">

<table style="font-family:Arial,Verdana,Times;font-size:12px;text-align:left;width:100%;border-collapse:collapse;padding:3px 3px 3px 3px">

<tr style="text-align:center;font-weight:bold;background:#9CBCE2">

<td>CCTV Underpass Makam Haji</td>

</tr>

<tr>

<td>

<table style="font-family:Arial,Verdana,Times;font-size:12px;text-align:left;width:100%;border-spacing:0px; padding:3px 3px 3px 3px">

<tr>

<td>FID</td>

<td>15</td>

</tr>

<tr bgcolor="#D4E4F3">

<td>Name</td>

<td>CCTV Underpass Makam Haji</td>

</tr>

<tr>

<td>layer</td>

<td>CCTV</td>

</tr>

</table>

</td>

</tr>

</table>

</body>

</html>]]></description>
						<styleUrl>#IconStyle10010</styleUrl>
						<Point>
							<coordinates>110.7772037028312,-7.566713951365426,0</coordinates>
						</Point>
					</Placemark>
					<Placemark id="ID_10009">
						<name>CCTV Simpang 3 UMS</name>
						<open>1</open>
						<Snippet maxLines="0"></Snippet>
						<description><![CDATA[<html xmlns:fo="http://www.w3.org/1999/XSL/Format" xmlns:msxsl="urn:schemas-microsoft-com:xslt">

<head>

<META http-equiv="Content-Type" content="text/html">

<meta http-equiv="content-type" content="text/html; charset=UTF-8">

</head>

<body style="margin:0px 0px 0px 0px;overflow:auto;background:#FFFFFF;">

<table style="font-family:Arial,Verdana,Times;font-size:12px;text-align:left;width:100%;border-collapse:collapse;padding:3px 3px 3px 3px">

<tr style="text-align:center;font-weight:bold;background:#9CBCE2">

<td>CCTV Simpang 3 UMS</td>

</tr>

<tr>

<td>

<table style="font-family:Arial,Verdana,Times;font-size:12px;text-align:left;width:100%;border-spacing:0px; padding:3px 3px 3px 3px">

<tr>

<td>FID</td>

<td>9</td>

</tr>

<tr bgcolor="#D4E4F3">

<td>Name</td>

<td>CCTV Simpang 3 UMS</td>

</tr>

<tr>

<td>layer</td>

<td>CCTV</td>

</tr>

</table>

</td>

</tr>

</table>

</body>

</html>]]></description>
						<styleUrl>#IconStyle10010</styleUrl>
						<Point>
							<coordinates>110.7692363,-7.5595813,0</coordinates>
						</Point>
					</Placemark>
					<Placemark id="ID_10014">
						<name>CCTV Simpang Sanggung</name>
						<open>1</open>
						<Snippet maxLines="0"></Snippet>
						<description><![CDATA[<html xmlns:fo="http://www.w3.org/1999/XSL/Format" xmlns:msxsl="urn:schemas-microsoft-com:xslt">

<head>

<META http-equiv="Content-Type" content="text/html">

<meta http-equiv="content-type" content="text/html; charset=UTF-8">

</head>

<body style="margin:0px 0px 0px 0px;overflow:auto;background:#FFFFFF;">

<table style="font-family:Arial,Verdana,Times;font-size:12px;text-align:left;width:100%;border-collapse:collapse;padding:3px 3px 3px 3px">

<tr style="text-align:center;font-weight:bold;background:#9CBCE2">

<td>CCTV Simpang Sanggung</td>

</tr>

<tr>

<td>

<table style="font-family:Arial,Verdana,Times;font-size:12px;text-align:left;width:100%;border-spacing:0px; padding:3px 3px 3px 3px">

<tr>

<td>FID</td>

<td>14</td>

</tr>

<tr bgcolor="#D4E4F3">

<td>Name</td>

<td>CCTV Simpang Sanggung</td>

</tr>

<tr>

<td>layer</td>

<td>CCTV</td>

</tr>

</table>

</td>

</tr>

</table>

</body>

</html>]]></description>
						<styleUrl>#IconStyle10010</styleUrl>
						<Point>
							<coordinates>110.704271891505,-7.59142885975656,0</coordinates>
						</Point>
					</Placemark>
					<Placemark id="ID_10012">
						<name>CCTV Simpang Ngasem</name>
						<open>1</open>
						<Snippet maxLines="0"></Snippet>
						<description><![CDATA[<html xmlns:fo="http://www.w3.org/1999/XSL/Format" xmlns:msxsl="urn:schemas-microsoft-com:xslt">

<head>

<META http-equiv="Content-Type" content="text/html">

<meta http-equiv="content-type" content="text/html; charset=UTF-8">

</head>

<body style="margin:0px 0px 0px 0px;overflow:auto;background:#FFFFFF;">

<table style="font-family:Arial,Verdana,Times;font-size:12px;text-align:left;width:100%;border-collapse:collapse;padding:3px 3px 3px 3px">

<tr style="text-align:center;font-weight:bold;background:#9CBCE2">

<td>CCTV Simpang Ngasem</td>

</tr>

<tr>

<td>

<table style="font-family:Arial,Verdana,Times;font-size:12px;text-align:left;width:100%;border-spacing:0px; padding:3px 3px 3px 3px">

<tr>

<td>FID</td>

<td>12</td>

</tr>

<tr bgcolor="#D4E4F3">

<td>Name</td>

<td>CCTV Simpang Ngasem</td>

</tr>

<tr>

<td>layer</td>

<td>CCTV</td>

</tr>

</table>

</td>

</tr>

</table>

</body>

</html>]]></description>
						<styleUrl>#IconStyle10010</styleUrl>
						<Point>
							<coordinates>110.716811,-7.542960000000001,0</coordinates>
						</Point>
					</Placemark>
					<Placemark id="ID_10010">
						<name>CCTV Gentan Baki</name>
						<Snippet maxLines="0"></Snippet>
						<description><![CDATA[<html xmlns:fo="http://www.w3.org/1999/XSL/Format" xmlns:msxsl="urn:schemas-microsoft-com:xslt">

<head>

<META http-equiv="Content-Type" content="text/html">

<meta http-equiv="content-type" content="text/html; charset=UTF-8">

</head>

<body style="margin:0px 0px 0px 0px;overflow:auto;background:#FFFFFF;">

<table style="font-family:Arial,Verdana,Times;font-size:12px;text-align:left;width:100%;border-collapse:collapse;padding:3px 3px 3px 3px">

<tr style="text-align:center;font-weight:bold;background:#9CBCE2">

<td>CCTV Gentan Baki</td>

</tr>

<tr>

<td>

<table style="font-family:Arial,Verdana,Times;font-size:12px;text-align:left;width:100%;border-spacing:0px; padding:3px 3px 3px 3px">

<tr>

<td>FID</td>

<td>10</td>

</tr>

<tr bgcolor="#D4E4F3">

<td>Name</td>

<td>CCTV Gentan Baki</td>

</tr>

<tr>

<td>layer</td>

<td>CCTV</td>

</tr>

</table>

</td>

</tr>

</table>

</body>

</html>]]></description>
						<styleUrl>#IconStyle1001</styleUrl>
						<Point>
							<coordinates>110.7828826707633,-7.57829937107397,0</coordinates>
						</Point>
					</Placemark>
					<Placemark id="ID_10006">
						<name>CCTV Puskesmas Grogol</name>
						<Snippet maxLines="0"></Snippet>
						<description><![CDATA[<html xmlns:fo="http://www.w3.org/1999/XSL/Format" xmlns:msxsl="urn:schemas-microsoft-com:xslt">

<head>

<META http-equiv="Content-Type" content="text/html">

<meta http-equiv="content-type" content="text/html; charset=UTF-8">

</head>

<body style="margin:0px 0px 0px 0px;overflow:auto;background:#FFFFFF;">

<table style="font-family:Arial,Verdana,Times;font-size:12px;text-align:left;width:100%;border-collapse:collapse;padding:3px 3px 3px 3px">

<tr style="text-align:center;font-weight:bold;background:#9CBCE2">

<td>CCTV Puskesmas Grogol</td>

</tr>

<tr>

<td>

<table style="font-family:Arial,Verdana,Times;font-size:12px;text-align:left;width:100%;border-spacing:0px; padding:3px 3px 3px 3px">

<tr>

<td>FID</td>

<td>6</td>

</tr>

<tr bgcolor="#D4E4F3">

<td>Name</td>

<td>CCTV Puskesmas Grogol</td>

</tr>

<tr>

<td>layer</td>

<td>CCTV</td>

</tr>

</table>

</td>

</tr>

</table>

</body>

</html>]]></description>
						<styleUrl>#IconStyle10010</styleUrl>
						<Point>
							<coordinates>110.819492,-7.600137,0</coordinates>
						</Point>
					</Placemark>
					<Placemark id="ID_10007">
						<name>CCTV Telukan</name>
						<open>1</open>
						<Snippet maxLines="0"></Snippet>
						<description><![CDATA[<html xmlns:fo="http://www.w3.org/1999/XSL/Format" xmlns:msxsl="urn:schemas-microsoft-com:xslt">

<head>

<META http-equiv="Content-Type" content="text/html">

<meta http-equiv="content-type" content="text/html; charset=UTF-8">

</head>

<body style="margin:0px 0px 0px 0px;overflow:auto;background:#FFFFFF;">

<table style="font-family:Arial,Verdana,Times;font-size:12px;text-align:left;width:100%;border-collapse:collapse;padding:3px 3px 3px 3px">

<tr style="text-align:center;font-weight:bold;background:#9CBCE2">

<td>CCTV Telukan</td>

</tr>

<tr>

<td>

<table style="font-family:Arial,Verdana,Times;font-size:12px;text-align:left;width:100%;border-spacing:0px; padding:3px 3px 3px 3px">

<tr>

<td>FID</td>

<td>7</td>

</tr>

<tr bgcolor="#D4E4F3">

<td>Name</td>

<td>CCTV Telukan</td>

</tr>

<tr>

<td>layer</td>

<td>CCTV</td>

</tr>

</table>

</td>

</tr>

</table>

</body>

</html>]]></description>
						<styleUrl>#IconStyle10010</styleUrl>
						<Point>
							<coordinates>110.821721,-7.621901,0</coordinates>
						</Point>
					</Placemark>
					<Placemark id="ID_10011">
						<name>CCTV Patung Jamu</name>
						<open>1</open>
						<Snippet maxLines="0"></Snippet>
						<description><![CDATA[<html xmlns:fo="http://www.w3.org/1999/XSL/Format" xmlns:msxsl="urn:schemas-microsoft-com:xslt">

<head>

<META http-equiv="Content-Type" content="text/html">

<meta http-equiv="content-type" content="text/html; charset=UTF-8">

</head>

<body style="margin:0px 0px 0px 0px;overflow:auto;background:#FFFFFF;">

<table style="font-family:Arial,Verdana,Times;font-size:12px;text-align:left;width:100%;border-collapse:collapse;padding:3px 3px 3px 3px">

<tr style="text-align:center;font-weight:bold;background:#9CBCE2">

<td>CCTV Patung Jamu</td>

</tr>

<tr>

<td>

<table style="font-family:Arial,Verdana,Times;font-size:12px;text-align:left;width:100%;border-spacing:0px; padding:3px 3px 3px 3px">

<tr>

<td>FID</td>

<td>11</td>

</tr>

<tr bgcolor="#D4E4F3">

<td>Name</td>

<td>CCTV Patung Jamu</td>

</tr>

<tr>

<td>layer</td>

<td>CCTV</td>

</tr>

</table>

</td>

</tr>

</table>

</body>

</html>]]></description>
						<styleUrl>#IconStyle10010</styleUrl>
						<Point>
							<coordinates>110.830585,-7.645907999999999,0</coordinates>
						</Point>
					</Placemark>
					<Placemark id="ID_10082">
						<name>Pasar Glondongan</name>
						<open>1</open>
						<Snippet maxLines="0"></Snippet>
						<description><![CDATA[<html xmlns:fo="http://www.w3.org/1999/XSL/Format" xmlns:msxsl="urn:schemas-microsoft-com:xslt">

<head>

<META http-equiv="Content-Type" content="text/html">

<meta http-equiv="content-type" content="text/html; charset=UTF-8">

</head>

<body style="margin:0px 0px 0px 0px;overflow:auto;background:#FFFFFF;">

<table style="font-family:Arial,Verdana,Times;font-size:12px;text-align:left;width:100%;border-collapse:collapse;padding:3px 3px 3px 3px">

<tr style="text-align:center;font-weight:bold;background:#9CBCE2">

<td>Pasar Glondongan</td>

</tr>

<tr>

<td>

<table style="font-family:Arial,Verdana,Times;font-size:12px;text-align:left;width:100%;border-spacing:0px; padding:3px 3px 3px 3px">

<tr>

<td>FID</td>

<td>82</td>

</tr>

<tr bgcolor="#D4E4F3">

<td>Name</td>

<td>Pasar Glondongan</td>

</tr>

<tr>

<td>layer</td>

<td>Pasar</td>

</tr>

</table>

</td>

</tr>

</table>

</body>

</html>]]></description>
						<styleUrl>#IconStyle10010</styleUrl>
						<Point>
							<coordinates>110.8936066231343,-7.625590103004416,0</coordinates>
						</Point>
					</Placemark>
					<Placemark id="ID_10027">
						<name>Pasar Mojolaban</name>
						<open>1</open>
						<Snippet maxLines="0"></Snippet>
						<description><![CDATA[<html xmlns:fo="http://www.w3.org/1999/XSL/Format" xmlns:msxsl="urn:schemas-microsoft-com:xslt">

<head>

<META http-equiv="Content-Type" content="text/html">

<meta http-equiv="content-type" content="text/html; charset=UTF-8">

</head>

<body style="margin:0px 0px 0px 0px;overflow:auto;background:#FFFFFF;">

<table style="font-family:Arial,Verdana,Times;font-size:12px;text-align:left;width:100%;border-collapse:collapse;padding:3px 3px 3px 3px">

<tr style="text-align:center;font-weight:bold;background:#9CBCE2">

<td>Pasar Mojolaban</td>

</tr>

<tr>

<td>

<table style="font-family:Arial,Verdana,Times;font-size:12px;text-align:left;width:100%;border-spacing:0px; padding:3px 3px 3px 3px">

<tr>

<td>FID</td>

<td>27</td>

</tr>

<tr bgcolor="#D4E4F3">

<td>Name</td>

<td>Pasar Mojolaban</td>

</tr>

<tr>

<td>layer</td>

<td>Pasar</td>

</tr>

</table>

</td>

</tr>

</table>

</body>

</html>]]></description>
						<styleUrl>#IconStyle10010</styleUrl>
						<Point>
							<coordinates>110.8739376,-7.609096,0</coordinates>
						</Point>
					</Placemark>
					<Placemark id="ID_10029">
						<name>Pasar Kartasura</name>
						<Snippet maxLines="0"></Snippet>
						<description><![CDATA[<html xmlns:fo="http://www.w3.org/1999/XSL/Format" xmlns:msxsl="urn:schemas-microsoft-com:xslt">

<head>

<META http-equiv="Content-Type" content="text/html">

<meta http-equiv="content-type" content="text/html; charset=UTF-8">

</head>

<body style="margin:0px 0px 0px 0px;overflow:auto;background:#FFFFFF;">

<table style="font-family:Arial,Verdana,Times;font-size:12px;text-align:left;width:100%;border-collapse:collapse;padding:3px 3px 3px 3px">

<tr style="text-align:center;font-weight:bold;background:#9CBCE2">

<td>Pasar Kartasura</td>

</tr>

<tr>

<td>

<table style="font-family:Arial,Verdana,Times;font-size:12px;text-align:left;width:100%;border-spacing:0px; padding:3px 3px 3px 3px">

<tr>

<td>FID</td>

<td>29</td>

</tr>

<tr bgcolor="#D4E4F3">

<td>Name</td>

<td>Pasar Kartasura</td>

</tr>

<tr>

<td>layer</td>

<td>Pasar</td>

</tr>

</table>

</td>

</tr>

</table>

</body>

</html>]]></description>
						<styleUrl>#IconStyle100100</styleUrl>
						<Point>
							<coordinates>110.7404621,-7.5517465,0</coordinates>
						</Point>
					</Placemark>
					<Placemark id="ID_10078">
						<name>Pasar Gawok</name>
						<open>1</open>
						<Snippet maxLines="0"></Snippet>
						<description><![CDATA[<html xmlns:fo="http://www.w3.org/1999/XSL/Format" xmlns:msxsl="urn:schemas-microsoft-com:xslt">

<head>

<META http-equiv="Content-Type" content="text/html">

<meta http-equiv="content-type" content="text/html; charset=UTF-8">

</head>

<body style="margin:0px 0px 0px 0px;overflow:auto;background:#FFFFFF;">

<table style="font-family:Arial,Verdana,Times;font-size:12px;text-align:left;width:100%;border-collapse:collapse;padding:3px 3px 3px 3px">

<tr style="text-align:center;font-weight:bold;background:#9CBCE2">

<td>Pasar Gawok</td>

</tr>

<tr>

<td>

<table style="font-family:Arial,Verdana,Times;font-size:12px;text-align:left;width:100%;border-spacing:0px; padding:3px 3px 3px 3px">

<tr>

<td>FID</td>

<td>78</td>

</tr>

<tr bgcolor="#D4E4F3">

<td>Name</td>

<td>Pasar Gawok</td>

</tr>

<tr>

<td>layer</td>

<td>Pasar</td>

</tr>

</table>

</td>

</tr>

</table>

</body>

</html>]]></description>
						<styleUrl>#IconStyle10010</styleUrl>
						<Point>
							<coordinates>110.7515211816927,-7.603000118646555,0</coordinates>
						</Point>
					</Placemark>
					<Placemark id="ID_10079">
						<name>Pasar Sraten</name>
						<Snippet maxLines="0"></Snippet>
						<description><![CDATA[<html xmlns:fo="http://www.w3.org/1999/XSL/Format" xmlns:msxsl="urn:schemas-microsoft-com:xslt">

<head>

<META http-equiv="Content-Type" content="text/html">

<meta http-equiv="content-type" content="text/html; charset=UTF-8">

</head>

<body style="margin:0px 0px 0px 0px;overflow:auto;background:#FFFFFF;">

<table style="font-family:Arial,Verdana,Times;font-size:12px;text-align:left;width:100%;border-collapse:collapse;padding:3px 3px 3px 3px">

<tr style="text-align:center;font-weight:bold;background:#9CBCE2">

<td>Pasar Sraten</td>

</tr>

<tr>

<td>

<table style="font-family:Arial,Verdana,Times;font-size:12px;text-align:left;width:100%;border-spacing:0px; padding:3px 3px 3px 3px">

<tr>

<td>FID</td>

<td>79</td>

</tr>

<tr bgcolor="#D4E4F3">

<td>Name</td>

<td>Pasar Sraten</td>

</tr>

<tr>

<td>layer</td>

<td>Pasar</td>

</tr>

</table>

</td>

</tr>

</table>

</body>

</html>]]></description>
						<styleUrl>#IconStyle10010</styleUrl>
						<Point>
							<coordinates>110.7177026592672,-7.574842831779377,0</coordinates>
						</Point>
					</Placemark>
					<Placemark id="ID_10028">
						<name>Pasar Grogol</name>
						<open>1</open>
						<Snippet maxLines="0"></Snippet>
						<description><![CDATA[<html xmlns:fo="http://www.w3.org/1999/XSL/Format" xmlns:msxsl="urn:schemas-microsoft-com:xslt">

<head>

<META http-equiv="Content-Type" content="text/html">

<meta http-equiv="content-type" content="text/html; charset=UTF-8">

</head>

<body style="margin:0px 0px 0px 0px;overflow:auto;background:#FFFFFF;">

<table style="font-family:Arial,Verdana,Times;font-size:12px;text-align:left;width:100%;border-collapse:collapse;padding:3px 3px 3px 3px">

<tr style="text-align:center;font-weight:bold;background:#9CBCE2">

<td>Pasar Grogol</td>

</tr>

<tr>

<td>

<table style="font-family:Arial,Verdana,Times;font-size:12px;text-align:left;width:100%;border-spacing:0px; padding:3px 3px 3px 3px">

<tr>

<td>FID</td>

<td>28</td>

</tr>

<tr bgcolor="#D4E4F3">

<td>Name</td>

<td>Pasar Grogol</td>

</tr>

<tr>

<td>layer</td>

<td>Pasar</td>

</tr>

</table>

</td>

</tr>

</table>

</body>

</html>]]></description>
						<styleUrl>#IconStyle10010</styleUrl>
						<Point>
							<coordinates>110.8190169,-7.6063748,0</coordinates>
						</Point>
					</Placemark>
					<Placemark id="ID_10026">
						<name>Pasar Telukan</name>
						<open>1</open>
						<Snippet maxLines="0"></Snippet>
						<description><![CDATA[<html xmlns:fo="http://www.w3.org/1999/XSL/Format" xmlns:msxsl="urn:schemas-microsoft-com:xslt">

<head>

<META http-equiv="Content-Type" content="text/html">

<meta http-equiv="content-type" content="text/html; charset=UTF-8">

</head>

<body style="margin:0px 0px 0px 0px;overflow:auto;background:#FFFFFF;">

<table style="font-family:Arial,Verdana,Times;font-size:12px;text-align:left;width:100%;border-collapse:collapse;padding:3px 3px 3px 3px">

<tr style="text-align:center;font-weight:bold;background:#9CBCE2">

<td>Pasar Telukan</td>

</tr>

<tr>

<td>

<table style="font-family:Arial,Verdana,Times;font-size:12px;text-align:left;width:100%;border-spacing:0px; padding:3px 3px 3px 3px">

<tr>

<td>FID</td>

<td>26</td>

</tr>

<tr bgcolor="#D4E4F3">

<td>Name</td>

<td>Pasar Telukan</td>

</tr>

<tr>

<td>layer</td>

<td>Pasar</td>

</tr>

</table>

</td>

</tr>

</table>

</body>

</html>]]></description>
						<styleUrl>#IconStyle10010</styleUrl>
						<Point>
							<coordinates>110.8206885,-7.618969399999999,0</coordinates>
						</Point>
					</Placemark>
					<Placemark id="ID_10039">
						<name>Puskesmas Grogol</name>
						<open>1</open>
						<Snippet maxLines="0"></Snippet>
						<description><![CDATA[<html xmlns:fo="http://www.w3.org/1999/XSL/Format" xmlns:msxsl="urn:schemas-microsoft-com:xslt">

<head>

<META http-equiv="Content-Type" content="text/html">

<meta http-equiv="content-type" content="text/html; charset=UTF-8">

</head>

<body style="margin:0px 0px 0px 0px;overflow:auto;background:#FFFFFF;">

<table style="font-family:Arial,Verdana,Times;font-size:12px;text-align:left;width:100%;border-collapse:collapse;padding:3px 3px 3px 3px">

<tr style="text-align:center;font-weight:bold;background:#9CBCE2">

<td>Puskesmas Grogol</td>

</tr>

<tr>

<td>

<table style="font-family:Arial,Verdana,Times;font-size:12px;text-align:left;width:100%;border-spacing:0px; padding:3px 3px 3px 3px">

<tr>

<td>FID</td>

<td>39</td>

</tr>

<tr bgcolor="#D4E4F3">

<td>Name</td>

<td>Puskesmas Grogol</td>

</tr>

<tr>

<td>layer</td>

<td>Puskesmas</td>

</tr>

</table>

</td>

</tr>

</table>

</body>

</html>]]></description>
						<styleUrl>#IconStyle10010</styleUrl>
						<Point>
							<coordinates>110.8192331,-7.6003022,0</coordinates>
						</Point>
					</Placemark>
					<Placemark id="ID_10042">
						<name>Puskesmas Kartasura</name>
						<open>1</open>
						<Snippet maxLines="0"></Snippet>
						<description><![CDATA[<html xmlns:fo="http://www.w3.org/1999/XSL/Format" xmlns:msxsl="urn:schemas-microsoft-com:xslt">

<head>

<META http-equiv="Content-Type" content="text/html">

<meta http-equiv="content-type" content="text/html; charset=UTF-8">

</head>

<body style="margin:0px 0px 0px 0px;overflow:auto;background:#FFFFFF;">

<table style="font-family:Arial,Verdana,Times;font-size:12px;text-align:left;width:100%;border-collapse:collapse;padding:3px 3px 3px 3px">

<tr style="text-align:center;font-weight:bold;background:#9CBCE2">

<td>Puskesmas Kartasura</td>

</tr>

<tr>

<td>

<table style="font-family:Arial,Verdana,Times;font-size:12px;text-align:left;width:100%;border-spacing:0px; padding:3px 3px 3px 3px">

<tr>

<td>FID</td>

<td>42</td>

</tr>

<tr bgcolor="#D4E4F3">

<td>Name</td>

<td>Puskesmas Kartasura</td>

</tr>

<tr>

<td>layer</td>

<td>Puskesmas</td>

</tr>

</table>

</td>

</tr>

</table>

</body>

</html>]]></description>
						<styleUrl>#IconStyle10010</styleUrl>
						<Point>
							<coordinates>110.7323481808475,-7.553555821670321,0</coordinates>
						</Point>
					</Placemark>
					<Placemark id="ID_10041">
						<name>Puskesmas Gatak</name>
						<open>1</open>
						<Snippet maxLines="0"></Snippet>
						<description><![CDATA[<html xmlns:fo="http://www.w3.org/1999/XSL/Format" xmlns:msxsl="urn:schemas-microsoft-com:xslt">

<head>

<META http-equiv="Content-Type" content="text/html">

<meta http-equiv="content-type" content="text/html; charset=UTF-8">

</head>

<body style="margin:0px 0px 0px 0px;overflow:auto;background:#FFFFFF;">

<table style="font-family:Arial,Verdana,Times;font-size:12px;text-align:left;width:100%;border-collapse:collapse;padding:3px 3px 3px 3px">

<tr style="text-align:center;font-weight:bold;background:#9CBCE2">

<td>Puskesmas Gatak</td>

</tr>

<tr>

<td>

<table style="font-family:Arial,Verdana,Times;font-size:12px;text-align:left;width:100%;border-spacing:0px; padding:3px 3px 3px 3px">

<tr>

<td>FID</td>

<td>41</td>

</tr>

<tr bgcolor="#D4E4F3">

<td>Name</td>

<td>Puskesmas Gatak</td>

</tr>

<tr>

<td>layer</td>

<td>Puskesmas</td>

</tr>

</table>

</td>

</tr>

</table>

</body>

</html>]]></description>
						<styleUrl>#IconStyle10010</styleUrl>
						<Point>
							<coordinates>110.7400886,-7.5962547,0</coordinates>
						</Point>
					</Placemark>
					<Placemark id="ID_10040">
						<name>Puskesmas Baki</name>
						<open>1</open>
						<Snippet maxLines="0"></Snippet>
						<description><![CDATA[<html xmlns:fo="http://www.w3.org/1999/XSL/Format" xmlns:msxsl="urn:schemas-microsoft-com:xslt">

<head>

<META http-equiv="Content-Type" content="text/html">

<meta http-equiv="content-type" content="text/html; charset=UTF-8">

</head>

<body style="margin:0px 0px 0px 0px;overflow:auto;background:#FFFFFF;">

<table style="font-family:Arial,Verdana,Times;font-size:12px;text-align:left;width:100%;border-collapse:collapse;padding:3px 3px 3px 3px">

<tr style="text-align:center;font-weight:bold;background:#9CBCE2">

<td>Puskesmas Baki</td>

</tr>

<tr>

<td>

<table style="font-family:Arial,Verdana,Times;font-size:12px;text-align:left;width:100%;border-spacing:0px; padding:3px 3px 3px 3px">

<tr>

<td>FID</td>

<td>40</td>

</tr>

<tr bgcolor="#D4E4F3">

<td>Name</td>

<td>Puskesmas Baki</td>

</tr>

<tr>

<td>layer</td>

<td>Puskesmas</td>

</tr>

</table>

</td>

</tr>

</table>

</body>

</html>]]></description>
						<styleUrl>#IconStyle10010</styleUrl>
						<Point>
							<coordinates>110.7860193012539,-7.60694518830771,0</coordinates>
						</Point>
					</Placemark>
					<Placemark id="ID_10037">
						<name>Puskesmas Mojolaban</name>
						<open>1</open>
						<Snippet maxLines="0"></Snippet>
						<description><![CDATA[<html xmlns:fo="http://www.w3.org/1999/XSL/Format" xmlns:msxsl="urn:schemas-microsoft-com:xslt">

<head>

<META http-equiv="Content-Type" content="text/html">

<meta http-equiv="content-type" content="text/html; charset=UTF-8">

</head>

<body style="margin:0px 0px 0px 0px;overflow:auto;background:#FFFFFF;">

<table style="font-family:Arial,Verdana,Times;font-size:12px;text-align:left;width:100%;border-collapse:collapse;padding:3px 3px 3px 3px">

<tr style="text-align:center;font-weight:bold;background:#9CBCE2">

<td>Puskesmas Mojolaban</td>

</tr>

<tr>

<td>

<table style="font-family:Arial,Verdana,Times;font-size:12px;text-align:left;width:100%;border-spacing:0px; padding:3px 3px 3px 3px">

<tr>

<td>FID</td>

<td>37</td>

</tr>

<tr bgcolor="#D4E4F3">

<td>Name</td>

<td>Puskesmas Mojolaban</td>

</tr>

<tr>

<td>layer</td>

<td>Puskesmas</td>

</tr>

</table>

</td>

</tr>

</table>

</body>

</html>]]></description>
						<styleUrl>#IconStyle10010</styleUrl>
						<Point>
							<coordinates>110.8710375,-7.6023507,0</coordinates>
						</Point>
					</Placemark>
					<Placemark id="ID_10038">
						<name>Puskesmas Polokarto</name>
						<open>1</open>
						<Snippet maxLines="0"></Snippet>
						<description><![CDATA[<html xmlns:fo="http://www.w3.org/1999/XSL/Format" xmlns:msxsl="urn:schemas-microsoft-com:xslt">

<head>

<META http-equiv="Content-Type" content="text/html">

<meta http-equiv="content-type" content="text/html; charset=UTF-8">

</head>

<body style="margin:0px 0px 0px 0px;overflow:auto;background:#FFFFFF;">

<table style="font-family:Arial,Verdana,Times;font-size:12px;text-align:left;width:100%;border-collapse:collapse;padding:3px 3px 3px 3px">

<tr style="text-align:center;font-weight:bold;background:#9CBCE2">

<td>Puskesmas Polokarto</td>

</tr>

<tr>

<td>

<table style="font-family:Arial,Verdana,Times;font-size:12px;text-align:left;width:100%;border-spacing:0px; padding:3px 3px 3px 3px">

<tr>

<td>FID</td>

<td>38</td>

</tr>

<tr bgcolor="#D4E4F3">

<td>Name</td>

<td>Puskesmas Polokarto</td>

</tr>

<tr>

<td>layer</td>

<td>Puskesmas</td>

</tr>

</table>

</td>

</tr>

</table>

</body>

</html>]]></description>
						<styleUrl>#IconStyle10010</styleUrl>
						<Point>
							<coordinates>110.8958971,-7.627680599999999,0</coordinates>
						</Point>
					</Placemark>
				</Folder>
			</Folder>
		</Folder>
	</Folder>
</Document>
</kml>
